datetime,open,high,low,close,volume,symbol
2021-09-07 04:00:00+00:00,151.1532324117816,153.38682526635796,150.5875154931645,152.83087158203125,82278300.0,AAPL
2021-09-08 04:00:00+00:00,153.11374935418493,153.17226923823645,150.18763608775444,151.28981018066406,74420200.0,AAPL
2021-09-09 04:00:00+00:00,151.6604770125975,152.2652024090621,150.15839699282031,150.27545166015625,57305700.0,AAPL
2021-09-10 04:00:00+00:00,151.18251158621138,151.65068551937273,145.03767104191758,145.301025390625,140893200.0,AAPL
2021-09-13 04:00:00+00:00,146.92017826380882,147.69071501388157,145.08647552487224,145.8667755126953,102404300.0,AAPL
2021-09-14 04:00:00+00:00,146.64705797915482,147.34932639599026,143.2917788504928,144.4719696044922,109296300.0,AAPL
2021-09-15 04:00:00+00:00,144.9011172737186,145.7594485393446,142.76505234502355,145.3595428466797,83281300.0,AAPL
2021-09-16 04:00:00+00:00,144.7840715894616,145.30101702156867,143.5941177955223,145.1254425048828,68034100.0,AAPL
2021-09-17 04:00:00+00:00,145.15472586644688,145.15472586644688,142.17007797103764,142.4626922607422,129868800.0,AAPL
2021-09-20 04:00:00+00:00,140.25836010441694,141.272739448902,137.79067253613061,139.41954040527344,123478900.0,AAPL
2021-09-21 04:00:00+00:00,140.38516176883357,141.03867353306788,139.2634909051742,139.89747619628906,75834000.0,AAPL
2021-09-22 04:00:00+00:00,140.89236024826914,142.82359096635926,140.16083188261564,142.2578887939453,76404300.0,AAPL
2021-09-23 04:00:00+00:00,143.0382010544173,143.45761846975984,142.05308135891542,143.21377563476562,64838200.0,AAPL
2021-09-24 04:00:00+00:00,142.0725363720286,143.8379554130243,141.97499332368358,143.30149841308594,53477900.0,AAPL
2021-09-27 04:00:00+00:00,141.8872464401241,142.36518367517027,140.2778899497781,141.78970336914062,74150700.0,AAPL
2021-09-28 04:00:00+00:00,139.72194150586213,141.1849984849811,138.20036462885602,138.41494750976562,108972300.0,AAPL
2021-09-29 04:00:00+00:00,138.961106448078,140.89233684538155,138.53194083023718,139.31224060058594,74602000.0,AAPL
2021-09-30 04:00:00+00:00,140.12181985738948,140.82408826037346,137.80043180958225,138.0150146484375,89056700.0,AAPL
2021-10-01 04:00:00+00:00,138.40517505038864,139.40005789714257,135.68389579904266,139.13670349121094,94639600.0,AAPL
2021-10-04 04:00:00+00:00,138.26861784072736,138.70754679310303,134.8645818313905,135.71315002441406,98322000.0,AAPL
2021-10-05 04:00:00+00:00,136.0545317412187,138.73680249578317,135.92772872481194,137.63462829589844,80861100.0,AAPL
2021-10-06 04:00:00+00:00,136.035013031244,138.64900052233625,134.96209883237336,138.50270080566406,83221100.0,AAPL
2021-10-07 04:00:00+00:00,139.5366245646865,140.66805891569803,139.20500187376496,139.76095581054688,61732700.0,AAPL
2021-10-08 04:00:00+00:00,140.48271316225515,140.62901288949595,139.04891630336158,139.3805389404297,58773200.0,AAPL
2021-10-11 04:00:00+00:00,138.76604603984862,141.24348200456123,138.31736879996546,139.29273986816406,64452200.0,AAPL
2021-10-12 04:00:00+00:00,139.7024045703548,139.72191616043952,137.56633938704366,138.02476501464844,73035900.0,AAPL
2021-10-13 04:00:00+00:00,137.7614495143466,137.91749761325408,135.77168370267864,137.4395751953125,78762700.0,AAPL
2021-10-14 04:00:00+00:00,138.61001888548796,140.3364302891857,138.0247901402729,140.21937561035156,69907100.0,AAPL
2021-10-15 04:00:00+00:00,140.22909633879294,141.33125547588753,139.97549034735292,141.27273559570312,67940300.0,AAPL
2021-10-18 04:00:00+00:00,139.91697189226727,143.22347910319027,139.63412084083484,142.9406280517578,85589200.0,AAPL
2021-10-19 04:00:00+00:00,143.38930715549284,145.49611240776287,142.94064476173952,145.09620666503906,76378900.0,AAPL
2021-10-20 04:00:00+00:00,145.03767215675973,146.06181473584434,144.4719551618084,145.58387756347656,58418800.0,AAPL
2021-10-21 04:00:00+00:00,145.14501066086328,145.9545706809791,144.228159195118,145.7985076904297,61421000.0,AAPL
2021-10-22 04:00:00+00:00,146.0033099939033,146.481232332848,144.97916730862042,145.02793884277344,58883400.0,AAPL
2021-10-25 04:00:00+00:00,145.0181953145529,145.69120388157359,143.98430413512364,144.97918701171875,50720600.0,AAPL
2021-10-26 04:00:00+00:00,145.6521586308098,147.12496353769075,145.34003275537546,145.6424102783203,60893400.0,AAPL
2021-10-27 04:00:00+00:00,145.68142436893194,146.04230690415662,144.83285629616836,145.18399047851562,56094900.0,AAPL
2021-10-28 04:00:00+00:00,146.13012235133445,149.39760698679012,146.0325792767904,148.81239318847656,100077900.0,AAPL
2021-10-29 04:00:00+00:00,143.59415144162946,146.24716233667445,142.8041031388741,146.11061096191406,124953200.0,AAPL
2021-11-01 04:00:00+00:00,145.3205654883688,146.01307072992742,144.1598713388164,145.2913055419922,74588300.0,AAPL
2021-11-02 04:00:00+00:00,144.99868985144568,147.8370236875447,144.98892661408803,146.3251953125,69122000.0,AAPL
2021-11-03 04:00:00+00:00,146.68605801297326,148.22714612515688,146.1301042293714,147.75897216796875,54511500.0,AAPL
2021-11-04 04:00:00+00:00,147.84677558220335,148.6758322133497,146.92992422765454,147.24205017089844,60394600.0,AAPL
2021-11-05 04:00:00+00:00,148.36528481316986,148.6680886597494,146.5777494654572,147.76943969726562,65463900.0,AAPL
2021-11-08 05:00:00+00:00,147.89649723038997,148.0527879681065,146.67550378830177,146.94900512695312,55020900.0,AAPL
2021-11-09 05:00:00+00:00,146.71454897260128,147.91600218212633,146.57779832196186,147.31039428710938,56787900.0,AAPL
2021-11-10 05:00:00+00:00,146.53871644786318,146.64616444006643,144.41907415140022,144.48744201660156,65187100.0,AAPL
2021-11-11 05:00:00+00:00,145.5033467129879,145.96242651484354,144.25303577054234,144.43862915039062,41000000.0,AAPL
2021-11-12 05:00:00+00:00,144.9856178095641,146.90990439693277,144.05766590459464,146.50942993164062,63804000.0,AAPL
2021-11-15 05:00:00+00:00,146.88058950641502,148.35555879375588,145.96240025846288,146.51918029785156,59222800.0,AAPL
2021-11-16 05:00:00+00:00,146.4605718791386,147.97460635745318,145.87448920859703,147.4959716796875,59256200.0,AAPL
2021-11-17 05:00:00+00:00,147.4960285297294,151.40320809343083,147.48626594651472,149.92825317382812,88807000.0,AAPL
2021-11-18 05:00:00+00:00,150.1431040324191,154.98799688592075,149.4984160214015,154.20655822753906,137827700.0,AAPL
2021-11-19 05:00:00+00:00,153.9916581394781,157.28346597858675,152.89765298958213,156.82437133789062,117305600.0,AAPL
2021-11-22 05:00:00+00:00,157.92813559947206,161.85485386154411,157.26392246010866,157.28346252441406,117467900.0,AAPL
2021-11-23 05:00:00+00:00,157.38111945184002,158.04534743857107,155.36892523842945,157.66439819335938,96041900.0,AAPL
2021-11-24 05:00:00+00:00,157.01972573471906,158.37746957878764,155.93548317544833,158.18211364746094,69463600.0,AAPL
2021-11-26 05:00:00+00:00,155.86712045424656,156.72668956141257,152.73160325073675,153.17115783691406,76959800.0,AAPL
2021-11-29 05:00:00+00:00,155.6717241177042,157.44949714116228,155.10518155763626,156.52154541015625,88748200.0,AAPL
2021-11-30 05:00:00+00:00,156.27737994661885,161.67905311784355,156.20899716750552,161.4641571044922,174048100.0,AAPL
2021-12-01 05:00:00+00:00,163.59359305485575,166.34816161455686,160.71205130315363,160.9464874267578,152052500.0,AAPL
2021-12-02 05:00:00+00:00,155.0563862894109,160.38967666927002,154.13819694441963,159.9598846435547,136739200.0,AAPL
2021-12-03 05:00:00+00:00,160.21386222018816,161.13205157338396,156.01364225594332,158.08444213867188,118023100.0,AAPL
2021-12-06 05:00:00+00:00,160.47759138079394,163.98429560873123,160.4678287996897,161.48370361328125,107497000.0,AAPL
2021-12-07 05:00:00+00:00,165.15642772326544,167.59841414884357,164.43359437560147,167.2076873779297,120405400.0,AAPL
2021-12-08 05:00:00+00:00,168.1356556285786,171.87678065417452,166.73883163036436,171.01719665527344,116998900.0,AAPL
2021-12-09 05:00:00+00:00,170.85114615502485,172.64844463234323,169.8841141404718,170.50926208496094,108923700.0,AAPL
2021-12-10 05:00:00+00:00,171.14419733842757,175.46162790674452,170.63625994665398,175.28579711914062,115402700.0,AAPL
2021-12-13 05:00:00+00:00,176.91704079075095,177.9036129181879,171.45676231906222,171.66189575195312,153237000.0,AAPL
2021-12-14 05:00:00+00:00,171.1833022083099,173.61552681793418,168.2138523400571,170.28465270996094,139380400.0,AAPL
2021-12-15 05:00:00+00:00,171.04649539113694,175.33462289814014,168.31146765189683,175.13926696777344,131063300.0,AAPL
2021-12-16 05:00:00+00:00,175.11973661793166,176.9365751900634,166.78767978084602,168.26263427734375,150185800.0,AAPL
2021-12-17 05:00:00+00:00,165.98675747423715,169.44461991835422,165.7523362269804,167.16868591308594,195432700.0,AAPL
2021-12-20 05:00:00+00:00,164.374993320752,166.62162387110183,163.57402950297322,165.81088256835938,107499100.0,AAPL
2021-12-21 05:00:00+00:00,167.57888393978646,169.1808265329912,165.1955026634982,168.9757080078125,91185900.0,AAPL
2021-12-22 05:00:00+00:00,169.02455200604697,171.7791202742142,168.15520530032774,171.56422424316406,92135300.0,AAPL
2021-12-23 05:00:00+00:00,171.76933180091095,172.74612637491737,171.20278915942293,172.18934631347656,68356600.0,AAPL
2021-12-27 05:00:00+00:00,172.9805656257053,176.2332936859138,172.96104046356876,176.1453857421875,74919600.0,AAPL
2021-12-28 05:00:00+00:00,175.9793227997058,177.12217071968058,174.38714279522745,175.12950134277344,79144300.0,AAPL
2021-12-29 05:00:00+00:00,175.16856451921535,176.43840038673264,174.0061766459811,175.2174072265625,62348900.0,AAPL
2021-12-30 05:00:00+00:00,175.30535282655248,176.379833000267,173.95737131856603,174.0648193359375,59773000.0,AAPL
2021-12-31 05:00:00+00:00,173.9573701608435,175.07091555859822,173.14662874511,173.44944763183594,64062300.0,AAPL
2022-01-03 05:00:00+00:00,173.70339765267045,178.6362137085352,173.58618706197944,177.78639221191406,104487900.0,AAPL
2022-01-04 05:00:00+00:00,178.3920304132724,178.69483440178558,174.9634712930882,175.53001403808594,99310400.0,AAPL
2022-01-05 05:00:00+00:00,175.4420853705736,175.9890879826122,170.587414831676,170.8609161376953,94537600.0,AAPL
2022-01-06 05:00:00+00:00,168.69245085589924,171.23212317548703,167.65705080251047,168.00869750976562,96904000.0,AAPL
2022-01-07 05:00:00+00:00,168.8780523594411,170.09904585932276,167.06121343542898,168.1747589111328,86709100.0,AAPL
2022-01-10 05:00:00+00:00,165.1564429133354,168.4970788622131,164.2675561955421,168.19427490234375,106765600.0,AAPL
2022-01-11 05:00:00+00:00,168.3212489833143,171.1148671703379,166.85605711502512,171.01719665527344,76138300.0,AAPL
2022-01-12 05:00:00+00:00,172.03309245435602,173.06849253983535,170.76327115991117,171.456787109375,74805200.0,AAPL
2022-01-13 05:00:00+00:00,171.70096415486904,172.52146809219963,167.80354809549323,168.19427490234375,84505800.0,AAPL
2022-01-14 05:00:00+00:00,167.36398288031089,169.7473640846977,167.1197842307582,169.05384826660156,80440800.0,AAPL
2022-01-18 05:00:00+00:00,167.53002095796475,168.5361181103695,165.478761430844,165.85971069335938,90956700.0,AAPL
2022-01-19 05:00:00+00:00,166.05509393247632,167.1100339648471,162.08930995625335,162.37257385253906,94815000.0,AAPL
2022-01-20 05:00:00+00:00,163.1051891966637,165.74253213798244,160.37016081486053,160.6925048828125,91420500.0,AAPL
2022-01-21 05:00:00+00:00,160.60457194151562,162.470253269675,158.5337720868401,158.64122009277344,122848900.0,AAPL
2022-01-24 05:00:00+00:00,156.30669005524535,158.53378075020058,151.11013516388041,157.8695526123047,162294600.0,AAPL
2022-01-25 05:00:00+00:00,155.29081165334586,158.98309429431202,153.37630245676536,156.07225036621094,115798400.0,AAPL
2022-01-26 05:00:00+00:00,159.70591419723806,160.575260779249,154.15772812433738,155.9843292236328,108275300.0,AAPL
2022-01-27 05:00:00+00:00,158.68026486629398,160.0380086364196,154.60703355591713,155.5252227783203,121954600.0,AAPL
2022-01-28 05:00:00+00:00,161.86466955096992,166.3969967339565,159.02219316405643,166.37745666503906,179935700.0,AAPL
2022-01-31 05:00:00+00:00,166.2113655240236,170.9390476064095,165.57644011866424,170.72415161132812,115541600.0,AAPL
2022-02-01 05:00:00+00:00,169.97202274767105,170.78276405312576,168.31147491088436,170.55810546875,86213900.0,AAPL
2022-02-02 05:00:00+00:00,170.69484950775998,171.79863213102016,169.30780301992357,171.75955200195312,84914300.0,AAPL
2022-02-03 05:00:00+00:00,170.43110878285196,172.15027672857178,168.12587305039293,168.8877716064453,89418100.0,AAPL
2022-02-04 05:00:00+00:00,167.90977257243412,170.27664070855118,166.93173331488632,168.60418701171875,82465400.0,AAPL
2022-02-07 05:00:00+00:00,169.0638570704662,170.1299162190593,167.19579861278513,167.8902130126953,77251200.0,AAPL
2022-02-08 05:00:00+00:00,167.95865801143464,171.49916986063508,167.66524328351184,170.99058532714844,74829200.0,AAPL
2022-02-09 05:00:00+00:00,172.18379236064646,172.77060688626915,171.05903840340724,172.4087371826172,71285000.0,AAPL
2022-02-10 05:00:00+00:00,170.31576195955012,171.62633103104866,167.78264377127414,168.34011840820312,90865900.0,AAPL
2022-02-11 05:00:00+00:00,168.545490327705,169.27901969811438,164.34969397169522,164.9365234375,98670700.0,AAPL
2022-02-14 05:00:00+00:00,163.69441590726865,165.8558891027738,162.9022065441299,165.1712646484375,86185500.0,AAPL
2022-02-15 05:00:00+00:00,167.21532291468824,169.1518358853044,166.51113366652052,168.99534606933594,62527400.0,AAPL
2022-02-16 05:00:00+00:00,168.0760262456703,169.53329496166765,166.31555287107355,168.76065063476562,61177400.0,AAPL
2022-02-17 05:00:00+00:00,167.27404295611913,168.1347222265384,164.7702649952927,165.1712646484375,69589300.0,AAPL
2022-02-18 05:00:00+00:00,166.09060878011084,166.7947832093295,162.54032203615824,163.62594604492188,82772700.0,AAPL
2022-02-22 05:00:00+00:00,161.35690506054718,163.02935867994262,158.58905229899906,160.71141052246094,91162800.0,AAPL
2022-02-23 05:00:00+00:00,161.90460945584556,162.50121399005073,156.24176881453315,156.55474853515625,90009200.0,AAPL
2022-02-24 05:00:00+00:00,149.22922517438823,159.27369208830245,148.66196063900136,159.16610717773438,141147500.0,AAPL
2022-02-25 05:00:00+00:00,160.24192254485857,161.4938113988268,157.3371452242796,161.22975158691406,91974200.0,AAPL
2022-02-28 05:00:00+00:00,159.479061922758,161.78723492110947,158.86289248069977,161.4938201904297,95056600.0,AAPL
2022-03-01 05:00:00+00:00,161.08302534266187,162.94130845487337,158.4129829679633,159.615966796875,83474400.0,AAPL
2022-03-02 05:00:00+00:00,160.7798480922219,163.6846254319098,159.37146939131958,162.90219116210938,79724800.0,AAPL
2022-03-03 05:00:00+00:00,164.7702811660162,165.20062084345977,161.9144082164394,162.5794677734375,76678400.0,AAPL
2022-03-04 05:00:00+00:00,160.87767357199544,161.91439273743828,158.54016047816125,159.58665466308594,83737200.0,AAPL
2022-03-07 05:00:00+00:00,159.7724722055909,161.3960207362876,155.54733601828758,155.8016357421875,96418800.0,AAPL
2022-03-08 05:00:00+00:00,155.3321355066094,159.30297080345315,152.37845403546578,153.98243713378906,131148300.0,AAPL
2022-03-09 05:00:00+00:00,157.9337867292243,159.82141039524444,155.90925307773495,159.3715057373047,91454900.0,AAPL
2022-03-10 05:00:00+00:00,156.68185579600046,156.86768560681452,152.55452973284972,155.03875732421875,105342000.0,AAPL
2022-03-11 05:00:00+00:00,155.4397623739769,155.78208206231224,151.10705589580672,151.33200073242188,96970100.0,AAPL
2022-03-14 04:00:00+00:00,148.12404550887342,150.7354085874783,146.80370143921206,147.31227111816406,108732100.0,AAPL
2022-03-15 04:00:00+00:00,147.58612546449382,152.15358216127328,147.07755576988814,151.68411254882812,92964300.0,AAPL
2022-03-16 04:00:00+00:00,153.60103819497576,156.48625045296393,151.06792059745445,156.0852508544922,102300200.0,AAPL
2022-03-17 04:00:00+00:00,155.12678288189394,157.4642957434988,154.16830873861088,157.09263610839844,75615400.0,AAPL
2022-03-18 04:00:00+00:00,156.98503345512586,160.86784945274542,156.25150421008976,160.3788299560547,123511700.0,AAPL
2022-03-21 04:00:00+00:00,159.91914959524135,162.69679166385907,159.43013010111937,161.7480926513672,95811400.0,AAPL
2022-03-22 04:00:00+00:00,161.8752422072329,165.69937857870127,161.2884277154457,165.11256408691406,81532000.0,AAPL
2022-03-23 04:00:00+00:00,164.3008129085659,168.8486892835288,163.9682682338466,166.47206115722656,98062700.0,AAPL
2022-03-24 04:00:00+00:00,167.30339150441574,170.31575418142768,166.47206709718986,170.24729919433594,90131400.0,AAPL
2022-03-25 04:00:00+00:00,170.061446329407,171.43069512284325,168.95625735233114,170.88299560546875,80546200.0,AAPL
2022-03-28 04:00:00+00:00,168.38900077447545,171.87081780430975,168.22273590773543,171.74368286132812,90371900.0,AAPL
2022-03-29 04:00:00+00:00,172.80972386459516,175.0787667230212,172.467404224187,175.02987670898438,100589400.0,AAPL
2022-03-30 04:00:00+00:00,174.628881866762,175.66560091058673,172.8195035873902,173.8660125732422,92633200.0,AAPL
2022-03-31 04:00:00+00:00,173.93448350287292,174.1203133341303,170.5700263491638,170.77542114257812,103049300.0,AAPL
2022-04-01 04:00:00+00:00,170.20819057523445,171.0395300102291,168.16409187112328,170.48204040527344,78751300.0,AAPL
2022-04-04 04:00:00+00:00,170.73632454310336,174.57023673592576,170.60917466091976,174.52133178710938,76468400.0,AAPL
2022-04-05 04:00:00+00:00,173.60194829792937,174.38438259894033,170.58958593943765,171.2155303955078,73401800.0,AAPL
2022-04-06 04:00:00+00:00,168.57483234577828,169.81694627331598,166.3938091700385,168.0564727783203,89058800.0,AAPL
2022-04-07 04:00:00+00:00,167.4011755212215,169.55285855113002,166.11994669119974,168.35964965820312,77594700.0,AAPL
2022-04-08 04:00:00+00:00,168.0075484323814,168.0075484323814,165.48420586824818,166.3546600341797,76575500.0,AAPL
2022-04-11 04:00:00+00:00,165.00497220353915,165.31793693449984,161.8654603339608,162.10997009277344,72246700.0,AAPL
2022-04-12 04:00:00+00:00,164.33013728303388,166.13950070260202,162.9804385205217,163.97804260253906,79265200.0,AAPL
2022-04-13 04:00:00+00:00,163.7139749230824,167.28381189911025,163.10759541750994,166.65786743164062,70618900.0,AAPL
2022-04-14 04:00:00+00:00,166.8730302686766,167.5087646523774,161.41557017548345,161.6600799560547,75329400.0,AAPL
2022-04-18 04:00:00+00:00,160.32020734893686,162.94136054907463,159.97790253302927,161.44496154785156,69023900.0,AAPL
2022-04-19 04:00:00+00:00,161.39598662683204,164.13449858536075,160.31036282956023,163.7237091064453,67723800.0,AAPL
2022-04-20 04:00:00+00:00,165.05387853639598,165.17125338034182,162.45230578739907,163.55747985839844,67929800.0,AAPL
2022-04-21 04:00:00+00:00,165.2005659371102,167.7630232618858,162.2664490283051,162.76524353027344,87227800.0,AAPL
2022-04-22 04:00:00+00:00,162.80440987833427,164.18343379206294,157.95332893712188,158.23695373535156,84882400.0,AAPL
2022-04-25 04:00:00+00:00,157.58165071304833,159.58663379803306,154.9800781201004,159.30300903320312,96046400.0,AAPL
2022-04-26 04:00:00+00:00,158.68684707978605,158.77486701882205,153.2782919448604,153.35653686523438,95623200.0,AAPL
2022-04-27 04:00:00+00:00,152.48606720314393,156.28084845296394,151.96770771639416,153.13157653808594,88063200.0,AAPL
2022-04-28 04:00:00+00:00,155.7527344180899,160.9070049099631,155.43975472715812,160.04632568359375,130216800.0,AAPL
2022-04-29 04:00:00+00:00,158.28585264208988,162.55010393809633,153.79665651995063,154.1878662109375,131747600.0,AAPL
2022-05-02 04:00:00+00:00,153.2685246478865,154.7551334388098,149.9040675207667,154.49107360839844,123055300.0,AAPL
2022-05-03 04:00:00+00:00,154.67689768841237,157.18069064394373,152.88709903691972,155.97769165039062,88966500.0,AAPL
2022-05-04 04:00:00+00:00,156.163485086847,162.82392827829534,155.7624855158091,162.37403869628906,108256500.0,AAPL
2022-05-05 04:00:00+00:00,160.25172879543595,160.47667363266967,151.5471709663278,153.32720947265625,130525300.0,AAPL
2022-05-06 04:00:00+00:00,152.80804796848787,156.16765847712838,151.01560506464577,154.05198669433594,116124600.0,AAPL
2022-05-09 04:00:00+00:00,151.7502553954864,152.6317930294346,148.3808694909006,148.9391632080078,131577900.0,AAPL
2022-05-10 04:00:00+00:00,152.328132388233,153.52309446613708,149.79127784510368,151.33885192871094,115366700.0,AAPL
2022-05-11 04:00:00+00:00,150.34960463592216,152.2595803376125,142.81742986905113,143.49327087402344,142689800.0,AAPL
2022-05-12 04:00:00+00:00,139.8398213340432,143.19941752795359,135.95129962230052,139.63412475585938,182602000.0,AAPL
2022-05-13 04:00:00+00:00,141.62247481337442,145.06044619602298,140.1728540722722,144.09075927734375,113990900.0,AAPL
2022-05-16 04:00:00+00:00,142.56276758428663,144.4923369438145,141.22087499257742,142.55296325683594,86643800.0,AAPL
2022-05-17 04:00:00+00:00,145.80482673464496,146.69615365751025,143.66956086149628,146.17703247070312,78336300.0,AAPL
2022-05-18 04:00:00+00:00,143.83608013972986,144.33560760113403,137.0287088681347,137.92984008789062,109742900.0,AAPL
2022-05-19 04:00:00+00:00,137.00912503429328,138.7525913397019,133.7964445425997,134.5310516357422,136095600.0,AAPL
2022-05-20 04:00:00+00:00,136.23534285932448,137.81230015984903,129.8883411847853,134.76612854003906,137426100.0,AAPL
2022-05-23 04:00:00+00:00,134.96198648449013,140.31972120246527,134.8248604473741,140.1728057861328,117726300.0,AAPL
2022-05-24 04:00:00+00:00,137.92000924521287,139.0562049598391,134.51143704695141,137.479248046875,104132700.0,AAPL
2022-05-25 04:00:00+00:00,135.5888849437953,138.87992561613757,135.50073567160547,137.63600158691406,92482700.0,AAPL
2022-05-26 04:00:00+00:00,134.57023400738558,141.37759058232152,134.3253649583187,140.82908630371094,90601500.0,AAPL
2022-05-27 04:00:00+00:00,142.4060433122878,146.6079896103765,142.27870662441157,146.56881713867188,90978500.0,AAPL
2022-05-31 04:00:00+00:00,146.01047698140155,147.5678400476632,143.8262350025348,145.78518676757812,103718400.0,AAPL
2022-06-01 04:00:00+00:00,146.82346195823692,148.62570934761555,144.649023812494,145.65789794921875,74286600.0,AAPL
2022-06-02 04:00:00+00:00,144.79596367082308,148.16536407915592,143.8458705924634,148.10659790039062,72348100.0,AAPL
2022-06-03 04:00:00+00:00,143.88507940085435,144.93312633891753,141.49516950231933,142.3962860107422,88570300.0,AAPL
2022-06-06 04:00:00+00:00,144.01237341190438,145.52077501341512,141.92608448379778,143.14064025878906,71598400.0,AAPL
2022-06-07 04:00:00+00:00,141.3873815394989,145.94193944320352,141.1425125135875,145.65789794921875,67808200.0,AAPL
2022-06-08 04:00:00+00:00,145.53057980516448,146.7940975636926,144.43357121198528,144.92330932617188,53950200.0,AAPL
2022-06-09 04:00:00+00:00,144.0613709060868,144.91351047437155,139.60475090946733,139.71249389648438,69473000.0,AAPL
2022-06-10 04:00:00+00:00,137.40091085996173,137.87105521943323,134.24699651333503,134.31556701660156,91437900.0,AAPL
2022-06-13 04:00:00+00:00,130.1429810735186,132.4251621177248,128.74233746263164,129.17330932617188,122207100.0,AAPL
2022-06-14 04:00:00+00:00,130.39764883857168,131.14204524198857,128.7815044194442,130.0352325439453,84784300.0,AAPL
2022-06-15 04:00:00+00:00,131.53383428431485,134.5212392737676,129.44756042743367,132.6504364013672,91533000.0,AAPL
2022-06-16 04:00:00+00:00,129.36920136755154,129.67283655853572,126.39158573948599,127.39065551757812,108123900.0,AAPL
2022-06-17 04:00:00+00:00,127.4004988291183,130.34871732723784,127.14582540730095,128.8599090576172,134520300.0,AAPL
2022-06-21 04:00:00+00:00,130.68172228241795,134.24701531100777,130.58378362269173,133.08143615722656,81000500.0,AAPL
2022-06-22 04:00:00+00:00,132.02356340545535,134.93260831981635,131.1616346888571,132.57208251953125,73409200.0,AAPL
2022-06-23 04:00:00+00:00,134.0119221215175,135.74558399228505,132.84634321517927,135.43215942382812,72433800.0,AAPL
2022-06-24 04:00:00+00:00,137.0287064173905,138.99746302987265,136.90138468183136,138.75259399414062,89116800.0,AAPL
2022-06-27 04:00:00+00:00,139.7712426067131,140.5450371291734,138.0767530642211,138.75259399414062,70207900.0,AAPL
2022-06-28 04:00:00+00:00,139.21294709984699,140.47646473111445,134.50166930718802,134.61920166015625,67083400.0,AAPL
2022-06-29 04:00:00+00:00,134.63880492913648,137.7829151592785,133.8650103621575,136.37246704101562,66242400.0,AAPL
2022-06-30 04:00:00+00:00,134.43309207438057,135.5301005021527,131.02451949836083,133.91397094726562,98964500.0,AAPL
2022-07-01 04:00:00+00:00,133.2478979449589,136.18632571299105,132.87570725736074,136.07858276367188,71051600.0,AAPL
2022-07-05 04:00:00+00:00,134.94245447298385,138.70363989022064,134.11968301964518,138.6546630859375,73353800.0,AAPL
2022-07-06 04:00:00+00:00,138.44898530382812,141.16212397864905,138.1845225098008,139.98675537109375,74064300.0,AAPL
2022-07-07 04:00:00+00:00,140.34911940865916,143.54222096010838,140.33933002838788,143.34632873535156,66253700.0,AAPL
2022-07-08 04:00:00+00:00,142.2787196887486,144.52172874952925,142.0240612352335,144.02218627929688,64547800.0,AAPL
2022-07-11 04:00:00+00:00,142.68029721118097,143.63039032716094,140.8290877786715,141.89671325683594,63141600.0,AAPL
2022-07-12 04:00:00+00:00,142.76844044820817,145.40323372369386,142.07302074051665,142.86639404296875,77588800.0,AAPL
2022-07-13 04:00:00+00:00,140.05530730128564,143.44428658574307,139.20315284375937,142.50399780273438,71185600.0,AAPL
2022-07-14 04:00:00+00:00,141.1229362743088,145.89298070687983,140.30996921418316,145.42283630371094,78140700.0,AAPL
2022-07-15 04:00:00+00:00,146.7059412883577,147.76377735798872,145.1583671279135,147.0879364013672,76259900.0,AAPL
2022-07-18 04:00:00+00:00,147.64625063740658,148.4592176926782,143.68915834296686,144.05157470703125,81420900.0,AAPL
2022-07-19 04:00:00+00:00,144.88410592104603,148.1261694879342,143.8948404199678,147.90089416503906,82982400.0,AAPL
2022-07-20 04:00:00+00:00,148.01839486109847,150.56503820748694,147.28378792798063,149.89898681640625,64823400.0,AAPL
2022-07-21 04:00:00+00:00,151.3290452388946,152.3770917552224,148.82158901652633,152.16160583496094,65086600.0,AAPL
2022-07-22 04:00:00+00:00,152.20079694797485,153.07253011561605,150.2614383736218,150.92747497558594,66675400.0,AAPL
2022-07-25 04:00:00+00:00,150.84910958984113,151.85796878260385,149.15462011252404,149.8108673095703,53623900.0,AAPL
2022-07-26 04:00:00+00:00,149.13505995960023,149.94802710334568,147.70503289373295,148.48861694335938,55138700.0,AAPL
2022-07-27 04:00:00+00:00,149.44849566558014,154.1010080911438,149.03711741300498,153.57208251953125,78620700.0,AAPL
2022-07-28 04:00:00+00:00,153.75814339733685,154.4046011657363,151.24089776552904,154.1205596923828,81378700.0,AAPL
2022-07-29 04:00:00+00:00,157.93072824104914,160.2716754702952,156.22643448443253,159.17465209960938,101786900.0,AAPL
2022-08-01 04:00:00+00:00,157.7054523459462,160.2325026515257,157.58791998844677,158.1951904296875,67829400.0,AAPL
2022-08-02 04:00:00+00:00,156.81413161603723,159.07671904499605,156.35377664743476,156.72596740722656,59907000.0,AAPL
2022-08-03 04:00:00+00:00,157.53896009762985,163.17094866506537,157.45081082004532,162.72039794921875,82507500.0,AAPL
2022-08-04 04:00:00+00:00,162.60278305311977,163.7585723461433,161.05520939213793,162.40689086914062,55474100.0,AAPL
2022-08-05 04:00:00+00:00,160.0823608155598,162.67176904705062,159.87637852795464,162.1813507080078,56697000.0,AAPL
2022-08-08 04:00:00+00:00,163.18178041324063,164.59418751238474,161.0533667864172,161.7105255126953,60276900.0,AAPL
2022-08-09 04:00:00+00:00,160.8768658503071,162.6423751902944,160.12161727807143,161.75961303710938,63135500.0,AAPL
2022-08-10 04:00:00+00:00,164.46664771263355,166.094839801273,163.70159648377916,165.99676513671875,70170500.0,AAPL
2022-08-11 04:00:00+00:00,166.80107516257124,167.713261012407,164.9669154508603,165.26116943359375,57149200.0,AAPL
2022-08-12 04:00:00+00:00,166.5656804191666,168.87063747457046,166.1537158722437,168.80198669433594,68039400.0,AAPL
2022-08-15 04:00:00+00:00,168.2330984181666,170.0672580774187,168.06635799154176,169.87109375,54091700.0,AAPL
2022-08-16 04:00:00+00:00,169.46896318920653,170.38114909928223,168.3704308785935,169.71417236328125,56377100.0,AAPL
2022-08-17 04:00:00+00:00,169.45917459589717,172.77439273368478,169.26301023326062,171.20506286621094,79542000.0,AAPL
2022-08-18 04:00:00+00:00,170.42036968678258,171.54832585930868,169.80243780169835,170.8126983642578,62290100.0,AAPL
2022-08-19 04:00:00+00:00,169.71416649279175,170.41056710828244,168.02712623620275,168.2331085205078,70346300.0,AAPL
2022-08-22 04:00:00+00:00,166.43819485878106,166.6049353146799,163.93705808753546,164.35882568359375,69026800.0,AAPL
2022-08-23 04:00:00+00:00,163.87821006023856,165.47697879172844,163.45644246473458,164.02532958984375,54147100.0,AAPL
2022-08-24 04:00:00+00:00,164.11359750144874,164.88845187937156,163.06409508904346,164.31956481933594,53841500.0,AAPL
2022-08-25 04:00:00+00:00,165.54563671843377,166.8795753877456,165.12388407113372,166.7716827392578,51218200.0,AAPL
2022-08-26 04:00:00+00:00,167.3013082441995,167.7721056277997,160.42563400937078,160.48448181152344,78961000.0,AAPL
2022-08-29 04:00:00+00:00,158.06182659509352,159.7782908024648,156.7573269679059,158.2874298095703,73314000.0,AAPL
2022-08-30 04:00:00+00:00,159.02304111055471,159.44479366035216,154.69754815714236,155.86474609375,77906200.0,AAPL
2022-08-31 04:00:00+00:00,157.23791969354875,157.50274977749038,154.12866933419335,154.20713806152344,87991100.0,AAPL
2022-09-01 04:00:00+00:00,153.63828680423725,155.38417523650494,151.7060369719439,154.93299865722656,74229900.0,AAPL
2022-09-02 04:00:00+00:00,156.6886409081276,157.2869518100939,152.0002433352291,152.8241424560547,76957800.0,AAPL
2022-09-06 04:00:00+00:00,153.47153612406976,154.07965015411935,150.74481100262022,151.56871032714844,73714800.0,AAPL
2022-09-07 04:00:00+00:00,151.85314497915547,153.6676838931478,150.66632598771957,152.97129821777344,87449600.0,AAPL
2022-09-08 04:00:00+00:00,151.6765739248584,153.36361410419434,149.75412756943635,151.50003051757812,84923800.0,AAPL
2022-09-09 04:00:00+00:00,152.49069467763707,154.79566708651402,151.7844910019974,154.35427856445312,68028800.0,AAPL
2022-09-12 04:00:00+00:00,156.53168728327037,161.11219176205415,156.24725129466944,160.298095703125,104956000.0,AAPL
2022-09-13 04:00:00+00:00,156.8357744463717,157.46350930410847,150.43091231518306,150.89190673828125,122656600.0,AAPL
2022-09-14 04:00:00+00:00,151.82371618505977,154.08946168271527,150.66633598686377,152.33375549316406,87965400.0,AAPL
2022-09-15 04:00:00+00:00,151.68636408491093,152.26506901475514,148.47903939265456,149.45005798339844,90481100.0,AAPL
2022-09-16 04:00:00+00:00,148.31227837796118,148.44959487507353,145.52669163223447,147.81204223632812,162278800.0,AAPL
2022-09-19 04:00:00+00:00,146.44871449211215,151.59810678770754,146.2427471814607,151.51963806152344,81474200.0,AAPL
2022-09-20 04:00:00+00:00,150.46032156880005,155.05064442927653,150.1464616536784,153.89324951171875,107689800.0,AAPL
2022-09-21 04:00:00+00:00,154.32485530993193,155.6980357811973,150.65653533272163,150.77423095703125,101696800.0,AAPL
2022-09-22 04:00:00+00:00,149.4599017279835,151.50984684718208,148.0180705759549,149.81300354003906,86652500.0,AAPL
2022-09-23 04:00:00+00:00,148.2926559268732,148.56728891825972,145.71305143666189,147.54721069335938,96029900.0,AAPL
2022-09-26 04:00:00+00:00,146.79199294144382,150.82323152103234,146.77237202102398,147.88072204589844,93339400.0,AAPL
2022-09-27 04:00:00+00:00,149.81296081817345,151.75501274747782,147.0764188135219,148.8517303466797,84442700.0,AAPL
2022-09-28 04:00:00+00:00,144.81071412247172,147.75322390412563,142.06436866631904,146.9685516357422,146691400.0,AAPL
2022-09-29 04:00:00+00:00,143.30025780798485,143.9083718149734,137.98410935439225,139.74961853027344,128138200.0,AAPL
2022-09-30 04:00:00+00:00,138.5726303244555,140.35776059275875,135.35548662233668,135.55165100097656,124925300.0,AAPL
2022-10-03 04:00:00+00:00,135.56144631438175,140.32831325471835,135.05140704196927,139.72018432617188,114311700.0,AAPL
2022-10-04 04:00:00+00:00,142.25072959734777,143.41792753527417,141.4954812316815,143.30023193359375,87830100.0,AAPL
2022-10-05 04:00:00+00:00,141.3091461524557,144.55571313373582,140.26944671107276,143.594482421875,79471000.0,AAPL
2022-10-06 04:00:00+00:00,143.0157585240758,144.7126013699718,142.4370686180154,142.64303588867188,68402200.0,AAPL
2022-10-07 04:00:00+00:00,139.80842665549343,140.35770766147775,136.77764549427565,137.40538024902344,85925600.0,AAPL
2022-10-10 04:00:00+00:00,137.72909545898438,139.1709266873786,135.91455644051044,137.72909545898438,74899000.0,AAPL
2022-10-11 04:00:00+00:00,137.21903351996755,138.64125855443186,135.57123522583825,136.31666564941406,77033700.0,AAPL
2022-10-12 04:00:00+00:00,136.4638036366148,137.67022848780448,135.51239091855444,135.68893432617188,70433700.0,AAPL
2022-10-13 04:00:00+00:00,132.40312487373902,140.83830981626429,131.79499606499104,140.24981689453125,113224000.0,AAPL
2022-10-14 04:00:00+00:00,141.54453406151188,141.75051634248345,135.5418185741853,135.72817993164062,88598000.0,AAPL
2022-10-17 04:00:00+00:00,138.3666062011952,140.16152374746147,137.58193404215913,139.68092346191406,85250900.0,AAPL
2022-10-18 04:00:00+00:00,142.70191550699425,143.8887193551449,137.91542833833753,140.99525451660156,99136600.0,AAPL
2022-10-19 04:00:00+00:00,138.97473585531196,142.17225768233465,138.78837451258266,141.1031494140625,61758300.0,AAPL
2022-10-20 04:00:00+00:00,140.2792461483292,143.09424222902763,139.9163264513743,140.64215087890625,64522000.0,AAPL
2022-10-21 04:00:00+00:00,140.13215438788754,145.01673262152644,139.91636908601356,144.44784545898438,86548600.0,AAPL
2022-10-24 04:00:00+00:00,144.36937374781388,147.35111109163424,143.20217553886908,146.5860595703125,75981900.0,AAPL
2022-10-25 04:00:00+00:00,147.21377179556336,149.56778877679034,146.4977652190575,149.420654296875,74732300.0,AAPL
2022-10-26 04:00:00+00:00,148.06710843299678,149.07736899312695,145.20305222207165,146.4879608154297,88194300.0,AAPL
2022-10-27 04:00:00+00:00,145.23250204640354,146.1937178528811,141.36800292889203,142.02516174316406,109180200.0,AAPL
2022-10-28 04:00:00+00:00,145.36002058759684,154.48180643716302,144.98731275555542,152.7555389404297,164762400.0,AAPL
2022-10-31 04:00:00+00:00,150.22497632532892,151.28428192484714,149.0087332370563,150.40151977539062,97943200.0,AAPL
2022-11-01 04:00:00+00:00,152.10816072803473,152.47106552613408,146.27218522217615,147.76304626464844,80379300.0,AAPL
2022-11-02 04:00:00+00:00,146.09559446780847,149.25388921211223,142.22129326523782,142.25071716308594,93604600.0,AAPL
2022-11-03 04:00:00+00:00,139.33763513663766,140.06345955714755,136.09106861510674,136.2185821533203,97918500.0,AAPL
2022-11-04 04:00:00+00:00,139.59825507529519,140.16808578570755,132.02346880241154,135.9533233642578,140814800.0,AAPL
2022-11-07 05:00:00+00:00,134.7055842324109,136.70980337190065,133.29083425573356,136.4838409423828,83374600.0,AAPL
2022-11-08 05:00:00+00:00,137.94774130575934,138.9498435557623,135.0789489012502,137.05369567871094,89908500.0,AAPL
2022-11-09 05:00:00+00:00,136.07124673599705,136.12037292800636,132.22980938548775,132.50489807128906,74917800.0,AAPL
2022-11-10 05:00:00+00:00,138.7632027049217,144.29446411132812,137.05371017047622,144.29446411132812,118854000.0,AAPL
2022-11-11 05:00:00+00:00,143.26286485614494,147.37937519314977,141.83828048896822,147.07481384277344,93979700.0,AAPL
2022-11-14 05:00:00+00:00,146.35763570725214,147.64466090619808,144.8446330372058,145.6797332763672,73374100.0,AAPL
2022-11-15 05:00:00+00:00,149.55062261259357,150.89659305740093,145.95480194485347,147.40884399414062,89868300.0,AAPL
2022-11-16 05:00:00+00:00,146.51483522710427,147.2418488642614,144.70709039322372,146.1807861328125,64218300.0,AAPL
2022-11-17 05:00:00+00:00,143.86215701114332,148.82360185357618,143.58706836561342,148.07693481445312,80389400.0,AAPL
2022-11-18 05:00:00+00:00,149.63904958366277,150.02220984195606,147.34008803390304,148.63693237304688,74829600.0,AAPL
2022-11-21 05:00:00+00:00,147.52674987775407,147.73305885560603,145.12953609848137,145.41444396972656,58724100.0,AAPL
2022-11-22 05:00:00+00:00,145.53237828985053,147.78221396265934,144.35340964940343,147.54641723632812,51804100.0,AAPL
2022-11-23 05:00:00+00:00,146.82920540527334,149.16747394284351,146.72113379241404,148.42080688476562,58301400.0,AAPL
2022-11-25 05:00:00+00:00,145.70918504900035,146.2691965387926,144.5400508786952,145.5126953125,35195900.0,AAPL
2022-11-28 05:00:00+00:00,142.59481349853306,144.0685093862778,140.86568238708142,141.69094848632812,69246000.0,AAPL
2022-11-29 05:00:00+00:00,141.75967888062996,142.2705641956943,137.88878454429147,138.69439697265625,83763800.0,AAPL
2022-11-30 05:00:00+00:00,138.92037287256267,146.11201495746124,138.0852876520207,145.43411254882812,111380900.0,AAPL
2022-12-01 05:00:00+00:00,145.61099111367253,146.51485616417156,144.03904277032873,145.709228515625,71250400.0,AAPL
2022-12-02 05:00:00+00:00,143.40039263183445,145.4046117654443,143.09581632538948,145.2179412841797,65447400.0,AAPL
2022-12-05 05:00:00+00:00,145.17864740787067,148.27340168825526,143.21372024795548,144.0586395263672,68826400.0,AAPL
2022-12-06 05:00:00+00:00,144.49096870660432,144.71693119940028,139.431270776129,140.40391540527344,64727200.0,AAPL
2022-12-07 05:00:00+00:00,139.69653991914743,140.85584008868295,137.5449416476374,138.4684600830078,69721100.0,AAPL
2022-12-08 05:00:00+00:00,139.86351440208722,141.0031757409908,138.62561570092225,140.14842224121094,62128300.0,AAPL
2022-12-09 05:00:00+00:00,139.8439047836886,143.01727390300547,138.42915440090607,139.6670684814453,76097000.0,AAPL
2022-12-12 05:00:00+00:00,140.19755844692216,141.96599599737974,138.58631867677312,141.9561767578125,70462700.0,AAPL
2022-12-13 05:00:00+00:00,146.87831847453648,147.34007759813417,141.71056497387187,142.9189910888672,93886200.0,AAPL
2022-12-14 05:00:00+00:00,142.80112620848055,144.08815144991274,138.68460028950005,140.6986541748047,82291200.0,AAPL
2022-12-15 05:00:00+00:00,138.63546667684503,139.3133690938159,133.64454880056923,134.10630798339844,98931900.0,AAPL
2022-12-16 05:00:00+00:00,134.2929782040358,135.23613504981998,131.38487878191776,132.1511993408203,160156900.0,AAPL
2022-12-19 05:00:00+00:00,132.74064622616112,132.82906434469876,129.01711609721863,130.04869079589844,79592600.0,AAPL
2022-12-20 05:00:00+00:00,129.08590439011405,130.91328746393052,127.61220884643005,129.97994995117188,77432800.0,AAPL
2022-12-21 05:00:00+00:00,130.64799049787933,134.41082745762566,130.4220280930704,133.07467651367188,85928000.0,AAPL
2022-12-22 05:00:00+00:00,131.99401195090732,132.20032094511618,128.0150307307424,129.9111785888672,77852100.0,AAPL
2022-12-23 05:00:00+00:00,128.62416529925937,130.09786107261186,127.36661277196195,129.5476837158203,63814900.0,AAPL
2022-12-27 05:00:00+00:00,129.07607245594536,129.10554516462403,126.46271568426795,127.74974060058594,69007800.0,AAPL
2022-12-28 05:00:00+00:00,127.39608344761355,128.73223486036684,123.66272537894751,123.82974243164062,85438400.0,AAPL
2022-12-29 05:00:00+00:00,125.74551110442214,128.19184331205201,125.49007597127037,127.33710479736328,75703700.0,AAPL
2022-12-30 05:00:00+00:00,126.15818552945343,127.67117324976594,125.19536766637758,127.65151977539062,77034200.0,AAPL
2023-01-03 05:00:00+00:00,127.9953746812147,128.6044974020352,121.99252063798394,122.87673950195312,112117500.0,AAPL
2023-01-04 05:00:00+00:00,124.66483917038782,126.40380440814197,122.88658197418445,124.14413452148438,89113600.0,AAPL
2023-01-05 05:00:00+00:00,124.90062844390272,125.5294047177782,122.57219388132161,122.82762908935547,80962700.0,AAPL
2023-01-06 05:00:00+00:00,123.800229800476,128.0051649557748,122.69986796369008,127.34691619873047,87754700.0,AAPL
2023-01-09 05:00:00+00:00,128.18201790072465,131.07046307621766,127.61218725463655,127.86762237548828,70790800.0,AAPL
2023-01-10 05:00:00+00:00,127.9757103650532,128.958174020526,125.87323874198964,128.43746948242188,63896200.0,AAPL
2023-01-11 05:00:00+00:00,128.94838439618852,131.16874737067045,128.1722445262406,131.14910888671875,69458900.0,AAPL
2023-01-12 05:00:00+00:00,131.53227009080283,131.90559617413024,129.13505580606935,131.0705108642578,71379600.0,AAPL
2023-01-13 05:00:00+00:00,129.71466811603167,132.55398732492168,129.3511613806362,132.39678955078125,57809700.0,AAPL
2023-01-17 05:00:00+00:00,132.4656016206527,134.88245427698436,131.77787992946924,133.55613708496094,63646600.0,AAPL
2023-01-18 05:00:00+00:00,134.4207108763407,136.17931456809228,132.66209219338052,132.8389434814453,69672800.0,AAPL
2023-01-19 05:00:00+00:00,131.7287538123279,133.86069855178562,131.42419241972087,132.89788818359375,58280400.0,AAPL
2023-01-20 05:00:00+00:00,132.90770800117681,135.59966433835268,131.86629872212012,135.45228576660156,80223600.0,AAPL
2023-01-23 05:00:00+00:00,135.6978953680963,140.80671912517695,135.4817521326256,138.63546752929688,81760300.0,AAPL
2023-01-24 05:00:00+00:00,137.84947751147084,140.64950501564115,137.83965827143598,140.03054809570312,66435100.0,AAPL
2023-01-25 05:00:00+00:00,138.41930821894437,139.93229570032543,136.37578195167205,139.37229919433594,65799300.0,AAPL
2023-01-26 05:00:00+00:00,140.6593159193217,141.72037843724186,139.4115829133593,141.4354705810547,54105100.0,AAPL
2023-01-27 05:00:00+00:00,140.64951214628343,144.64813175929368,140.57091324840124,143.3709259033203,70555800.0,AAPL
2023-01-30 05:00:00+00:00,142.41796049282078,142.99761054282715,140.34496125408572,140.49232482910156,64015300.0,AAPL
2023-01-31 05:00:00+00:00,140.19759064122545,141.80883078137197,139.78495761656453,141.75970458984375,65874500.0,AAPL
2023-02-01 05:00:00+00:00,141.44532609516176,144.03903014040526,138.84180280794712,142.8797149658203,77663600.0,AAPL
2023-02-02 05:00:00+00:00,146.2888275489756,148.52884341135578,145.57163330132713,148.1751708984375,118339000.0,AAPL
2023-02-03 05:00:00+00:00,145.43409313083382,154.6201342687517,145.23760339877686,151.79063415527344,154357300.0,AAPL
2023-02-06 05:00:00+00:00,149.8944947732861,150.41519933800663,148.1358763450209,149.0692138671875,69858300.0,AAPL
2023-02-07 05:00:00+00:00,147.9983592694092,152.5078649107581,147.9983592694092,151.9380340576172,83322600.0,AAPL
2023-02-08 05:00:00+00:00,151.18150996746658,151.86923151834947,148.5190269025848,149.25587463378906,64120100.0,AAPL
2023-02-09 05:00:00+00:00,151.0832773681269,151.62363543992853,147.782198500911,148.22430419921875,56007100.0,AAPL
2023-02-10 05:00:00+00:00,147.06324691592152,148.913088785703,146.82709018156558,148.58837890625,57450700.0,AAPL
2023-02-13 05:00:00+00:00,148.52935383999073,151.78627208132363,148.49983612289876,151.3828582763672,62199000.0,AAPL
2023-02-14 05:00:00+00:00,149.68057287811524,151.30412220458746,148.44078385852455,150.74325561523438,61707600.0,AAPL
2023-02-15 05:00:00+00:00,150.6546952720313,153.00636811059493,150.42838780610393,152.83909606933594,65573800.0,AAPL
2023-02-16 05:00:00+00:00,151.0482514150965,153.8230360580732,150.89082864502956,151.24505615234375,68167900.0,AAPL
2023-02-17 05:00:00+00:00,149.90690894964015,150.5464794908576,148.4309630722788,150.10369873046875,59144100.0,AAPL
2023-02-21 05:00:00+00:00,147.79134145705774,148.87370750867322,146.03005307934987,146.0989227294922,58867200.0,AAPL
2023-02-22 05:00:00+00:00,146.4826819914061,147.54536466728035,144.80011234851025,146.5220489501953,51011300.0,AAPL
2023-02-23 05:00:00+00:00,147.68313363952294,147.92912460701393,144.87884561858363,147.0041961669922,48394200.0,AAPL
2023-02-24 05:00:00+00:00,144.75090982195374,144.82962872471046,143.38320079150859,144.35733032226562,55469600.0,AAPL
2023-02-27 05:00:00+00:00,145.34128862301924,146.77786725557394,145.0854484451516,145.54791259765625,44998500.0,AAPL
2023-02-28 05:00:00+00:00,144.69188448050687,146.68932985809187,144.47541123636594,145.04611206054688,50547000.0,AAPL
2023-03-01 05:00:00+00:00,144.47539591550134,144.8689754008769,142.68457472462396,142.97976684570312,55479000.0,AAPL
2023-03-02 05:00:00+00:00,142.06468141879296,144.35731860288683,141.59236804059648,143.5701446533203,52238100.0,AAPL
2023-03-03 05:00:00+00:00,145.66599039801153,148.6867663889097,144.96738452683869,148.60804748535156,70732300.0,AAPL
2023-03-06 05:00:00+00:00,151.32380747304748,153.7935665673354,150.9991125857975,151.36317443847656,87558000.0,AAPL
2023-03-07 05:00:00+00:00,151.2352451910372,151.55995507278075,148.70646582947896,149.16893005371094,56182000.0,AAPL
2023-03-08 05:00:00+00:00,150.35949790258118,151.00891757952724,149.39521763366128,150.4185333251953,47204800.0,AAPL
2023-03-09 05:00:00+00:00,151.09746808583355,152.0617483379844,147.8208670608722,148.1750946044922,53833600.0,AAPL
2023-03-10 05:00:00+00:00,147.80120650188752,148.5194958597798,145.242894659562,146.11862182617188,68572400.0,AAPL
2023-03-13 04:00:00+00:00,145.43968998615728,150.6842189540097,145.33145336527863,148.05703735351562,84457100.0,AAPL
2023-03-14 04:00:00+00:00,148.85404568502526,150.94004418166887,147.6929755826584,150.14303588867188,73695900.0,AAPL
2023-03-15 04:00:00+00:00,148.7654682431246,150.7924309816341,147.51583019026035,150.53660583496094,77167900.0,AAPL
2023-03-16 04:00:00+00:00,149.71995500240442,153.9510028988609,149.20828955550553,153.3507843017578,76161100.0,AAPL
2023-03-17 04:00:00+00:00,153.5770871091514,154.2265068856699,151.80594908869074,152.514404296875,98944600.0,AAPL
2023-03-20 04:00:00+00:00,152.58327776546486,155.28917828804447,151.67801783277878,154.8759002685547,73641400.0,AAPL
2023-03-21 04:00:00+00:00,154.79720820376127,156.84383990664745,154.02970254755692,156.72576904296875,73938300.0,AAPL
2023-03-22 04:00:00+00:00,156.74542384346483,159.53987720924363,155.27931249330243,155.2989959716797,75701800.0,AAPL
2023-03-23 04:00:00+00:00,156.28296029217628,158.95934282613845,155.15139299961646,156.38134765625,67622100.0,AAPL
2023-03-24 04:00:00+00:00,156.31249715364865,157.76875944157217,155.31869907440637,157.68020629882812,59196500.0,AAPL
2023-03-27 04:00:00+00:00,157.37517430078694,158.19186606543823,155.33836200567538,155.74179077148438,52390300.0,AAPL
2023-03-28 04:00:00+00:00,155.43676283008696,155.94842821050446,153.47866946121147,155.12188720703125,45992200.0,AAPL
2023-03-29 04:00:00+00:00,156.8143056879684,158.46737267599337,156.7946372221569,158.19186401367188,51305700.0,AAPL
2023-03-30 04:00:00+00:00,158.93965597985908,159.86458426430409,158.68383082177425,159.75634765625,49501700.0,AAPL
2023-03-31 04:00:00+00:00,159.8350878653574,162.35403288236776,159.31358823359025,162.25563049316406,68749800.0,AAPL
2023-04-03 04:00:00+00:00,161.63575413574327,163.62335040456196,161.58655293789977,163.50527954101562,56976200.0,AAPL
2023-04-04 04:00:00+00:00,163.92836877990578,164.16451047380076,162.46225736922722,162.9739227294922,46278300.0,AAPL
2023-04-05 04:00:00+00:00,162.09822184489292,162.40324825832465,159.20536551321473,161.13392639160156,51511700.0,AAPL
2023-04-06 04:00:00+00:00,159.8252353547828,162.31467762112032,159.40213812085784,162.0194854736328,45390100.0,AAPL
2023-04-10 04:00:00+00:00,158.8314373555464,159.43165588378906,157.51292944566782,159.43165588378906,47716900.0,AAPL
2023-04-11 04:00:00+00:00,159.74655214369014,159.75638637804428,157.93604707794614,158.22140502929688,47644200.0,AAPL
2023-04-12 04:00:00+00:00,158.6346580327857,159.46118408911326,157.2177476424543,157.53262329101562,50133100.0,AAPL
2023-04-13 04:00:00+00:00,159.03805912639,163.14118599216286,158.8314201412513,162.905029296875,68445600.0,AAPL
2023-04-14 04:00:00+00:00,161.95064677326437,163.65291546756285,161.19300523035756,162.5607147216797,49386500.0,AAPL
2023-04-17 04:00:00+00:00,162.44259843625022,162.73779061232008,161.39959909302152,162.58035278320312,41516200.0,AAPL
2023-04-18 04:00:00+00:00,163.43639900098648,164.7253892225956,162.99360326395418,163.8004608154297,49923000.0,AAPL
2023-04-19 04:00:00+00:00,163.14117819260926,165.46333303592274,162.88533803142178,164.94183349609375,47720200.0,AAPL
2023-04-20 04:00:00+00:00,163.42655222639002,165.17800667808302,162.90505258707114,163.97756958007812,52456400.0,AAPL
2023-04-21 04:00:00+00:00,162.40320545287983,163.78074857435575,161.85218820428946,162.37368774414062,58337300.0,AAPL
2023-04-24 04:00:00+00:00,162.35400113354166,162.9443853251193,161.26180088898863,162.6787109375,41949600.0,AAPL
2023-04-25 04:00:00+00:00,162.54097982284455,163.64301445601814,161.1043860925183,161.1437530517578,48714100.0,AAPL
2023-04-26 04:00:00+00:00,160.44515464932056,162.62955575633885,160.18932943478703,161.13392639160156,45498800.0,AAPL
2023-04-27 04:00:00+00:00,162.5409858833323,165.85693915334915,162.5409858833323,165.7093505859375,64902300.0,AAPL
2023-04-28 04:00:00+00:00,165.78806481489534,167.12625617335198,165.1878463008649,166.95896911621094,55275900.0,AAPL
2023-05-01 04:00:00+00:00,166.5654112090663,167.71664719399982,165.93567490070697,166.8704376220703,52472900.0,AAPL
2023-05-02 04:00:00+00:00,167.36241202489828,167.6182522416185,164.8533011388869,165.83726501464844,48425700.0,AAPL
2023-05-03 04:00:00+00:00,166.78186884038578,168.17909567440717,164.47939708632646,164.76473999023438,65136000.0,AAPL
2023-05-04 04:00:00+00:00,162.24578626436005,164.36130237503923,161.67508547315035,163.13134765625,81235400.0,AAPL
2023-05-05 04:00:00+00:00,168.23815821665508,171.50492585877407,168.0216849384858,170.78663635253906,113453200.0,AAPL
2023-05-08 04:00:00+00:00,169.71409550111375,171.0621363032094,169.35003364925416,170.71774291992188,55962800.0,AAPL
2023-05-09 04:00:00+00:00,170.27494492179522,170.7570775926942,168.84820036158354,169.01547241210938,45326900.0,AAPL
2023-05-10 04:00:00+00:00,170.24543004162442,171.23922812803062,169.14338031673282,170.77676391601562,53724500.0,AAPL
2023-05-11 04:00:00+00:00,171.0621017201797,171.7902252766967,169.4090348343318,170.9636993408203,49514700.0,AAPL
2023-05-12 04:00:00+00:00,171.07211580763337,171.5056611983073,168.4905692075404,170.03753662109375,45533100.0,AAPL
2023-05-15 04:00:00+00:00,170.61883064941935,170.66809989196608,168.95362948142878,169.54483032226562,37266700.0,AAPL
2023-05-16 04:00:00+00:00,169.46600254116325,170.5991199454283,169.27878844040285,169.54483032226562,42110300.0,AAPL
2023-05-17 04:00:00+00:00,169.1901019966857,170.3921842356942,167.91902478069315,170.1557159423828,57951600.0,AAPL
2023-05-18 04:00:00+00:00,170.46119076780954,172.6683237371227,170.04735615510018,172.48110961914062,65496700.0,AAPL
2023-05-19 04:00:00+00:00,173.80145343851697,173.80145343851697,172.37273538217633,172.58950805664062,55809500.0,AAPL
2023-05-22 04:00:00+00:00,171.42682777563832,172.14612580242743,170.9046067635048,171.6436004638672,43570900.0,AAPL
2023-05-23 04:00:00+00:00,170.58931050155752,170.83564173486545,168.7664533611328,169.04234313964844,50747300.0,AAPL
2023-05-24 04:00:00+00:00,168.57922839342694,169.8897122746601,168.0176010356781,169.31822204589844,45143500.0,AAPL
2023-05-25 04:00:00+00:00,169.87986475065702,171.34798918728478,169.17042964019168,170.45135498046875,56058300.0,AAPL
2023-05-26 04:00:00+00:00,170.77650880236848,173.19055165787438,170.56958397024448,172.85552978515625,54835000.0,AAPL
2023-05-30 04:00:00+00:00,174.36311323589106,176.36332172139132,173.9788370991414,174.6981201171875,55964400.0,AAPL
2023-05-31 04:00:00+00:00,174.72764675708407,176.71800704198733,174.16600441023556,174.64881896972656,99625300.0,AAPL
2023-06-01 04:00:00+00:00,175.09224794448755,177.47673261921489,174.33354349143505,177.44717407226562,68901800.0,AAPL
2023-06-02 04:00:00+00:00,178.37336820267623,179.11236188910445,176.62933889294345,178.29454040527344,61996900.0,AAPL
2023-06-05 04:00:00+00:00,179.9498694414483,182.23581511366768,175.42721727327233,176.9446258544922,121946500.0,AAPL
2023-06-06 04:00:00+00:00,177.328904296753,177.4766970018392,174.82617090162998,176.58006286621094,64848400.0,AAPL
2023-06-07 04:00:00+00:00,175.8213457350109,178.55069942371495,174.71778685793004,175.21044921875,61944600.0,AAPL
2023-06-08 04:00:00+00:00,175.28927455408018,178.18613184931536,174.85574427470908,177.92010498046875,50214900.0,AAPL
2023-06-09 04:00:00+00:00,178.83645110058313,179.55573399442156,177.9792233362159,178.30438232421875,48900000.0,AAPL
2023-06-12 04:00:00+00:00,178.60984190485868,181.19138823156914,178.31424143935143,181.0928497314453,54274900.0,AAPL
2023-06-13 04:00:00+00:00,180.11737806569877,181.4475575367352,179.76266053311636,180.61988830566406,54929100.0,AAPL
2023-06-14 04:00:00+00:00,180.67901332162722,181.684048880549,179.34883379218707,181.25050354003906,57462900.0,AAPL
2023-06-15 04:00:00+00:00,181.26033930305263,183.78276814166122,181.08297303806762,183.28024291992188,65433200.0,AAPL
2023-06-16 04:00:00+00:00,183.98968846409701,184.245882524342,181.56579797087073,182.2062530517578,101256200.0,AAPL
2023-06-20 04:00:00+00:00,181.7037512704965,183.36895259993452,181.7037512704965,182.29493713378906,49799100.0,AAPL
2023-06-21 04:00:00+00:00,182.1865534203878,182.68907870149724,179.91045548906328,181.26036071777344,49515700.0,AAPL
2023-06-22 04:00:00+00:00,181.04359886716716,184.30502181445038,180.9746189088309,184.25575256347656,51245300.0,AAPL
2023-06-23 04:00:00+00:00,182.8270228675936,184.8075203379306,182.29493904669715,183.9404296875,53117000.0,AAPL
2023-06-26 04:00:00+00:00,184.0882672784463,185.290364953315,182.51174130111704,182.55116271972656,48088700.0,AAPL
2023-06-27 04:00:00+00:00,183.1620179856705,185.6253298715582,182.94524533692336,185.3001708984375,50730800.0,AAPL
2023-06-28 04:00:00+00:00,185.17208134019785,187.11317238738192,184.84693738882143,186.47271728515625,51216800.0,AAPL
2023-06-29 04:00:00+00:00,186.30522898461155,187.2807060224463,186.16728410364277,186.8077392578125,46347300.0,AAPL
2023-06-30 04:00:00+00:00,188.81778728912292,191.62595381515632,188.45320690668942,191.12344360351562,85213200.0,AAPL
2023-07-03 04:00:00+00:00,190.9362564156046,191.03479491877454,188.94589592351636,189.63563537597656,31458200.0,AAPL
2023-07-05 04:00:00+00:00,188.75868490984942,190.1479814937267,187.82261429340878,188.52220153808594,46920300.0,AAPL
2023-07-06 04:00:00+00:00,187.05407174607458,189.20208780415717,186.42346442381324,188.9951629638672,45094300.0,AAPL
2023-07-07 04:00:00+00:00,188.60102706839623,189.84253092683244,187.4481988352347,187.88172912597656,46815000.0,AAPL
2023-07-10 04:00:00+00:00,186.48255712554894,187.2018550195119,184.2951349736181,185.84210205078125,59922200.0,AAPL
2023-07-11 04:00:00+00:00,186.3840531601648,186.52199803845542,183.86162393721375,185.3199005126953,46638100.0,AAPL
2023-07-12 04:00:00+00:00,186.89640150427806,188.88676181703667,185.70416691161034,186.98509216308594,60750200.0,AAPL
2023-07-13 04:00:00+00:00,187.7043680387378,188.38424453327508,186.99493300399138,187.7437744140625,41342300.0,AAPL
2023-07-14 04:00:00+00:00,187.4383150637318,188.37437052971225,186.8471292596261,187.89157104492188,41616200.0,AAPL
2023-07-17 04:00:00+00:00,189.08384794751433,191.46834750746484,188.9951723122315,191.1431884765625,50520200.0,AAPL
2023-07-18 04:00:00+00:00,190.51254970289233,191.4781637647375,189.5961898515042,190.886962890625,48288200.0,AAPL
2023-07-19 04:00:00+00:00,190.26622781119138,195.32093388898534,189.82281961650222,192.23687744140625,80507300.0,AAPL
2023-07-20 04:00:00+00:00,192.22703531122195,193.5867885139367,189.67504737311495,190.29580688476562,59581200.0,AAPL
2023-07-21 04:00:00+00:00,191.25155042374644,192.10877819186132,188.4236580132484,189.1232452392578,71951700.0,AAPL
2023-07-24 04:00:00+00:00,190.57167418096722,192.04966138875844,189.4286937985748,189.92135620117188,45377800.0,AAPL
2023-07-25 04:00:00+00:00,190.49287261199655,191.5865838976961,190.08888577789457,190.7786102294922,37283200.0,AAPL
2023-07-26 04:00:00+00:00,190.82785426220883,192.7689453418544,190.48299959942145,191.6456756591797,47471900.0,AAPL
2023-07-27 04:00:00+00:00,193.14338839624878,194.30606454519102,189.72430983845956,190.3844757080078,47460200.0,AAPL
2023-07-28 04:00:00+00:00,191.8131659299023,193.7444090416655,191.29094501886246,192.95614624023438,48291400.0,AAPL
2023-07-31 04:00:00+00:00,193.1828015190956,193.60649905306556,192.39453857567588,193.56707763671875,38824100.0,AAPL
2023-08-01 04:00:00+00:00,193.36013930235927,193.8429388199064,192.41422090280528,192.7393798828125,35175100.0,AAPL
2023-08-02 04:00:00+00:00,192.17775117305615,192.31569604997566,189.03457754647138,189.7538604736328,50389300.0,AAPL
2023-08-03 04:00:00+00:00,188.7586713954234,189.54691917513858,187.89158079590146,188.36453247070312,61235200.0,AAPL
2023-08-04 04:00:00+00:00,182.79745486603875,184.6301595328746,179.25027969317492,179.3192596435547,115956800.0,AAPL
2023-08-07 04:00:00+00:00,179.4572213905704,180.44254624962392,174.74736976708382,176.22535705566406,97576100.0,AAPL
2023-08-08 04:00:00+00:00,177.05300588853657,177.62449604499406,174.97397007455905,177.16139221191406,67823000.0,AAPL
2023-08-09 04:00:00+00:00,178.21573716211503,178.2748542595959,174.41238186388375,175.5750732421875,60378500.0,AAPL
2023-08-10 04:00:00+00:00,176.8460961883882,178.09746293161143,174.99369573264087,175.35826110839844,54686900.0,AAPL
2023-08-11 04:00:00+00:00,174.95373578240464,176.2363757071569,174.1940069392339,175.41744995117188,52036700.0,AAPL
2023-08-14 04:00:00+00:00,175.59506357405235,177.29211207450308,174.9438673937282,177.065185546875,43675600.0,AAPL
2023-08-15 04:00:00+00:00,176.4929258073929,177.08491002448199,174.68734458769583,175.08200073242188,43622600.0,AAPL
2023-08-16 04:00:00+00:00,174.766254405872,176.1574269074876,174.14465676238186,174.21372985839844,46964900.0,AAPL
2023-08-17 04:00:00+00:00,174.7761369036864,175.1411945839284,171.1649745274817,171.67803955078125,66062900.0,AAPL
2023-08-18 04:00:00+00:00,170.00070631097662,172.76334408254257,169.6652471318657,172.16148376464844,61172200.0,AAPL
2023-08-21 04:00:00+00:00,172.7337554755455,173.77960771425435,171.4215020828672,173.49346923828125,46311900.0,AAPL
2023-08-22 04:00:00+00:00,174.69719959083847,175.30892111024494,173.89801113995804,174.86492919921875,42038900.0,AAPL
2023-08-23 04:00:00+00:00,176.13770818549477,179.12727253692543,175.95024126986627,178.7030029296875,52722800.0,AAPL
2023-08-24 04:00:00+00:00,178.25903609639087,178.68330576322634,173.66121814414575,174.0262908935547,54945800.0,AAPL
2023-08-25 04:00:00+00:00,175.01294998434398,176.7593193055493,173.47376987845638,176.22653198242188,51449600.0,AAPL
2023-08-28 04:00:00+00:00,177.68677460091166,178.1801023209798,176.1673318473753,177.7854461669922,43820700.0,AAPL
2023-08-29 04:00:00+00:00,177.30196426395187,182.4325690983829,177.1046362040057,181.66297912597656,53003900.0,AAPL
2023-08-30 04:00:00+00:00,182.47204640358012,185.34321714142652,182.27471834075723,185.1458740234375,60813900.0,AAPL
2023-08-31 04:00:00+00:00,185.333377611699,186.59629552977228,184.97818100629283,185.36297607421875,60794500.0,AAPL
2023-09-01 04:00:00+00:00,186.961330634287,187.38558521498553,185.76747101772168,186.93173217773438,45766500.0,AAPL
2023-09-05 04:00:00+00:00,185.76746926717502,187.44478036173828,185.10641198511868,187.16851806640625,45280000.0,AAPL
2023-09-06 04:00:00+00:00,185.88587535630464,186.32988234003622,179.04836051297525,180.46914672851562,81755800.0,AAPL
2023-09-07 04:00:00+00:00,172.84227669356144,175.83185624974686,171.22416252451072,175.19052124023438,112488800.0,AAPL
2023-09-08 04:00:00+00:00,175.96997548136457,177.83475336123297,175.4174358773743,175.80223083496094,65551300.0,AAPL
2023-09-11 04:00:00+00:00,177.66705421097663,177.8939807491613,174.9734739911946,176.96652221679688,58953100.0,AAPL
2023-09-12 04:00:00+00:00,177.09474383722204,177.72620255078303,172.4870659491005,173.9473114013672,90370200.0,AAPL
2023-09-13 04:00:00+00:00,174.15453395453247,174.93400012779577,171.65829707262085,171.88523864746094,84267900.0,AAPL
2023-09-14 04:00:00+00:00,171.67803539320033,173.75001770449512,171.26364194197464,173.3948211669922,60895800.0,AAPL
2023-09-15 04:00:00+00:00,174.12494522635322,174.14468255030425,171.5004532372104,172.674560546875,109259500.0,AAPL
2023-09-18 04:00:00+00:00,174.12494029407293,176.98624997924455,173.8190795297471,175.59506225585938,67257600.0,AAPL
2023-09-19 04:00:00+00:00,175.1510553991506,177.23289871202428,174.7662604292434,176.6803741455078,51826900.0,AAPL
2023-09-20 04:00:00+00:00,176.86785847407558,177.3019893003594,173.05936766417838,173.14817810058594,58436200.0,AAPL
2023-09-21 04:00:00+00:00,172.22073021215786,173.94737743416857,171.5399354700809,171.60899353027344,63149100.0,AAPL
2023-09-22 04:00:00+00:00,172.33909518451154,174.7169382879251,171.7273736602944,172.45748901367188,56725400.0,AAPL
2023-09-25 04:00:00+00:00,171.87535356826675,174.6083930174941,171.82601779128095,173.7302703857422,46172700.0,AAPL
2023-09-26 04:00:00+00:00,172.48713399466078,172.86205287379087,169.36929877984454,169.66529846191406,64588900.0,AAPL
2023-09-27 04:00:00+00:00,170.3164478696235,170.73084132501634,166.7940959712009,168.15567016601562,66921800.0,AAPL
2023-09-28 04:00:00+00:00,167.08024048447163,169.7343462157436,165.38319180250966,168.4122314453125,56294400.0,AAPL
2023-09-29 04:00:00+00:00,169.72445084440017,170.7604419321708,168.06686209293406,168.92526245117188,51861100.0,AAPL
2023-10-02 04:00:00+00:00,168.93512915166482,171.9740294168616,168.6489906711008,171.43136596679688,52164500.0,AAPL
2023-10-03 04:00:00+00:00,169.96121885018417,171.31294670786232,168.54044801255043,170.09934997558594,49594600.0,AAPL
2023-10-04 04:00:00+00:00,168.80687858022958,171.88525384459265,168.68848474300435,171.34259033203125,53020300.0,AAPL
2023-10-05 04:00:00+00:00,171.47083294671847,173.10868450108188,170.3756448658088,172.57589721679688,48527900.0,AAPL
2023-10-06 04:00:00+00:00,171.48069938400815,175.61478762599208,170.86896284182788,175.1214599609375,57266700.0,AAPL
2023-10-09 04:00:00+00:00,174.45049386624441,176.66060681201307,173.4539775891525,176.60140991210938,42390800.0,AAPL
2023-10-10 04:00:00+00:00,175.7233217666065,177.3216985969386,175.5753144327677,176.0094451904297,43698000.0,AAPL
2023-10-11 04:00:00+00:00,175.82198018511957,177.4499705441094,175.22999600880442,177.400634765625,47551100.0,AAPL
2023-10-12 04:00:00+00:00,177.6670336186698,179.906730392158,176.6507647716162,178.29849243164062,56743100.0,AAPL
2023-10-13 04:00:00+00:00,178.99902980590412,179.5022186651883,175.76280113660414,176.4633331298828,51427100.0,AAPL
2023-10-16 04:00:00+00:00,174.39132507709223,176.6902337432856,174.15452238414363,176.3350372314453,52517000.0,AAPL
2023-10-17 04:00:00+00:00,174.29263735930638,176.03902130181154,172.4673342483031,174.7859649658203,57549400.0,AAPL
2023-10-18 04:00:00+00:00,173.23694427289632,175.21025492862336,172.77321506438722,173.49346923828125,54764400.0,AAPL
2023-10-19 04:00:00+00:00,173.69082297603654,175.466805839834,172.85217485644313,173.1185760498047,59302900.0,AAPL
2023-10-20 04:00:00+00:00,172.97054807703984,173.07908076842247,170.33618008275127,170.57298278808594,64244000.0,AAPL
2023-10-23 04:00:00+00:00,168.62925458750877,171.6878768692555,167.662321590194,170.6913604736328,55980100.0,AAPL
2023-10-24 04:00:00+00:00,170.74072378645857,171.35244533043914,169.16206908920728,171.12551879882812,43816600.0,AAPL
2023-10-25 04:00:00+00:00,169.5863166088348,170.75056262830392,168.37271975850888,168.8167266845703,57157000.0,AAPL
2023-10-26 04:00:00+00:00,168.09649022321696,169.09302189873856,163.45921245305613,164.66293334960938,70625300.0,AAPL
2023-10-27 04:00:00+00:00,164.68262749452305,166.70527372020223,164.60369326977082,165.9751434326172,58499100.0,AAPL
2023-10-30 04:00:00+00:00,166.76450604315932,168.88580920893756,166.61649869462795,168.01754760742188,51131000.0,AAPL
2023-10-31 04:00:00+00:00,167.09008588386948,168.61938959873203,165.6594236135805,168.4911346435547,44846000.0,AAPL
2023-11-01 04:00:00+00:00,168.71808481806195,171.9049777602895,167.84982318964867,171.64845275878906,56934900.0,AAPL
2023-11-02 04:00:00+00:00,173.17774724497193,175.40758286457637,173.11855033416663,175.2003936767578,77334800.0,AAPL
2023-11-03 04:00:00+00:00,171.91483559510309,174.46040823420765,171.03671292563865,174.29266357421875,79829200.0,AAPL
2023-11-06 05:00:00+00:00,174.02626772873157,177.03555436857033,173.858538133294,176.83822631835938,63841300.0,AAPL
2023-11-07 05:00:00+00:00,176.7889073081916,180.00541354681909,176.58171810512866,179.39369201660156,70530000.0,AAPL
2023-11-08 05:00:00+00:00,179.91662978825056,181.00194176498167,179.16676200069597,180.4494171142578,49340300.0,AAPL
2023-11-09 05:00:00+00:00,180.51846299464347,181.66297171772456,179.38380034968415,179.97579956054688,53763500.0,AAPL
2023-11-10 05:00:00+00:00,181.75413731292954,184.3228271167955,181.31943456996746,184.1548614501953,66133400.0,AAPL
2023-11-13 05:00:00+00:00,183.58187642607092,183.7893386144101,181.9912676571252,182.57415771484375,43627500.0,AAPL
2023-11-14 05:00:00+00:00,185.43920547847273,185.8442707665973,184.05607409829287,185.18234252929688,60108400.0,AAPL
2023-11-15 05:00:00+00:00,185.5873915048758,187.21751156501972,185.5182274044454,185.74545288085938,53790500.0,AAPL
2023-11-16 05:00:00+00:00,187.2866746678448,188.6599317940755,186.37774261703024,187.42498779296875,54412900.0,AAPL
2023-11-17 05:00:00+00:00,187.9584954748911,188.08693448765234,186.29873780998344,187.40524291992188,50922700.0,AAPL
2023-11-20 05:00:00+00:00,187.6028350817968,189.59850904887813,187.592960955599,189.14404296875,46505100.0,AAPL
2023-11-21 05:00:00+00:00,189.10452557023848,189.21320125507725,187.45464204586924,188.3437957763672,38134500.0,AAPL
2023-11-22 05:00:00+00:00,189.18356183514956,190.60620477415247,188.53150773289747,189.00572204589844,39617700.0,AAPL
2023-11-24 05:00:00+00:00,188.5710385777235,188.6006760331266,186.9705556859451,187.681884765625,24048300.0,AAPL
2023-11-27 05:00:00+00:00,187.63243679384846,188.3734031425855,186.6247183385664,187.50399780273438,40552600.0,AAPL
2023-11-28 05:00:00+00:00,187.49414676130317,188.77849160556613,187.11871894105684,188.10667419433594,38415400.0,AAPL
2023-11-29 05:00:00+00:00,188.60063575450744,189.77630481775705,186.69388951411068,187.0890655517578,43014200.0,AAPL
2023-11-30 05:00:00+00:00,187.55343368717286,188.02766309314677,185.92331344476767,187.662109375,48794400.0,AAPL
2023-12-01 05:00:00+00:00,188.0375111237308,189.2526917735191,186.95075439627809,188.93655395507812,45704800.0,AAPL
2023-12-04 05:00:00+00:00,187.69173962433385,187.76090372984268,185.1922139752508,187.1483612060547,43389500.0,AAPL
2023-12-05 05:00:00+00:00,187.91897362196437,192.05849343193452,187.8893210956394,191.09030151367188,66628400.0,AAPL
2023-12-06 05:00:00+00:00,192.10788966712872,192.4141533735728,189.79607806848605,190.00355529785156,41089700.0,AAPL
2023-12-07 05:00:00+00:00,191.29777821822415,192.6512720749557,191.2582515665674,191.93006896972656,47477700.0,AAPL
2023-12-08 05:00:00+00:00,191.86091528323507,193.629363703371,191.33730018286,193.3527374267578,53406400.0,AAPL
2023-12-11 05:00:00+00:00,190.78404615931,191.15947399253523,189.11439931154695,190.8531951904297,60943700.0,AAPL
2023-12-12 05:00:00+00:00,190.75440470261375,192.3746507369947,189.4107849369075,192.36477661132812,52696900.0,AAPL
2023-12-13 05:00:00+00:00,192.74016578029781,195.6151188726379,192.50306619330016,195.5756072998047,70404200.0,AAPL
2023-12-14 05:00:00+00:00,195.6349188149913,197.21563829918102,193.79732129680679,195.7238311767578,66831600.0,AAPL
2023-12-15 05:00:00+00:00,195.1507809689053,196.01029713155143,194.6271659416612,195.1903076171875,128538400.0,AAPL
2023-12-18 05:00:00+00:00,193.7281513997374,194.26165570440122,192.04863040265064,193.5305633544922,55751900.0,AAPL
2023-12-19 05:00:00+00:00,193.79729775296602,194.57777573643529,193.5305456250714,194.56790161132812,40714100.0,AAPL
2023-12-20 05:00:00+00:00,194.5283816611859,195.2989855460905,192.4833221435547,192.4833221435547,52242800.0,AAPL
2023-12-21 05:00:00+00:00,193.73803856316968,194.70623052718972,191.16934877699248,192.3351287841797,46482500.0,AAPL
2023-12-22 05:00:00+00:00,192.82908334808235,193.05632389177538,190.64571085868127,191.26812744140625,37149600.0,AAPL
2023-12-26 05:00:00+00:00,191.27801448490152,191.55464074590694,190.5074106042434,190.72476196289062,28919300.0,AAPL
2023-12-27 05:00:00+00:00,190.17149315937536,191.16932243864449,188.78834689776542,190.8235321044922,48087700.0,AAPL
2023-12-28 05:00:00+00:00,191.80161980345068,192.3153607227681,190.8433020640508,191.2483673095703,34049900.0,AAPL
2023-12-29 05:00:00+00:00,191.56450759639273,192.05848519728596,189.42064661751613,190.2110137939453,42672100.0,AAPL
2024-01-02 05:00:00+00:00,184.89579853453512,186.1702691079172,181.6750702031571,183.40399169921875,82488700.0,AAPL
2024-01-03 05:00:00+00:00,182.00112426612563,183.6411336613478,181.22063114701328,182.03076171875,58414500.0,AAPL
2024-01-04 05:00:00+00:00,179.95604798314233,180.88472835710988,178.70135563320858,179.7189483642578,71983600.0,AAPL
2024-01-05 05:00:00+00:00,179.79796753554595,180.5586821654936,177.99988188294327,178.99771118164062,62379700.0,AAPL
2024-01-08 05:00:00+00:00,179.89677561800764,183.36450834315934,179.313885613353,183.32498168945312,59144500.0,AAPL
2024-01-09 05:00:00+00:00,181.70474272826013,182.9199235647891,180.52907347198328,182.91004943847656,42841800.0,AAPL
2024-01-10 05:00:00+00:00,182.12955368013527,184.1548498527509,181.70472508990332,183.9473876953125,46792900.0,AAPL
2024-01-11 05:00:00+00:00,184.293153408918,184.7970202008086,181.40832608034748,183.35459899902344,49128400.0,AAPL
2024-01-12 05:00:00+00:00,183.818931403084,184.49074873898914,182.95941525310155,183.6806182861328,40477800.0,AAPL
2024-01-16 05:00:00+00:00,179.9659175831278,182.04061439740983,178.75072186869164,181.418212890625,65603000.0,AAPL
2024-01-17 05:00:00+00:00,179.08663943068214,180.72663357001974,178.12832170152117,180.47964477539062,47317400.0,AAPL
2024-01-18 05:00:00+00:00,183.84860201119264,186.86186875433015,183.59173905481111,186.35801696777344,78005800.0,AAPL
2024-01-19 05:00:00+00:00,187.0495648712278,189.63800274105876,186.5457131326349,189.25270080566406,68903000.0,AAPL
2024-01-22 05:00:00+00:00,189.98378136946042,192.97728431537942,189.94425472083472,191.55462646484375,60133900.0,AAPL
2024-01-23 05:00:00+00:00,192.67104017695664,193.39224330006388,191.49537099853464,192.8291015625,42355600.0,AAPL
2024-01-24 05:00:00+00:00,193.06623524024957,194.0146790217886,191.99924163914412,192.15731811523438,53631300.0,AAPL
2024-01-25 05:00:00+00:00,192.86863967517039,193.90599578100486,190.78405333725613,191.83128356933594,54822100.0,AAPL
2024-01-26 05:00:00+00:00,191.9300946873343,192.41418317249008,189.62815685740148,190.1023712158203,44594000.0,AAPL
2024-01-29 05:00:00+00:00,189.6972958396627,189.8850097627336,187.29657164460275,189.42066955566406,47145600.0,AAPL
2024-01-30 05:00:00+00:00,188.64019550498801,189.48983770252025,185.21198926058483,185.77511596679688,55859400.0,AAPL
2024-01-31 05:00:00+00:00,184.78712556686926,184.84641553917146,182.129538862794,182.17892456054688,55467800.0,AAPL
2024-02-01 05:00:00+00:00,181.77390231724044,184.69824158324056,181.6059517240919,184.6093292236328,64885400.0,AAPL
2024-02-02 05:00:00+00:00,177.69360884630905,185.0736348136651,177.09095561888776,183.61146545410156,102551700.0,AAPL
2024-02-05 05:00:00+00:00,185.8837890630235,186.97054595458332,183.6016146657499,185.41944885253906,69668800.0,AAPL
2024-02-06 05:00:00+00:00,184.60931480628852,187.02980210381148,184.5204024536245,187.01992797851562,43490800.0,AAPL
2024-02-07 05:00:00+00:00,188.34382784248848,188.74889319812397,186.33827946946894,187.12864685058594,53439000.0,AAPL
2024-02-08 05:00:00+00:00,187.1088468471974,187.25703410679802,185.09342474162452,186.05174255371094,40962000.0,AAPL
2024-02-09 05:00:00+00:00,186.61557552858977,187.94113632063826,185.97259122428568,186.8134307861328,45155200.0,AAPL
2024-02-12 05:00:00+00:00,186.3880527684402,186.63535673641036,184.77562606711913,185.13174438476562,41781900.0,AAPL
2024-02-13 05:00:00+00:00,183.76664838776776,184.2019058140478,181.53101071537256,183.0445098876953,56529500.0,AAPL
2024-02-14 05:00:00+00:00,183.3215042025078,183.5292310959524,180.472557481369,182.1641082763672,54630500.0,AAPL
2024-02-15 05:00:00+00:00,181.57057328309747,182.50043860227981,179.3943014199978,181.87722778320312,65434500.0,AAPL
2024-02-16 05:00:00+00:00,181.44197861733377,182.8565652037317,179.7108507918506,180.3439483642578,49752500.0,AAPL
2024-02-20 05:00:00+00:00,179.82955095197704,180.46264852115328,178.0588611409836,179.60203552246094,53665600.0,AAPL
2024-02-21 05:00:00+00:00,179.9779444437335,180.91769653606136,178.71174929095213,180.35385131835938,41371400.0,AAPL
2024-02-22 05:00:00+00:00,181.50132758611662,182.9653779737103,180.49233824441416,182.38172912597656,52292200.0,AAPL
2024-02-23 05:00:00+00:00,183.01481932952075,183.04449459753943,180.26480046872615,180.5516815185547,45119700.0,AAPL
2024-02-26 05:00:00+00:00,180.27471486922383,180.78909628027105,178.7018500832812,179.20635986328125,40867400.0,AAPL
2024-02-27 05:00:00+00:00,179.1470231922399,181.93660445629962,177.6236221032545,180.6605224609375,54318900.0,AAPL
2024-02-28 05:00:00+00:00,180.5417731107642,181.14519536218177,178.18744973320082,179.46353149414062,48953900.0,AAPL
2024-02-29 05:00:00+00:00,179.31516246277232,180.6011460945577,177.59392143922238,178.80076599121094,136682600.0,AAPL
2024-03-01 05:00:00+00:00,177.61370457626955,178.5831318593588,175.46710804516843,177.72251892089844,73563100.0,AAPL
2024-03-04 05:00:00+00:00,174.25039570154502,174.99230771576262,171.91584529303745,173.21173095703125,81510100.0,AAPL
2024-03-05 05:00:00+00:00,168.91851326517738,170.18470849670402,167.79080766540406,168.28541564941406,95132400.0,AAPL
2024-03-06 05:00:00+00:00,169.21526961759642,169.39333632878757,166.86093094295472,167.2961883544922,68587700.0,AAPL
2024-03-07 05:00:00+00:00,167.32585131213037,168.88881413208614,166.67298033709926,167.17747497558594,71765100.0,AAPL
2024-03-08 05:00:00+00:00,167.1774852017091,171.82679686006907,167.11813466346086,168.88882446289062,76267000.0,AAPL
2024-03-11 04:00:00+00:00,171.07500788792643,172.49948126334272,170.1946063009313,170.88705444335938,60139500.0,AAPL
2024-03-12 04:00:00+00:00,171.28272310113206,172.15323790323208,169.16580172767317,171.3618621826172,59825400.0,AAPL
2024-03-13 04:00:00+00:00,170.90682879160028,171.32229764254458,168.91849524765144,169.28451538085938,52488700.0,AAPL
2024-03-14 04:00:00+00:00,171.04531257693264,172.43020869953008,170.1945863604126,171.13433837890625,72913500.0,AAPL
2024-03-15 04:00:00+00:00,169.3240932528417,170.75845336914062,168.45357838204507,170.75845336914062,121752700.0,AAPL
2024-03-18 04:00:00+00:00,173.67667443832926,175.7935962460948,171.64877845516034,171.84661865234375,75604200.0,AAPL
2024-03-19 04:00:00+00:00,172.45988088096897,174.70540499850514,171.1640105835326,174.18112182617188,55215200.0,AAPL
2024-03-20 04:00:00+00:00,173.82501083363408,176.74319458007812,173.20180001631465,176.74319458007812,53423100.0,AAPL
2024-03-21 04:00:00+00:00,175.1406653733646,175.57592275278003,168.9976284397713,169.52191162109375,106181300.0,AAPL
2024-03-22 04:00:00+00:00,169.90772263085663,171.18381963278856,168.22605856941686,170.422119140625,71160100.0,AAPL
2024-03-25 04:00:00+00:00,168.73057383883838,170.085794876263,167.6226416976105,169.00755310058594,54288300.0,AAPL
2024-03-26 04:00:00+00:00,168.16668772081567,169.5713723598813,167.7512188918725,167.87982177734375,57388400.0,AAPL
2024-03-27 04:00:00+00:00,168.57230438056465,171.7279058767874,168.27553655784754,171.44102478027344,60273300.0,AAPL
2024-03-28 04:00:00+00:00,169.89782982249778,170.37264922530974,168.67119667981044,169.6307373046875,65672700.0,AAPL
2024-04-01 04:00:00+00:00,169.3438900607447,169.40324060587884,167.6523240532299,168.19639587402344,46240500.0,AAPL
2024-04-02 04:00:00+00:00,167.25661278755086,167.51380346702695,166.41577330219988,167.01919555664062,49329500.0,AAPL
2024-04-03 04:00:00+00:00,166.96973884210524,168.83935621904524,166.76201196368757,167.82046508789062,47691700.0,AAPL
2024-04-04 04:00:00+00:00,168.4535689105981,170.06599565718972,166.9994354248047,166.9994354248047,53704400.0,AAPL
2024-04-05 04:00:00+00:00,167.7611226870966,168.5524984345705,167.12802510796487,167.75123596191406,42104800.0,AAPL
2024-04-08 04:00:00+00:00,167.20716991074772,167.37533481002382,166.4256959559663,166.6334228515625,37425500.0,AAPL
2024-04-09 04:00:00+00:00,166.88073030235694,168.24585316442327,166.53451377109624,167.84027099609375,42373800.0,AAPL
2024-04-10 04:00:00+00:00,166.97966188332379,167.26652787853376,165.30788444762385,165.9706573486328,49709300.0,AAPL
2024-04-11 04:00:00+00:00,166.5246149420751,173.56784300454478,166.3465633103838,173.15235900878906,91070300.0,AAPL
2024-04-12 04:00:00+00:00,172.38078961681583,176.43658160486194,172.3313408879349,174.64610290527344,101670900.0,AAPL
2024-04-15 04:00:00+00:00,173.46888692512982,174.72519524382946,170.6397290741028,170.8276824951172,73531800.0,AAPL
2024-04-16 04:00:00+00:00,169.8978273072319,171.88614579113815,166.45536027289515,167.5533905029297,73711200.0,AAPL
2024-04-17 04:00:00+00:00,167.780901063059,168.80967890645843,166.18826293945312,166.18826293945312,50901200.0,AAPL
2024-04-18 04:00:00+00:00,166.21796146542746,166.8213838226369,164.7539260277304,165.23863220214844,43122900.0,AAPL
2024-04-19 04:00:00+00:00,164.41758473594675,164.60552308162337,162.31054999578998,163.2206268310547,68149400.0,AAPL
2024-04-22 04:00:00+00:00,163.7350029833429,165.45622881020677,162.9930911354229,164.05154418945312,48116400.0,AAPL
2024-04-23 04:00:00+00:00,163.56685559955991,165.24851961582092,163.14148491226467,165.10012817382812,49537800.0,AAPL
2024-04-24 04:00:00+00:00,164.74402954196006,167.47427542099652,164.4176015378687,167.19729614257812,48251800.0,AAPL
2024-04-25 04:00:00+00:00,167.70177351115603,168.77012851479734,166.33665071301928,168.05789184570312,50558300.0,AAPL
2024-04-26 04:00:00+00:00,168.04800546826704,169.49225225997063,167.35554224826544,167.47425842285156,44838400.0,AAPL
2024-04-29 04:00:00+00:00,171.50034913417457,174.1316669492416,171.2332717193323,171.6289520263672,68169400.0,AAPL
2024-04-30 04:00:00+00:00,171.46079655206535,173.10289859543835,168.1667057400835,168.49314880371094,65934800.0,AAPL
2024-05-01 04:00:00+00:00,167.75123767315736,170.84748833564953,167.28630498280754,167.47425842285156,50383100.0,AAPL
2024-05-02 04:00:00+00:00,170.64963546996492,171.54982559320527,169.04711048582428,171.16403198242188,94214900.0,AAPL
2024-05-03 04:00:00+00:00,184.6371141692426,184.98334572031666,180.6901529770176,181.4023895263672,163224100.0,AAPL
2024-05-06 04:00:00+00:00,180.38352481626606,182.21356516877455,178.47433028646978,179.75042724609375,78569700.0,AAPL
2024-05-07 04:00:00+00:00,181.47164781905605,182.9060078076493,179.36462828599997,180.43296813964844,77305800.0,AAPL
2024-05-08 04:00:00+00:00,180.878116710922,181.09574539643793,179.49320552179933,180.76930236816406,45057100.0,AAPL
2024-05-09 04:00:00+00:00,180.5912561815798,182.66861565405213,180.14611203583203,182.57958984375,48983000.0,AAPL
2024-05-10 04:00:00+00:00,183.1540861312051,183.34229448527321,180.4102525825865,181.32156372070312,50759500.0,AAPL
2024-05-13 04:00:00+00:00,183.68900761377958,185.3333368917867,182.87674310968822,184.5210723876953,72044800.0,AAPL
2024-05-14 04:00:00+00:00,185.7394637127145,186.52201273815805,184.53098214319476,185.66021728515625,52393600.0,AAPL
2024-05-15 04:00:00+00:00,186.13568203158255,188.849800179078,185.6007724639543,187.9285888671875,70400000.0,AAPL
2024-05-16 04:00:00+00:00,188.6714956614686,189.2955517477419,187.86914647323638,188.0474395751953,52845200.0,AAPL
2024-05-17 04:00:00+00:00,187.72056236134898,189.0082902438942,187.3936765447615,188.07716369628906,41282900.0,AAPL
2024-05-20 04:00:00+00:00,187.54228461702792,190.10782534306233,187.22529890901677,189.2361297607422,44361300.0,AAPL
2024-05-21 04:00:00+00:00,189.28567056183377,190.91018461353585,189.11727756366656,190.53378295898438,42309400.0,AAPL
2024-05-22 04:00:00+00:00,190.45453220558076,190.99934196064652,188.47341681604038,189.0974578857422,34648500.0,AAPL
2024-05-23 04:00:00+00:00,189.17666356785324,189.19647894959962,184.86774759253774,185.11538696289062,51005900.0,AAPL
2024-05-24 04:00:00+00:00,187.0370913918068,188.7804673088457,186.26444256610336,188.18612670898438,36327000.0,AAPL
2024-05-28 04:00:00+00:00,189.70168159973719,191.1776178733189,187.31444925751387,188.196044921875,52280100.0,AAPL
2024-05-29 04:00:00+00:00,187.8196530916493,190.43472491238563,187.7205912720781,188.49322509765625,53068000.0,AAPL
2024-05-30 04:00:00+00:00,188.9587703074631,190.36536034504638,188.83000809203267,189.4837646484375,49889100.0,AAPL
2024-05-31 04:00:00+00:00,189.63232797686064,190.75166277533643,188.1167762289514,190.43467712402344,75158300.0,AAPL
2024-06-03 04:00:00+00:00,191.07854113305333,193.14881785405223,190.7021395503604,192.1978759765625,50080500.0,AAPL
2024-06-04 04:00:00+00:00,192.80213237542046,193.47571940906454,191.2073340206378,192.51487731933594,47471400.0,AAPL
2024-06-05 04:00:00+00:00,193.55494454203196,195.04078090785526,193.02995023528447,194.0205078125,54156800.0,AAPL
2024-06-06 04:00:00+00:00,193.84224299284628,194.64459232913165,192.33659102362645,192.64366149902344,41181800.0,AAPL
2024-06-07 04:00:00+00:00,192.81202934049514,195.08041469163098,192.30685040959915,195.0308837890625,53103900.0,AAPL
2024-06-10 04:00:00+00:00,195.04080033594326,195.43703247512377,190.33565137548777,191.29649353027344,97010200.0,AAPL
2024-06-11 04:00:00+00:00,191.82147267998263,205.20391549352811,191.8016724106265,205.19400024414062,172373300.0,AAPL
2024-06-12 04:00:00+00:00,205.4119153142898,218.12077055688877,204.94635205432962,211.05810546875,198134300.0,AAPL
2024-06-13 04:00:00+00:00,212.71235034689784,214.70336573665497,209.60200000148347,212.21707153320312,97862700.0,AAPL
2024-06-14 04:00:00+00:00,211.83075578674166,213.13828400218216,209.3048308005582,210.4835968017578,70122700.0,AAPL
2024-06-17 04:00:00+00:00,211.35528688913016,216.88260054537645,210.71143044440285,214.62413024902344,93728300.0,AAPL
2024-06-18 04:00:00+00:00,215.53544497511416,216.56563344094587,210.9887887879192,212.2666015625,79943300.0,AAPL
2024-06-20 04:00:00+00:00,211.9099422908011,212.2170277883478,206.8779238818708,207.7000732421875,86172500.0,AAPL
2024-06-21 04:00:00+00:00,208.40343403997312,209.8892705909824,205.15440599094305,205.53082275390625,241805100.0,AAPL
2024-06-24 04:00:00+00:00,205.75865018980198,210.69162338847192,204.63931513285507,206.1746826171875,80727000.0,AAPL
2024-06-25 04:00:00+00:00,207.1751328027417,209.3840873125504,206.64023830581658,207.0959014892578,55549700.0,AAPL
2024-06-26 04:00:00+00:00,209.5029286499739,212.8312027309874,208.65104852463386,211.2364044189453,66213200.0,AAPL
2024-06-27 04:00:00+00:00,212.66282504623206,213.70291360533915,210.34492376459474,212.07839965820312,49772700.0,AAPL
2024-06-28 04:00:00+00:00,213.73260601871965,214.0297763055812,208.3142550307382,208.6312255859375,82542700.0,AAPL
2024-07-01 04:00:00+00:00,210.0873668962765,215.4561875080808,209.91897391071575,214.703369140625,60402900.0,AAPL
2024-07-02 04:00:00+00:00,214.10903193760322,218.29910171758146,213.068958487467,218.1901397705078,58046200.0,AAPL
2024-07-03 04:00:00+00:00,217.92268618597842,219.4580535888672,216.9618440422543,219.4580535888672,37369800.0,AAPL
2024-07-05 04:00:00+00:00,219.55708698216947,224.3117665065084,219.55708698216947,224.2028045654297,60412400.0,AAPL
2024-07-08 04:00:00+00:00,224.9457357840812,225.69856928044194,221.14199799041046,225.66885375976562,59085900.0,AAPL
2024-07-09 04:00:00+00:00,225.77780318070188,227.23392416937492,224.23253562897796,226.52072143554688,48076100.0,AAPL
2024-07-10 04:00:00+00:00,227.13486087511765,230.8791673967792,227.0853299721382,230.7801055908203,62627700.0,AAPL
2024-07-11 04:00:00+00:00,229.20515687131274,230.19571462003094,223.6382271602243,225.42123413085938,64710600.0,AAPL
2024-07-12 04:00:00+00:00,226.7584454352943,230.44332094014862,226.5207061684713,228.36314392089844,53046500.0,AAPL
2024-07-15 04:00:00+00:00,234.2470836578572,234.99000194235262,230.88909361652622,232.1867218017578,62631300.0,AAPL
2024-07-16 04:00:00+00:00,232.78106107648213,234.03907359612094,230.13627381333595,232.60276794433594,43234300.0,AAPL
2024-07-17 04:00:00+00:00,227.2834515580279,229.2744821236097,224.49998695797876,226.71884155273438,57345900.0,AAPL
2024-07-18 04:00:00+00:00,228.10560948409145,228.26410233218343,220.17124832102243,222.06320190429688,66034600.0,AAPL
2024-07-19 04:00:00+00:00,222.6971648700337,224.65846466815103,221.17169771561296,222.1919708251953,49151500.0,AAPL
2024-07-22 04:00:00+00:00,224.86646431913928,225.6291978658938,220.98348053112068,221.84527587890625,48201800.0,AAPL
2024-07-23 04:00:00+00:00,222.25137402592688,224.797113971083,220.57732948840513,222.8853302001953,39960300.0,AAPL
2024-07-24 04:00:00+00:00,221.88489130573666,222.67734036905603,215.07976577070053,216.4764404296875,61777600.0,AAPL
2024-07-25 04:00:00+00:00,216.86277641061952,218.76466037633443,212.59347540961954,215.43638610839844,51391200.0,AAPL
2024-07-26 04:00:00+00:00,216.63493468142264,217.4174836156479,213.97033243488113,215.9019317626953,41601300.0,AAPL
2024-07-29 04:00:00+00:00,214.91136311441508,217.2292640505173,213.71278188189444,216.1792755126953,36311800.0,AAPL
2024-07-30 04:00:00+00:00,217.1203409396055,218.24957609355639,214.07932159795172,216.73402404785156,41643800.0,AAPL
2024-07-31 04:00:00+00:00,219.34912161561857,221.70665401595326,218.54677221609964,219.9830780029297,50036300.0,AAPL
2024-08-01 04:00:00+00:00,222.25141811315143,222.36038006072013,214.97082835556836,216.2981719970703,62501000.0,AAPL
2024-08-02 04:00:00+00:00,217.0807092384795,223.46981835778237,215.6543188775265,217.7840118408203,105568600.0,AAPL
2024-08-05 04:00:00+00:00,197.21010696314244,211.484045462397,194.14928763761037,207.2939910888672,119548600.0,AAPL
2024-08-06 04:00:00+00:00,203.3614702980554,208.00718767754023,199.1714160471065,205.2732391357422,69660500.0,AAPL
2024-08-07 04:00:00+00:00,204.94634956752103,211.62271284755147,204.4411706619682,207.8387908935547,63516400.0,AAPL
2024-08-08 04:00:00+00:00,211.097744151489,212.17744837655164,206.8581585633277,211.2958526611328,47161100.0,AAPL
2024-08-09 04:00:00+00:00,210.09728825409005,214.7330909034816,209.96851092003678,214.1981964111328,42201600.0,AAPL
2024-08-12 04:00:00+00:00,214.27752324509848,217.6889728146819,213.81142108338884,215.72540283203125,38028100.0,AAPL
2024-08-13 04:00:00+00:00,217.19312608520667,220.04923895369578,217.19312608520667,219.43438720703125,44155300.0,AAPL
2024-08-14 04:00:00+00:00,218.7401920302427,221.1797757696837,217.87739912826086,219.88064575195312,41960600.0,AAPL
2024-08-15 04:00:00+00:00,222.73677426147512,223.48055242779947,220.9120269929499,222.85577392578125,46414000.0,AAPL
2024-08-16 04:00:00+00:00,222.06237857544772,224.94824111633486,221.79461423345728,224.17471313476562,44340200.0,AAPL
2024-08-19 04:00:00+00:00,223.84747960195193,224.115243980586,221.18970440160442,224.0160675048828,40687800.0,AAPL
2024-08-20 04:00:00+00:00,223.8970689622142,225.28544883578485,223.57971634413767,224.63092041015625,30299000.0,AAPL
2024-08-21 04:00:00+00:00,224.64083485973637,226.08871448701353,223.1830285060583,224.52182006835938,34765500.0,AAPL
2024-08-22 04:00:00+00:00,225.90029338876204,226.4457337259973,222.04256465043304,222.66734313964844,43695300.0,AAPL
2024-08-23 04:00:00+00:00,223.78795679469894,226.32671693712516,222.46898849072514,224.95816040039062,38677300.0,AAPL
2024-08-26 04:00:00+00:00,224.87885041051024,225.39454085782168,222.0326640536948,225.2953643798828,30602200.0,AAPL
2024-08-27 04:00:00+00:00,224.12514736512034,226.95151036486342,223.02435510684418,226.1383056640625,35934600.0,AAPL
2024-08-28 04:00:00+00:00,226.02921369079436,227.95312221094204,223.80779089178384,224.611083984375,38052200.0,AAPL
2024-08-29 04:00:00+00:00,228.19113851748892,230.98773644426686,226.98125820388418,227.88369750976562,51906300.0,AAPL
2024-08-30 04:00:00+00:00,228.28038060324323,228.4886300006117,225.59285569982603,227.10025024414062,52990800.0,AAPL
2024-09-03 04:00:00+00:00,226.65401607692846,227.1002799762046,219.33523365285652,220.92196655273438,50190600.0,AAPL
2024-09-04 04:00:00+00:00,219.82114598403248,219.94014563997789,215.67581475954933,219.0178680419922,43840200.0,AAPL
2024-09-05 04:00:00+00:00,219.79140861107143,223.60946073514918,219.6823205428289,220.53518676757812,36615400.0,AAPL
2024-09-06 04:00:00+00:00,222.09215251756703,223.37145940933704,217.94683622588397,218.98812866210938,48423000.0,AAPL
2024-09-09 04:00:00+00:00,218.98812757352732,219.4343914347755,214.91222272734436,219.07737731933594,67180000.0,AAPL
2024-09-10 04:00:00+00:00,217.10388142289187,219.6426417511051,214.9320468059923,218.2840118408203,51591000.0,AAPL
2024-09-11 04:00:00+00:00,219.62283934479092,221.23930705217748,216.08244775598524,220.81288146972656,44587100.0,AAPL
2024-09-12 04:00:00+00:00,220.65420216028613,221.6954946800681,217.99644195502805,220.92196655273438,37455600.0,AAPL
2024-09-13 04:00:00+00:00,221.72521710949164,222.18139254741286,220.06907298412548,220.6541748046875,36766600.0,AAPL
2024-09-16 04:00:00+00:00,214.74362792854853,215.4179946756504,212.14536768072225,214.5254669189453,59357400.0,AAPL
2024-09-17 04:00:00+00:00,213.96018092212807,215.1006346980314,212.72055067344832,214.99154663085938,45519300.0,AAPL
2024-09-18 04:00:00+00:00,215.745241460142,220.86243852013078,215.7353147340035,218.85919189453125,59894900.0,AAPL
2024-09-19 04:00:00+00:00,223.12354184254357,227.91347512552952,222.76652771175563,226.97134399414062,66781300.0,AAPL
2024-09-20 04:00:00+00:00,228.06222073119503,231.15633305592988,225.7317097608303,226.30690002441406,318679900.0,AAPL
2024-09-23 04:00:00+00:00,225.4540253555904,227.54652178723228,223.9367191660146,224.59124755859375,54146000.0,AAPL
2024-09-24 04:00:00+00:00,226.75314473243895,227.44734973367454,223.85737047004787,225.4837646484375,43556100.0,AAPL
2024-09-25 04:00:00+00:00,223.06402418257602,225.40444676008957,222.1615848378298,224.49208068847656,42308700.0,AAPL
2024-09-26 04:00:00+00:00,225.4143769570366,226.60441901953834,223.54005654723983,225.63255310058594,36636700.0,AAPL
2024-09-27 04:00:00+00:00,226.56475422029098,227.6159582791164,225.41437368594384,225.90029907226562,34026000.0,AAPL
2024-09-30 04:00:00+00:00,228.13162655878588,231.06707763671875,227.74486252768645,231.06707763671875,54541900.0,AAPL
2024-10-01 04:00:00+00:00,227.6159583693189,227.74486962890148,221.88390914906273,224.3334197998047,63285000.0,AAPL
2024-10-02 04:00:00+00:00,224.01608068964856,225.4837987967651,221.16989422947793,224.89869689941406,32880600.0,AAPL
2024-10-03 04:00:00+00:00,223.27226484855484,224.92840891217833,221.4673712198949,223.79786682128906,34044200.0,AAPL
2024-10-04 04:00:00+00:00,226.00938361911108,226.10856009308668,222.27066963907552,224.91851806640625,37245100.0,AAPL
2024-10-07 04:00:00+00:00,222.63759275105315,223.81772316941647,219.49389225502094,219.8509063720703,39505400.0,AAPL
2024-10-08 04:00:00+00:00,222.4392426471427,224.10529834651464,221.39795026893304,223.8970489501953,31855700.0,AAPL
2024-10-09 04:00:00+00:00,223.36151510273743,227.84402197002447,222.96483950692257,227.63575744628906,33591100.0,AAPL
2024-10-10 04:00:00+00:00,225.89038125247495,227.59611368544336,225.28544108575701,227.13992309570312,28183500.0,AAPL
2024-10-11 04:00:00+00:00,227.39777482080956,227.5068628874906,225.4540279414576,225.66229248046875,31759200.0,AAPL
2024-10-14 04:00:00+00:00,226.80274288926017,229.8076053434174,226.70358155060512,229.3811798095703,39882100.0,AAPL
2024-10-15 04:00:00+00:00,231.67203496624026,235.51985237359267,230.4423162246621,231.91004943847656,64751400.0,AAPL
2024-10-16 04:00:00+00:00,229.67870875165642,230.19438406287304,227.9332995992129,229.85720825195312,34082200.0,AAPL
2024-10-17 04:00:00+00:00,231.49350124327563,231.91003031839952,228.60765355789445,230.22412109375,32993800.0,AAPL
2024-10-18 04:00:00+00:00,234.2206797118992,234.2206797118992,232.0686835146529,233.05047607421875,46431500.0,AAPL
2024-10-21 04:00:00+00:00,232.5050454306036,234.88514457730523,232.5050454306036,234.51820373535156,36254500.0,AAPL
2024-10-22 04:00:00+00:00,231.9496772340994,234.26034966164363,230.67038557078126,233.90333557128906,38846600.0,AAPL
2024-10-23 04:00:00+00:00,232.13812257917175,233.18932661738793,225.87054472777703,228.8456573486328,52287000.0,AAPL
2024-10-24 04:00:00+00:00,228.07212485007065,228.90516786821388,226.51515714412935,228.65724182128906,31109500.0,AAPL
2024-10-25 04:00:00+00:00,227.83412074973037,231.28524701350278,227.665532857223,229.49026489257812,38802300.0,AAPL
2024-10-28 04:00:00+00:00,231.38442210065006,232.78271346714027,230.62080565968694,231.4637451171875,36087100.0,AAPL
2024-10-29 04:00:00+00:00,231.16627329542206,232.38606532055925,230.39274516902225,231.73153686523438,35417200.0,AAPL
2024-10-30 04:00:00+00:00,230.68030356750913,231.53316974412917,227.64569128136466,228.19113159179688,47070900.0,AAPL
2024-10-31 04:00:00+00:00,227.43742665071557,227.92336713292326,223.5003599556127,224.035888671875,64370100.0,AAPL
2024-11-01 04:00:00+00:00,219.13688241025088,223.4805517303345,218.44269248362247,221.060791015625,65276700.0,AAPL
2024-11-04 05:00:00+00:00,219.15671602208408,220.94177147156717,217.88733586004025,220.16824340820312,44944500.0,AAPL
2024-11-05 05:00:00+00:00,219.9599772111233,222.0921350198155,219.30544885909725,221.59628295898438,28111300.0,AAPL
2024-11-06 05:00:00+00:00,220.76327216240406,224.19457534628128,219.35505401685137,220.8723602294922,54561100.0,AAPL
2024-11-07 05:00:00+00:00,222.7665171269793,225.9895557457087,222.7070172967094,225.59286499023438,42137700.0,AAPL
2024-11-08 05:00:00+00:00,225.53329235935942,227.01256271730918,224.77877343219782,225.32481384277344,38328800.0,AAPL
2024-11-11 05:00:00+00:00,223.37892800863307,224.07388164377818,219.90414468405433,222.61447143554688,42005600.0,AAPL
2024-11-12 05:00:00+00:00,222.9321731823864,223.96467356190874,221.75074442821315,222.61447143554688,40398300.0,AAPL
2024-11-13 05:00:00+00:00,222.39605879884869,225.01703765642938,221.15506473467502,223.49806213378906,48566200.0,AAPL
2024-11-14 05:00:00+00:00,223.3987876531247,227.2210402122622,223.3789275067786,226.5757293701172,44923900.0,AAPL
2024-11-15 05:00:00+00:00,224.76884409236825,225.28510187679902,222.65420045885568,223.37893676757812,47923700.0,AAPL
2024-11-18 05:00:00+00:00,223.6271499370396,228.08480645929455,223.5477244921184,226.377197265625,44633700.0,AAPL
2024-11-19 05:00:00+00:00,225.34466282087314,228.50175961033486,225.02697621656037,226.6352996826172,36211800.0,AAPL
2024-11-20 05:00:00+00:00,226.4168829534927,228.27340522879027,224.26251907255318,227.35011291503906,35169600.0,AAPL
2024-11-21 05:00:00+00:00,227.230987838277,228.50176458087773,224.0838286281757,226.8735809326172,42108300.0,AAPL
2024-11-22 05:00:00+00:00,226.4168797117104,229.05771868234922,226.4168797117104,228.21383666992188,38168300.0,AAPL
2024-11-25 05:00:00+00:00,229.79240040372403,231.5694972757357,228.08479132337303,231.19223022460938,90152800.0,AAPL
2024-11-26 05:00:00+00:00,231.6489234928732,233.87279036398945,231.6489234928732,233.366455078125,45986200.0,AAPL
2024-11-27 05:00:00+00:00,232.78068842055708,233.99189975911068,232.12543996222107,233.23736572265625,33498400.0,AAPL
2024-11-29 05:00:00+00:00,233.11826871739834,236.09665470361549,232.28432427698263,235.6201171875,28481400.0,AAPL
2024-12-02 05:00:00+00:00,235.5605532676808,239.0551819380818,235.45134517492735,237.86383056640625,48137100.0,AAPL
2024-12-03 05:00:00+00:00,238.08222901174219,241.01097200063165,237.17878168890522,240.90176391601562,38861000.0,AAPL
2024-12-04 05:00:00+00:00,241.12019505186365,242.35126670496282,239.5118714775545,241.25918579101562,44383900.0,AAPL
2024-12-05 05:00:00+00:00,242.2321233137982,242.77814859306412,240.38552350615552,241.28895568847656,40033900.0,AAPL
2024-12-06 05:00:00+00:00,241.1599112680226,242.86752040520184,240.33588934668637,241.0904083251953,36870600.0,AAPL
2024-12-09 05:00:00+00:00,240.08767817050534,245.45870413211114,240.0082527322972,244.97222900390625,44649200.0,AAPL
2024-12-10 05:00:00+00:00,245.11122909402775,246.42172615122828,243.5723933612922,245.98489379882812,36914800.0,AAPL
2024-12-11 05:00:00+00:00,246.17353693536344,248.99307203962232,244.48577275361333,244.71412658691406,45205800.0,AAPL
2024-12-12 05:00:00+00:00,245.11120954102955,246.9478867446912,243.90992066775823,246.1735076904297,32777500.0,AAPL
2024-12-13 05:00:00+00:00,246.03453629863122,247.4939314395242,244.46591792091505,246.34230041503906,33155300.0,AAPL
2024-12-16 05:00:00+00:00,246.20327957624434,249.56885459541954,245.86571770543418,249.23129272460938,51694800.0,AAPL
2024-12-17 05:00:00+00:00,248.2782646635714,252.0012472518288,247.98042302673983,251.6537628173828,51356400.0,AAPL
2024-12-18 05:00:00+00:00,250.343283238806,252.44800456803839,245.9551295369763,246.2628936767578,56774100.0,AAPL
2024-12-19 05:00:00+00:00,245.71681628677703,250.18439476471843,245.30976661195103,247.9903106689453,60882300.0,AAPL
2024-12-20 05:00:00+00:00,246.2529371403228,253.16279902630112,243.919877297432,252.65647888183594,147495300.0,AAPL
2024-12-23 05:00:00+00:00,252.93446477293034,253.80811434244586,251.6239676953758,253.4308624267578,40858800.0,AAPL
2024-12-24 05:00:00+00:00,253.64930053302467,256.34969006633503,253.4507293352449,256.33978271484375,23234700.0,AAPL
2024-12-26 05:00:00+00:00,256.32983230675023,258.2260750496306,255.77386933789322,257.1538391113281,27237100.0,AAPL
2024-12-27 05:00:00+00:00,255.97238682838486,256.836144148833,251.2367643772991,253.74853515625,42355300.0,AAPL
2024-12-30 05:00:00+00:00,250.41276299480816,251.67361731138075,248.9434301413362,250.3829803466797,35557500.0,AAPL
2024-12-31 05:00:00+00:00,250.6212497119267,251.4551941340452,247.63292614272083,248.6157989501953,39480700.0,AAPL
2025-01-02 05:00:00+00:00,247.1365264348607,247.3053149666319,240.07776640397734,242.0931396484375,55740700.0,AAPL
2025-01-03 05:00:00+00:00,241.60665893554688,242.42074318433572,240.14724866814672,241.60665893554688,40244100.0,AAPL
2025-01-06 05:00:00+00:00,242.54980162717402,245.54804748087855,241.4477983095151,243.23483276367188,45045600.0,AAPL
2025-01-07 05:00:00+00:00,241.22937670987722,243.78086767976055,239.6111308132576,240.46493530273438,40856000.0,AAPL
2025-01-08 05:00:00+00:00,240.17703689438372,241.9541489627904,238.32051453305579,240.951416015625,37628900.0,AAPL
2025-01-10 05:00:00+00:00,238.28079154222544,238.4297199246896,231.32130202918376,235.14356994628906,61710900.0,AAPL
2025-01-13 05:00:00+00:00,231.84746989306117,232.9792558543989,228.06492247356016,232.71119689941406,49630700.0,AAPL
2025-01-14 05:00:00+00:00,233.05869925952226,234.41882398797216,230.79512716232853,231.5992889404297,39435300.0,AAPL
2025-01-15 05:00:00+00:00,232.94947976770305,237.2383625727966,232.74098609709984,236.1562042236328,39832000.0,AAPL
2025-01-16 05:00:00+00:00,235.6399369865453,236.29517027818645,226.38707883563703,226.61541748046875,71759100.0,AAPL
2025-01-17 05:00:00+00:00,230.44764042021458,230.6164138035219,226.833866130533,228.32305908203125,68488300.0,AAPL
2025-01-21 05:00:00+00:00,222.38613659782595,222.8031087860845,217.79942737812888,221.0359344482422,98070400.0,AAPL
2025-01-22 05:00:00+00:00,218.2064751614249,222.5052806842356,218.2064751614249,222.21737670898438,64126500.0,AAPL
2025-01-23 05:00:00+00:00,223.12083531174778,225.3943300272927,220.69841220245485,222.04861450195312,60234800.0,AAPL
2025-01-24 05:00:00+00:00,223.160517277336,224.00439930767484,219.81480209957203,221.1749267578125,54697900.0,AAPL
2025-01-27 05:00:00+00:00,222.4059977899183,230.47741293083342,222.36627749626697,228.20391845703125,94863400.0,AAPL
2025-01-28 05:00:00+00:00,229.1868093297106,238.45951413038736,229.1470890329199,236.5434112548828,75707600.0,AAPL
2025-01-29 05:00:00+00:00,232.43322998057818,238.13188043636077,232.32402189200354,237.63548278808594,45486100.0,AAPL
2025-01-30 05:00:00+00:00,236.95045561956258,239.05517683623282,235.50098294542886,235.87823486328125,55658300.0,AAPL
2025-01-31 05:00:00+00:00,245.4090800423025,245.4090800423025,231.7581442550369,234.29969787597656,100959800.0,AAPL
2025-02-03 05:00:00+00:00,228.33297872450572,230.15971829856622,224.0738787357251,226.3672332763672,73063300.0,AAPL
2025-02-04 05:00:00+00:00,225.61272492539547,231.45036595591674,225.01704170433482,231.12274169921875,45067300.0,AAPL
2025-02-05 05:00:00+00:00,226.88350440739822,230.99367626573292,226.625383087866,230.7951202392578,39620300.0,AAPL
2025-02-06 05:00:00+00:00,229.62360070928509,232.11552641696264,228.76979621063217,231.53970336914062,29925300.0,AAPL
2025-02-07 05:00:00+00:00,230.92419948813392,232.31410688860944,225.622660920367,225.99000549316406,39707200.0,AAPL
2025-02-10 05:00:00+00:00,228.16660736242451,229.1803610121675,225.81108525741098,226.25833129882812,33115600.0,AAPL
2025-02-11 05:00:00+00:00,226.8049592810601,233.7919821040532,226.7353950927951,231.19793701171875,53718400.0,AAPL
2025-02-12 05:00:00+00:00,229.78661520122571,235.51141262786788,229.26978984120754,235.4219512939453,45243300.0,AAPL
2025-02-13 05:00:00+00:00,235.46174477414044,240.85854326211725,234.12993999243653,240.05349731445312,53614100.0,AAPL
2025-02-14 05:00:00+00:00,239.77519417214083,244.04891051069433,239.51678905976664,243.10472106933594,40896200.0,AAPL
2025-02-18 05:00:00+00:00,242.65747382373942,243.6811760890431,240.3615975750387,242.97552490234375,48822500.0,AAPL
2025-02-19 05:00:00+00:00,243.16433914739287,244.50607717853558,241.67350900245088,243.373046875,32204200.0,AAPL
2025-02-20 05:00:00+00:00,243.44265077076676,245.2713989598738,242.7966152101895,244.32720947265625,32316900.0,AAPL
2025-02-21 05:00:00+00:00,244.44643778526165,247.16969288030828,243.72090471996572,244.04888916015625,53197400.0,AAPL
2025-02-24 05:00:00+00:00,243.43268408373555,247.33866705271078,242.92580728065096,245.5894317626953,51326400.0,AAPL
2025-02-25 05:00:00+00:00,246.48395378064242,248.47172760145406,243.41284686721102,245.52981567382812,48013300.0,AAPL
2025-02-26 05:00:00+00:00,242.83637220684057,243.48239258336395,237.66816369812489,238.89064025878906,44433600.0,AAPL
2025-02-27 05:00:00+00:00,237.94643641845556,240.97779411500133,235.61079643123784,235.84933471679688,41153600.0,AAPL
2025-02-28 05:00:00+00:00,235.5014815283524,240.61005923211764,228.7927454203557,240.36158752441406,56833400.0,AAPL
2025-03-03 05:00:00+00:00,240.31189930334125,242.53821134874983,234.66662916873,236.57489013671875,47184000.0,AAPL
2025-03-04 05:00:00+00:00,236.2568645897131,238.60243830930253,233.24537329325,234.48773193359375,53798100.0,AAPL
2025-03-05 05:00:00+00:00,233.98083809185871,235.1039350742086,227.82867612475383,234.29888916015625,47227600.0,AAPL
2025-03-06 05:00:00+00:00,233.00684447444675,236.4059358119138,231.73467047090975,233.8914031982422,45170400.0,AAPL
2025-03-07 05:00:00+00:00,233.67273718007357,239.89446338205195,233.32487071745646,237.60853576660156,46273600.0,AAPL
2025-03-10 04:00:00+00:00,234.10011191080184,234.71633209649934,222.84932017741133,226.08938598632812,72071200.0,AAPL
2025-03-11 04:00:00+00:00,222.44182022291236,224.45940937640347,216.12069905845206,219.48997497558594,76137400.0,AAPL
2025-03-12 04:00:00+00:00,218.79423505763873,220.39439337943787,213.59621144659917,215.65354919433594,62547500.0,AAPL
2025-03-13 04:00:00+00:00,214.6298526174969,215.5144112677834,207.14588618522245,208.39817810058594,61368300.0,AAPL
2025-03-14 04:00:00+00:00,209.95857893569573,212.64207016591416,208.29878985935505,212.1848907470703,60107600.0,AAPL
2025-03-17 04:00:00+00:00,212.00600336087763,213.9043309003415,208.68642489319868,212.69178771972656,48073400.0,AAPL
2025-03-18 04:00:00+00:00,212.85080057479257,213.83473880015984,210.19712464056028,211.38978576660156,42432400.0,AAPL
2025-03-19 04:00:00+00:00,212.91042558181826,217.42266485537363,212.44329758558237,213.9241943359375,54385400.0,AAPL
2025-03-20 04:00:00+00:00,212.6818553101102,216.16045933121794,210.92267131595005,212.7911834716797,48862900.0,AAPL
2025-03-21 04:00:00+00:00,210.26669685360034,217.5021918152461,209.9884097524224,216.93568420410156,94127800.0,AAPL
2025-03-24 04:00:00+00:00,219.64898417718916,220.1260455978378,217.24377992596973,219.38063049316406,44299500.0,AAPL
2025-03-25 04:00:00+00:00,219.4204082670252,222.73005335992565,218.73462390108503,222.38218688964844,34493600.0,AAPL
2025-03-26 04:00:00+00:00,222.14365782695532,223.6444367672013,219.12224829293882,220.17576599121094,34466100.0,AAPL
2025-03-27 04:00:00+00:00,220.03661426059983,223.61461307047793,219.21168633594712,222.48158264160156,37094800.0,AAPL
2025-03-28 04:00:00+00:00,220.31490521146458,222.44182255065115,216.34929105853038,216.5679473876953,39818600.0,AAPL
2025-03-31 04:00:00+00:00,215.683368745432,224.24073468961828,214.90813825561798,220.77207946777344,65299300.0,AAPL
2025-04-01 04:00:00+00:00,218.46626491168394,222.31260214779184,217.5618242432653,221.8256072998047,36412700.0,AAPL
2025-04-02 04:00:00+00:00,219.96705040499884,223.81338775742097,219.66888130946384,222.52133178710938,35905900.0,AAPL
2025-04-03 04:00:00+00:00,204.28348559152053,206.22157697816277,200.0197179050274,201.94786071777344,103419000.0,AAPL
2025-04-04 04:00:00+00:00,192.7047355778497,198.658123727335,186.19477317599058,187.22842407226562,125910900.0,AAPL
2025-04-07 04:00:00+00:00,176.11674047268428,192.96311894309866,173.55251067175698,180.3507080078125,160466300.0,AAPL
2025-04-08 04:00:00+00:00,185.55866963100107,189.17641711488596,168.175598539417,171.365966796875,120859500.0,AAPL
2025-04-09 04:00:00+00:00,170.89883496621582,199.38363475051753,170.83920418374143,197.6343994140625,184395900.0,AAPL
2025-04-10 04:00:00+00:00,187.9141974958541,193.5892830219747,181.88129692496375,189.2559356689453,121880000.0,AAPL
2025-04-11 04:00:00+00:00,184.96236474624945,198.32019241914816,184.9226007761468,196.93869018554688,87435900.0,AAPL
2025-04-14 04:00:00+00:00,210.14743595954587,211.63826622013798,199.9302804535287,201.28196716308594,101352900.0,AAPL
2025-04-15 04:00:00+00:00,200.6259945192588,202.26590170954893,198.57859009217825,200.90428161621094,51343900.0,AAPL
2025-04-16 04:00:00+00:00,197.1474065096439,199.47309822086447,191.19401850640656,193.08241271972656,59732400.0,AAPL
2025-04-17 04:00:00+00:00,195.9944894564487,197.61452992177487,193.2314851467638,195.7758331298828,52164700.0,AAPL
2025-04-21 04:00:00+00:00,192.08851517151226,192.6152739871965,188.64966000796989,191.97918701171875,46742500.0,AAPL
2025-04-22 04:00:00+00:00,194.92107095045932,200.35763286451953,194.7719939992729,198.51895141601562,52976400.0,AAPL
2025-04-23 04:00:00+00:00,204.74070932932477,206.7284832063085,201.56027415925303,203.34927368164062,52929200.0,AAPL
2025-04-24 04:00:00+00:00,203.6374845300284,207.5534013078127,201.69940812530302,207.09620666503906,47311000.0,AAPL
2025-04-25 04:00:00+00:00,205.10842646651815,208.46776890662989,204.9394675201618,208.00064086914062,38222300.0,AAPL
2025-04-28 04:00:00+00:00,208.71621839949725,210.2070485309222,206.19175271644127,208.85536193847656,38743100.0,AAPL
2025-04-29 04:00:00+00:00,207.4142395090872,210.94254069563792,207.09618845243054,209.91883850097656,36827600.0,AAPL
2025-04-30 04:00:00+00:00,208.02053835450616,212.27437321950518,205.40661086468026,211.2009735107422,52286500.0,AAPL
2025-05-01 04:00:00+00:00,207.80187477964563,213.2483707428857,207.62296725165953,212.01596069335938,57365700.0,AAPL
2025-05-02 04:00:00+00:00,204.83013207172814,205.72463931330321,200.92416412992952,204.09466552734375,101010600.0,AAPL
2025-05-05 04:00:00+00:00,201.85841873478097,202.85230555244996,196.99831280299983,197.6741485595703,69018500.0,AAPL
2025-05-06 04:00:00+00:00,196.9983091053983,199.42338015596502,195.81558138809015,197.2964630126953,51216500.0,AAPL
2025-05-07 04:00:00+00:00,197.9524407308952,198.2207944248892,192.0686324392914,195.05029296875,68536700.0,AAPL
2025-05-08 04:00:00+00:00,196.51130456752412,198.82706269335065,193.48988012199126,196.28271484375,50478900.0,AAPL
2025-05-09 04:00:00+00:00,197.78348851905432,199.3140676367793,196.33240700583877,197.3163604736328,36453900.0,AAPL
2025-05-12 04:00:00+00:00,209.95528044040137,210.25384054136518,205.75557652693038,209.77613830566406,63775800.0,AAPL
2025-05-13 04:00:00+00:00,209.4178625594749,212.3735786127325,207.99474788922345,211.9058380126953,51909300.0,AAPL
2025-05-14 04:00:00+00:00,211.40824098508043,212.91098786371114,209.56714827780408,211.30873107910156,49325800.0,AAPL
2025-05-15 04:00:00+00:00,209.93535780893234,211.93569971673273,208.53213606160298,210.43295288085938,45029500.0,AAPL
2025-05-16 04:00:00+00:00,211.33858120774948,211.54757782116647,208.7610423595207,210.24386596679688,54737900.0,AAPL
2025-05-19 04:00:00+00:00,206.90999202317107,208.47243269467637,203.2775387890809,207.7758026123047,46140500.0,AAPL
2025-05-20 04:00:00+00:00,206.67113760639387,207.46729276724128,204.04383620537516,205.8650360107422,42496600.0,AAPL
2025-05-21 04:00:00+00:00,204.18315305948536,206.04415370597744,199.74461367242378,201.1179656982422,59211800.0,AAPL
2025-05-22 04:00:00+00:00,199.74461200022,201.77479312617928,198.73946027881726,200.3914794921875,46742400.0,AAPL
2025-05-23 04:00:00+00:00,192.73846975457602,196.74908474491085,192.52948833207407,194.33078002929688,78432900.0,AAPL
2025-05-27 04:00:00+00:00,197.34620772495165,199.77447409530296,196.48038197740732,199.2470245361328,56288500.0,AAPL
2025-05-28 04:00:00+00:00,199.6251894151235,201.75489573800118,198.9385057789635,199.4560089111328,45339700.0,AAPL
2025-05-29 04:00:00+00:00,202.60081106845576,202.8297005493605,197.55518975609246,198.98826599121094,51396800.0,AAPL
2025-05-30 04:00:00+00:00,198.4110493394953,200.98860329086406,195.83351057352263,199.88394165039062,70819900.0,AAPL
2025-06-02 04:00:00+00:00,199.31667499872813,201.15778278546435,199.15744093584797,200.72984313964844,35423300.0,AAPL
2025-06-03 04:00:00+00:00,200.38153417950807,202.78989241693247,199.99341064507593,202.29229736328125,46381600.0,AAPL
2025-06-04 04:00:00+00:00,201.93404589483336,205.24803106286797,201.12794426741362,201.844482421875,43604000.0,AAPL
2025-06-05 04:00:00+00:00,202.5212149488215,203.76520275563243,199.18732155240895,199.66502380371094,55126100.0,AAPL
2025-06-06 04:00:00+00:00,202.0236053289331,204.7106157617459,201.07817770068002,202.93917846679688,46607700.0,AAPL
2025-06-09 04:00:00+00:00,203.40692547634254,205.0091823144686,199.05794913802782,200.48106384277344,72862600.0,AAPL
2025-06-10 04:00:00+00:00,199.63515466910712,203.36711781582227,199.60530017876516,201.6951904296875,54672600.0,AAPL
2025-06-11 04:00:00+00:00,202.5211970741936,203.51638723180633,197.45568281643992,197.8238983154297,60989900.0,AAPL
2025-06-12 04:00:00+00:00,198.12244911144163,198.71955406677787,196.410720905765,198.2418670654297,43904600.0,AAPL
2025-06-13 04:00:00+00:00,198.7693188209708,199.4062398916536,194.758703844025,195.50509643554688,51447300.0,AAPL
2025-06-16 04:00:00+00:00,196.3510290449251,197.73434281232372,195.61458283187793,197.46563720703125,43020700.0,AAPL
2025-06-17 04:00:00+00:00,196.2514839890114,197.43576263348734,194.27106541566712,194.69898986816406,38856200.0,AAPL
2025-06-18 04:00:00+00:00,194.9975546383106,196.6197193940347,194.13174409281177,195.6344757080078,45394700.0,AAPL
2025-06-20 04:00:00+00:00,197.28649906078425,200.72984844555882,195.9131318065836,200.03321838378906,96813500.0,AAPL
2025-06-23 04:00:00+00:00,200.6602176062245,201.3269932602472,198.00306142602122,200.5308380126953,55814300.0,AAPL
2025-06-24 04:00:00+00:00,201.61557243039425,202.46149014710028,199.23706853700068,199.3365936279297,54064000.0,AAPL
2025-06-25 04:00:00+00:00,200.48105886821313,202.690382284235,199.65504919597097,200.5905303955078,39525700.0,AAPL
2025-06-26 04:00:00+00:00,200.4611428555203,201.66532960796235,198.50063224789568,200.03321838378906,50799100.0,AAPL
2025-06-27 04:00:00+00:00,200.91892502298623,202.2425296541318,199.03801637565215,200.11282348632812,73188600.0,AAPL
2025-06-30 04:00:00+00:00,201.03834688076608,206.39247448465787,198.30157410241034,204.1831512451172,91912800.0,AAPL
2025-07-01 04:00:00+00:00,205.67592638082795,209.17899961843958,205.1484768676989,206.82040405273438,78788900.0,AAPL
2025-07-02 04:00:00+00:00,207.90519262679368,212.31387801499196,207.13889190503232,211.418212890625,67941800.0,AAPL
2025-07-03 04:00:00+00:00,211.12958235725722,213.61755770997246,210.7912213537831,212.52285766601562,34955800.0,AAPL
2025-07-07 04:00:00+00:00,211.65701970580338,215.18994753990862,207.79569250723537,208.94015502929688,50229000.0,AAPL
2025-07-08 04:00:00+00:00,209.08948711474488,210.41307684433062,207.44741401627587,208.99990844726562,42848900.0,AAPL
2025-07-09 04:00:00+00:00,208.52220905408606,210.31355451699514,206.22332203726856,210.1244659423828,48749400.0,AAPL
2025-07-10 04:00:00+00:00,209.49745072772552,212.453166373689,209.01976375844308,211.38832092285156,44443600.0,AAPL
2025-07-11 04:00:00+00:00,209.55720483784353,211.10969909895366,208.8506131239295,210.1443634033203,39765800.0,AAPL
2025-07-14 04:00:00+00:00,208.92027389637033,209.89557123752414,206.54176989733165,207.6165771484375,38840100.0,AAPL
2025-07-15 04:00:00+00:00,208.2137043224775,210.8708604550018,207.915144211828,208.10423278808594,42296300.0,AAPL
2025-07-16 04:00:00+00:00,209.28851120731298,211.37840160704656,207.63649175890595,209.14918518066406,47490500.0,AAPL
2025-07-17 04:00:00+00:00,209.5571995447156,210.78127919114968,208.58190225319882,209.0098419189453,48068100.0,AAPL
2025-07-18 04:00:00+00:00,209.85573909301036,210.77131219576944,208.69136845628208,210.16424560546875,48974600.0,AAPL
2025-07-21 04:00:00+00:00,211.07983063398711,214.74212298846783,210.61209006251647,211.45799255371094,51377400.0,AAPL
2025-07-22 04:00:00+00:00,212.11484021935428,213.91613206526756,211.20921348603295,213.3687744140625,46404100.0,AAPL
2025-07-23 04:00:00+00:00,213.96588230147148,214.11515474984876,211.38834345684663,213.11996459960938,46989300.0,AAPL
2025-07-24 04:00:00+00:00,212.87116805528336,214.65256693634578,212.50295255730364,212.73184204101562,46022600.0,AAPL
2025-07-25 04:00:00+00:00,213.6673052863376,214.20471642869953,212.37355515647585,212.85125732421875,40268800.0,AAPL
2025-07-28 04:00:00+00:00,213.000569237894,213.8166325366559,212.03523347491873,213.02047729492188,37858000.0,AAPL
2025-07-29 04:00:00+00:00,213.14983725799084,213.77681196541135,209.80601264614248,210.25384521484375,51411700.0,AAPL
2025-07-30 04:00:00+00:00,210.88077731884883,211.36842593737322,206.72088996610802,208.04449462890625,45512500.0,AAPL
2025-07-31 04:00:00+00:00,207.48719786288635,208.83069544134486,206.16359315375274,206.57162475585938,80698400.0,AAPL
2025-08-01 04:00:00+00:00,209.8557561748323,212.5527283441607,200.530828701964,201.40660095214844,104434500.0,AAPL
2025-08-04 04:00:00+00:00,203.52634207300898,206.88014336875773,200.70995198839026,202.37193298339844,75109300.0,AAPL
2025-08-05 04:00:00+00:00,202.42168730403617,204.35235878558626,201.18766113385618,201.94400024414062,44155100.0,AAPL
2025-08-06 04:00:00+00:00,204.6409599471833,214.3440641251077,204.60114383647723,212.22430419921875,108483100.0,AAPL
2025-08-07 04:00:00+00:00,217.82723230897543,219.78775818606874,215.53829184895108,218.97169494628906,90224800.0,AAPL
2025-08-08 04:00:00+00:00,219.76784743364436,229.88892965735022,218.19544514014734,228.2468719482422,113854000.0,AAPL
2025-08-11 04:00:00+00:00,227.08116933177635,228.71513292468896,223.9327956372812,226.34388732910156,61806100.0,AAPL
2025-08-12 04:00:00+00:00,227.17083074525974,229.95057099439725,226.23430307406312,228.80479431152344,55626200.0,AAPL
2025-08-13 04:00:00+00:00,230.2195756343437,234.1351043372746,229.58191650034667,232.47125244140625,69878500.0,AAPL
2025-08-14 04:00:00+00:00,233.1985666998313,234.25466305951576,230.0003892485326,231.92327880859375,51916300.0,AAPL
2025-08-15 04:00:00+00:00,233.13877413921495,233.41774239633352,228.49592139875156,230.73764038085938,56038700.0,AAPL
2025-08-18 04:00:00+00:00,230.8472385776313,232.26201052585682,229.26309412883964,230.04022216796875,37476200.0,AAPL
2025-08-19 04:00:00+00:00,230.4287923573085,232.01293684851592,228.50590285589897,229.71144104003906,39402600.0,AAPL
2025-08-20 04:00:00+00:00,229.13359777829044,229.62179989876017,224.9391004018284,225.17820739746094,42263900.0,AAPL
2025-08-21 04:00:00+00:00,225.43724912794482,225.68632903786573,222.9564077521854,224.07228088378906,30621200.0,AAPL
2025-08-22 04:00:00+00:00,225.3376235225593,228.24687520672327,224.58042602754637,226.92176818847656,42477800.0,AAPL
2025-08-25 04:00:00+00:00,225.6464693442017,228.45609804536198,225.3973894325087,226.323974609375,30983100.0,AAPL
2025-08-26 04:00:00+00:00,226.03502689374838,228.6453946309622,223.86305742355088,228.46604919433594,54575100.0,AAPL
2025-08-27 04:00:00+00:00,227.7686378094015,230.05020313892598,227.41991984776428,229.6417236328125,31259500.0,AAPL
2025-08-28 04:00:00+00:00,229.9704999102399,232.55096405412047,228.4959359400532,231.70408630371094,38074700.0,AAPL
2025-08-29 04:00:00+00:00,231.65426265633033,232.52107103838586,230.51845893056873,231.28562927246094,39418400.0,AAPL
2025-09-02 04:00:00+00:00,228.4062860305561,230.00040359535532,226.13467838242784,228.8745574951172,44075600.0,AAPL
2025-09-03 04:00:00+00:00,236.33698891571112,237.9709525201245,233.49747185558658,237.59234619140625,66427800.0,AAPL
2025-09-04 04:00:00+00:00,237.57241502764154,239.01707546456905,235.86871695735925,238.89752197265625,47549400.0,AAPL
2025-09-05 04:00:00+00:00,239.1167027112504,240.43185187342493,237.61226559630578,238.80784606933594,54870400.0,AAPL
2025-09-08 04:00:00+00:00,238.41928864081726,239.2661511981365,235.47017586985078,237.0045166015625,48999500.0,AAPL
2025-09-09 04:00:00+00:00,236.12775932745953,237.90120710535396,232.5011563745861,233.48751831054688,66313900.0,AAPL
2025-09-10 04:00:00+00:00,231.33545739080094,231.56460664903227,225.118417424808,225.955322265625,83440800.0,AAPL
2025-09-11 04:00:00+00:00,226.04500979013486,229.60186307827533,225.81584532196928,229.18341064453125,50208600.0,AAPL
2025-09-12 04:00:00+00:00,228.37638560886936,233.6469097348115,228.17712472443904,233.2085418701172,55824200.0,AAPL
2025-09-15 04:00:00+00:00,236.12775635652346,237.31337916896246,234.16500543557729,235.828857421875,42699500.0,AAPL
2025-09-16 04:00:00+00:00,236.30706734003456,240.33220689969463,235.45024710789585,237.27349853515625,63421100.0,AAPL
2025-09-17 04:00:00+00:00,238.09051246512186,239.21635855568803,236.85507060288438,238.11044311523438,46508000.0,AAPL
2025-09-18 04:00:00+00:00,239.08682096339746,240.31228984200703,235.77903252032195,237.0045166015625,44249600.0,AAPL
2025-09-19 04:00:00+00:00,240.34217704154452,245.3935247988757,239.32594197772087,244.59646606445312,163741300.0,AAPL
2025-09-22 04:00:00+00:00,247.38616206443075,255.69547916115815,247.2068166293636,255.13751220703125,105517400.0,AAPL
2025-09-23 04:00:00+00:00,254.93828225227924,256.3929004583055,252.64674396870498,253.4936065673828,60275200.0,AAPL
2025-09-24 04:00:00+00:00,254.28068708944184,254.7987775332095,250.11606329601622,251.3813934326172,42303700.0,AAPL
2025-09-25 04:00:00+00:00,252.27808820484515,256.22352044118514,250.7836088309123,255.9246063232422,55202100.0,AAPL
2025-09-26 04:00:00+00:00,253.16481067495934,256.6519291955366,252.84598111295833,254.51980590820312,46076300.0,AAPL
2025-09-29 04:00:00+00:00,253.6231329894407,254.06151607705354,252.07883445903423,253.4936065673828,40127700.0,AAPL
2025-09-30 04:00:00+00:00,253.9220050782957,254.97810138533342,252.1784458386236,253.69285583496094,37704300.0,AAPL
2025-10-01 04:00:00+00:00,254.10134722927504,257.83756097799323,253.9917514638179,254.5098419189453,48713900.0,AAPL
2025-10-02 04:00:00+00:00,255.63569123318152,257.22980880920034,253.21464169746508,256.1836853027344,42630200.0,AAPL
2025-10-03 04:00:00+00:00,253.73271197999827,258.2858846694617,253.01536064819075,257.07037353515625,49155600.0,AAPL
2025-10-06 04:00:00+00:00,257.0404730386864,258.11651518827176,254.11130630837613,255.74526977539062,44664100.0,AAPL
2025-10-07 04:00:00+00:00,255.86484387966763,256.45266881763376,254.48991791397023,255.53607177734375,31955800.0,AAPL
2025-10-08 04:00:00+00:00,255.5758888188916,257.56852798749276,255.16739414069707,257.1102294921875,36496900.0,AAPL
2025-10-09 04:00:00+00:00,256.8611709050607,257.05047407420307,252.20835988470006,253.10504150390625,38322000.0,AAPL
2025-10-10 04:00:00+00:00,254.00171816056968,255.436420799504,243.10197943699816,244.3673095703125,61999100.0,AAPL
2025-10-13 04:00:00+00:00,248.46219085423505,248.7710475029622,244.6562426215344,246.74851989746094,38142900.0,AAPL
2025-10-14 04:00:00+00:00,245.69243161385845,247.9341508249242,243.79941515849077,246.85812377929688,35478000.0,AAPL
2025-10-15 04:00:00+00:00,248.57177456170203,250.89320098009676,246.55920477705152,248.4223175048828,33893600.0,AAPL
2025-10-16 04:00:00+00:00,247.33635013275978,248.1234359576197,244.22783772705108,246.53929138183594,39777000.0,AAPL
2025-10-17 04:00:00+00:00,247.1072067041429,252.4474806979352,246.3599669580113,251.36148071289062,49147000.0,AAPL
2025-10-20 04:00:00+00:00,254.94822099113512,263.4069798400544,254.68918336894043,261.27484130859375,90483000.0,AAPL
2025-10-21 04:00:00+00:00,260.916147926868,264.313600971564,260.8663137101643,261.8028564453125,46695900.0,AAPL
2025-10-22 04:00:00+00:00,261.6833028295614,261.88257888575197,254.48987503678674,257.498779296875,45015300.0,AAPL
2025-10-23 04:00:00+00:00,258.98329410338334,259.66078406832133,257.06040475940137,258.6246032714844,32754900.0,AAPL
2025-10-24 04:00:00+00:00,260.2287466983284,263.1579290692685,258.2261343576155,261.8527526855469,38253700.0,AAPL
2025-10-27 04:00:00+00:00,263.90517991319996,268.12956591820625,263.67601542509226,267.8207092285156,44888200.0,AAPL
2025-10-28 04:00:00+00:00,268.00000632210845,268.89671830922975,267.1631014853557,268.0099792480469,41534800.0,AAPL
2025-10-29 04:00:00+00:00,268.28896033752676,270.41112610592455,266.126933268734,268.7074279785156,51086700.0,AAPL
2025-10-30 04:00:00+00:00,270.98897852374654,273.131090148023,267.49191714200913,270.4011535644531,69886500.0,AAPL
2025-10-31 04:00:00+00:00,275.9705701844509,276.29937269597025,268.16940070155243,269.37493896484375,86167100.0,AAPL
2025-11-03 05:00:00+00:00,269.424736694289,269.8531467885877,265.2700709373508,268.05975341796875,50194600.0,AAPL
2025-11-04 05:00:00+00:00,267.3424445625432,270.49081837885313,266.6350661079627,269.0461730957031,49274800.0,AAPL
2025-11-05 05:00:00+00:00,267.6214146886098,270.7000692568828,265.94760492323326,269.14581298828125,43683100.0,AAPL
2025-11-06 05:00:00+00:00,266.90407480138714,272.3937751745226,266.90407480138714,268.7771301269531,51204000.0,AAPL
2025-11-07 05:00:00+00:00,268.80702532983145,271.2878818962731,265.7881780523408,267.48193359375,48227400.0,AAPL
2025-11-10 05:00:00+00:00,268.22988302493957,272.9869540449525,266.7339548671466,268.6986083984375,41312400.0,AAPL
2025-11-11 05:00:00+00:00,269.0776024957972,275.1610502271484,269.06761990152603,274.5028381347656,46208300.0,AAPL
2025-11-12 05:00:00+00:00,274.25347600982695,274.9815052844664,270.9624464716027,272.7276306152344,48398000.0,AAPL
2025-11-13 05:00:00+00:00,273.36590026791555,275.9488963676571,271.3513946141157,272.2090759277344,49602800.0,AAPL
2025-11-14 05:00:00+00:00,270.31420819279356,275.21088338895913,268.8681625557137,271.6705322265625,47431300.0,AAPL
2025-11-17 05:00:00+00:00,268.09027174019775,269.7557213346742,265.00866346949266,266.73394775390625,45018300.0,AAPL
2025-11-18 05:00:00+00:00,269.2570854665072,269.9751321987233,264.59977951795884,266.7140197753906,45677300.0,AAPL
2025-11-19 05:00:00+00:00,264.80918960656476,271.47104873805114,264.77927226211665,267.8309631347656,40424500.0,AAPL
2025-11-20 05:00:00+00:00,270.09480618650156,274.68232536305425,265.1981613886433,265.5272521972656,45823600.0,AAPL
2025-11-21 05:00:00+00:00,265.22808167538,272.5880228442522,264.9488429624803,270.7530212402344,59030800.0,AAPL
2025-11-24 05:00:00+00:00,270.164627965921,276.24807542504453,270.164627965921,275.1710205078125,65585800.0,AAPL
2025-11-25 05:00:00+00:00,274.52274228722064,279.6188865292943,274.5028075356392,276.2181396484375,46914200.0,AAPL
2025-11-26 05:00:00+00:00,276.2081750495132,278.7712060098946,275.8790842359358,276.79656982421875,33431400.0,AAPL
2025-11-28 05:00:00+00:00,276.5073375714406,278.2426042891834,275.2407657367699,278.093017578125,20135600.0,AAPL
2025-12-01 05:00:00+00:00,277.255303275414,282.650620542313,275.390384584981,282.33148193359375,46587700.0,AAPL
2025-12-02 05:00:00+00:00,282.231773534172,286.619823290159,281.86278279875575,285.4131164550781,53669500.0,AAPL
2025-12-03 05:00:00+00:00,285.4231155973949,287.8365294074879,282.5309633672564,283.378662109375,43538700.0,AAPL
2025-12-04 05:00:00+00:00,283.32881389666403,283.9571086251454,277.8337611056945,279.93804931640625,43989100.0,AAPL
2025-12-05 05:00:00+00:00,279.77848663840757,280.37686403379615,277.29522501275557,278.02325439453125,47265800.0,AAPL
2025-12-08 05:00:00+00:00,277.374989388386,278.9108174051644,275.4003533668138,277.1356506347656,38211800.0,AAPL
2025-12-09 05:00:00+00:00,277.40493251311347,279.2698514894354,276.16830825817004,276.4275817871094,32193300.0,AAPL
2025-12-10 05:00:00+00:00,276.99605153243056,278.9906225605669,275.6896099437804,278.02325439453125,33038300.0,AAPL
2025-12-11 05:00:00+00:00,278.342340640522,278.83100071126506,273.06669274298736,277.2752380371094,33248000.0,AAPL
2025-12-12 05:00:00+00:00,277.14562382282355,278.4620479370953,276.0685689150702,277.52459716796875,39532900.0,AAPL
2025-12-15 05:00:00+00:00,279.3894873363706,279.3894873363706,272.0993337942639,273.3658752441406,50409100.0,AAPL
2025-12-16 05:00:00+00:00,272.07941349564567,274.752131096348,271.0522107383373,273.8645324707031,37648600.0,AAPL
2025-12-17 05:00:00+00:00,274.2634587890498,275.41033087528734,270.9026119684932,271.10205078125,50138700.0,AAPL
2025-12-18 05:00:00+00:00,272.86723904028526,272.8872042261758,266.22534517191764,271.45111083984375,51630700.0,AAPL
2025-12-19 05:00:00+00:00,271.4112306527045,273.8545921928022,269.1673383776201,272.9271240234375,144632000.0,AAPL
2025-12-22 05:00:00+00:00,272.1193204151364,273.1365711538121,269.775723721713,270.2344665527344,36571800.0,AAPL
2025-12-23 05:00:00+00:00,270.1048034873943,271.7603010837797,268.8282792538215,271.62066650390625,29642000.0,AAPL
2025-12-24 05:00:00+00:00,271.60073103225574,274.68233959340455,271.46112688748974,273.0667419433594,17910600.0,AAPL
2025-12-26 05:00:00+00:00,273.4157529954652,274.6224597374741,272.11926379011726,272.6578063964844,21521800.0,AAPL
2025-12-29 05:00:00+00:00,271.9497734782625,273.61522314661676,271.6107000753325,273.0168762207031,23715200.0,AAPL
2025-12-30 05:00:00+00:00,272.06942798009953,273.3359694836473,271.54086793463244,272.33868408203125,22139600.0,AAPL
2025-12-31 05:00:00+00:00,272.3187639976345,272.9370761103812,271.0123224859311,271.12200927734375,27293600.0,AAPL
2026-01-02 05:00:00+00:00,271.52092924369913,277.0857683126949,268.2697691424855,270.2743225097656,37838100.0,AAPL
2026-01-05 05:00:00+00:00,269.9053450243044,270.7729784841199,265.41756056202854,266.5345153808594,45647200.0,AAPL
2026-01-06 05:00:00+00:00,266.27521573774703,266.82371056256306,261.40845786144683,261.6477966308594,52352100.0,AAPL
2026-01-07 05:00:00+00:00,262.48552563718374,262.964203143993,259.1047135716701,259.623291015625,48309800.0,AAPL
2026-01-08 05:00:00+00:00,256.32231677215987,258.5861744106298,255.00590778144198,258.33685302734375,50419300.0,AAPL
2026-01-09 05:00:00+00:00,258.3767027680543,259.5036402038468,255.52448097015204,258.6659240722656,39997000.0,AAPL
2026-01-12 05:00:00+00:00,258.45648066308013,260.5906555331263,256.1028713590674,259.54351806640625,45263800.0,AAPL
2026-01-13 05:00:00+00:00,258.0176775418968,261.0992857475004,257.6885867541948,260.3413391113281,45730800.0,AAPL
2026-01-14 05:00:00+00:00,258.78560808748875,261.10930037675524,256.0131555781144,259.25433349609375,40019400.0,AAPL
2026-01-15 05:00:00+00:00,259.9424426175537,260.3313985459844,256.35220896361545,257.5090637207031,39388600.0,AAPL
2026-01-16 05:00:00+00:00,257.1999111311508,258.1971965798445,254.23797213114116,254.8363494873047,72142800.0,AAPL
2026-01-20 05:00:00+00:00,252.04394930256512,254.09835490933511,242.75922413209136,246.0303192138672,80267500.0,AAPL
2026-01-21 05:00:00+00:00,248.02490552393743,250.8771427168815,244.51445623630568,246.97775268554688,54641700.0,AAPL
2026-01-22 05:00:00+00:00,248.52352576906395,250.31864258405668,247.47637302553753,247.67584228515625,39708300.0,AAPL
2026-01-23 05:00:00+00:00,246.6486524137701,248.7329754164565,244.01580413580567,247.36668395996094,41689000.0,AAPL
2026-01-26 05:00:00+00:00,250.7973351598156,255.86354695988197,249.12190294519746,254.7166748046875,55969200.0,AAPL
2026-01-27 05:00:00+00:00,258.4664593428383,261.23891141767155,257.50904348719195,257.5688781738281,49648300.0,AAPL
2026-01-28 05:00:00+00:00,256.9505880888889,258.1572949521919,253.81911240916085,255.74388122558594,41288000.0,AAPL
2026-01-29 05:00:00+00:00,257.29964922744847,258.94516415300217,253.7193980705993,257.5788879394531,67253000.0,AAPL
2026-01-30 05:00:00+00:00,254.47732177254832,261.1890484668085,251.49543285360957,258.775634765625,92443400.0,AAPL
2026-02-02 05:00:00+00:00,259.3241487899344,269.7557466562268,258.50636737104884,269.2770690917969,73913400.0,AAPL
2026-02-03 05:00:00+00:00,268.4692659190308,271.1419837262723,266.88355520832346,268.7485046386719,64394700.0,AAPL
2026-02-04 05:00:00+00:00,271.5508603406617,278.19278500760885,271.5508603406617,275.73944091796875,90545700.0,AAPL
2026-02-05 05:00:00+00:00,277.3749854862336,278.7412615768201,272.48829324857786,275.1610107421875,52977400.0,AAPL
2026-02-06 05:00:00+00:00,276.3677353153735,280.14745564173626,276.1782486476445,277.3650207519531,50453400.0,AAPL
2026-02-09 05:00:00+00:00,277.41494619870406,277.70443813431814,271.2160169672847,274.13079833984375,44623400.0,AAPL
2026-02-10 05:00:00+00:00,274.40031021957236,274.87943562430115,272.4537718732244,273.19244384765625,34376900.0,AAPL
2026-02-11 05:00:00+00:00,274.2106536370846,279.6808719096702,273.9610989943363,275.00921630859375,51931300.0,AAPL
2026-02-12 05:00:00+00:00,275.0990585104662,275.22883180172755,259.71650632997444,261.2637634277344,81077200.0,AAPL
2026-02-13 05:00:00+00:00,261.5432690161623,261.7628783299504,254.9949421084194,255.32435607910156,56290700.0,AAPL
2026-02-17 05:00:00+00:00,257.5903108294174,265.8156532326085,255.08478749757862,263.4099426269531,58469100.0,AAPL
2026-02-18 05:00:00+00:00,263.13045584681157,266.3447212846438,261.9825104325609,263.8791198730469,34203300.0,AAPL
2026-02-19 05:00:00+00:00,262.13220471573277,264.00886051677537,259.5867290635135,260.11578369140625,30845300.0,AAPL
2026-02-20 05:00:00+00:00,258.50868117461044,264.2783836675007,257.7001265171608,264.1086730957031,42070500.0,AAPL
2026-02-23 05:00:00+00:00,263.0206001676805,268.95002088588865,262.91081074777924,265.705810546875,37308200.0,AAPL
2026-02-24 05:00:00+00:00,267.38283777638213,274.4003442568012,267.233111068832,271.6552429199219,47014600.0,AAPL
2026-02-25 05:00:00+00:00,271.29586819299504,274.45024283739696,270.567157599074,273.74151611328125,33714300.0,AAPL
2026-02-26 05:00:00+00:00,274.4602128097023,275.61811956353745,270.31758130113775,272.4637756347656,32345100.0,AAPL
2026-02-27 05:00:00+00:00,272.3240439665745,272.3240439665745,262.4217314181026,263.70941162109375,72366500.0,AAPL
2026-03-02 05:00:00+00:00,261.94253069595567,266.05518620599753,259.73647625260065,264.2484130859375,41827900.0,AAPL
2026-03-03 05:00:00+00:00,263.0106738027697,265.08695529305965,259.6666350681776,263.2801818847656,38568900.0,AAPL
2026-03-04 05:00:00+00:00,264.17854815272653,265.67587606267574,260.95432154975975,262.0523376464844,39803100.0,AAPL
2026-03-05 05:00:00+00:00,260.3254337562426,261.09405110124777,256.79173142961054,259.8263244628906,49658600.0,AAPL
2026-03-06 05:00:00+00:00,258.16927189629365,258.3090066542827,253.916851068475,257.0013427734375,41120000.0,AAPL
2026-03-09 04:00:00+00:00,255.2345148744848,260.68477987096253,253.22808575123491,259.41705322265625,38218500.0,AAPL
2026-03-10 04:00:00+00:00,257.19102845716964,262.01244158439727,256.4922936817907,260.3653564453125,30590800.0,AAPL
2026-03-11 04:00:00+00:00,260.624897946549,261.6630538494394,259.08763272962494,260.34539794921875,26218900.0,AAPL
2026-03-12 04:00:00+00:00,258.1992408199258,258.48873275942157,253.7272102811576,255.3043975830078,40794000.0,AAPL
2026-03-13 04:00:00+00:00,255.024890934378,255.87336762960538,249.07551643845036,249.6744384765625,36930000.0,AAPL
2026-03-16 04:00:00+00:00,251.66090222791988,253.43773019062647,249.4348789230203,252.36964416503906,32074200.0,AAPL
2026-03-17 04:00:00+00:00,252.5093881906664,254.67552076289968,251.7307636559193,253.77711486816406,32361600.0,AAPL
2026-03-18 04:00:00+00:00,252.1799767808244,254.48585937367065,248.55643828829037,249.49476623535156,35757900.0,AAPL
2026-03-19 04:00:00+00:00,248.95572868612365,251.38140795985734,246.85947863088072,248.5165252685547,34864100.0,AAPL
2026-03-20 04:00:00+00:00,247.53824109812177,248.75606899357115,245.56177255944445,247.54823303222656,88331100.0,AAPL
2026-03-23 04:00:00+00:00,253.51758537106093,254.14646797882926,249.83415620831627,251.04200744628906,40546100.0,AAPL
2026-03-24 04:00:00+00:00,249.90403139868116,254.37604644028636,249.10545347620703,251.1917266845703,45152300.0,AAPL
2026-03-25 04:00:00+00:00,253.6473574345128,254.5457480998694,251.15181088451408,252.16998291015625,28476700.0,AAPL
2026-03-26 04:00:00+00:00,251.67088153367666,256.5421934269488,250.32329549316128,252.43951416015625,41796700.0,AAPL
2026-03-27 04:00:00+00:00,253.4477020992108,255.03488128462607,247.6281009352486,248.35679626464844,47900000.0,AAPL
2026-03-30 04:00:00+00:00,249.62453299565456,250.4230956915925,245.07264337813007,246.19065856933594,39446200.0,AAPL
2026-03-31 04:00:00+00:00,247.4683905467953,255.02489784868362,246.65983587287727,253.33790588378906,49598100.0,AAPL
2026-04-01 04:00:00+00:00,253.6273948962928,255.72364490973627,252.8787309132899,255.1746368408203,40059400.0,AAPL
2026-04-02 04:00:00+00:00,253.74717405681358,255.6737439434535,250.20349485503914,255.464111328125,31289400.0,AAPL
2026-04-06 04:00:00+00:00,256.0530752925303,261.6930045642991,256.0031460821725,258.39886474609375,29329900.0,AAPL
2026-04-07 04:00:00+00:00,255.70368128016966,255.7436185540334,245.2623079794448,253.0484161376953,62148000.0,AAPL
2026-04-08 04:00:00+00:00,257.9896321241455,259.28730423338584,256.07303883918246,258.4388122558594,41032800.0,AAPL
2026-04-09 04:00:00+00:00,258.5386343954405,260.6548530924392,255.61386101634736,260.0259704589844,28121600.0,AAPL
2026-04-10 04:00:00+00:00,259.5168819122501,261.7229364827484,258.5585701252562,260.0159912109375,31291500.0,AAPL
2026-04-13 04:00:00+00:00,259.2673359057164,259.71651601158027,256.2027973984465,258.73828125,36234700.0,AAPL
2026-04-14 04:00:00+00:00,258.7881922504944,261.4634109961452,256.7318642110386,258.3689270019531,48370700.0,AAPL
2026-04-15 04:00:00+00:00,257.7001261657452,266.08515659729386,257.35074355126085,265.95538330078125,49913500.0,AAPL
2026-04-16 04:00:00+00:00,266.3247234477873,266.68409800240715,260.80457553569033,262.9307861328125,43323100.0,AAPL
2026-04-17 04:00:00+00:00,266.4844323486072,271.8149160854778,266.24486962975914,269.7486267089844,61436200.0,AAPL
2026-04-20 04:00:00+00:00,269.84841238867654,273.7913879220191,269.80850557942483,272.5635681152344,36590200.0,AAPL
2026-04-21 04:00:00+00:00,271.0163536236942,272.3140256362382,264.9272139873882,265.69586181640625,50209800.0,AAPL
2026-04-22 04:00:00+00:00,267.3429346055621,273.2523721409737,266.39461467279705,272.68341064453125,43249200.0,AAPL
2026-04-23 04:00:00+00:00,274.56001085217736,275.2787294551341,271.1660737405759,272.9429016113281,33399600.0,AAPL
2026-04-24 04:00:00+00:00,272.2741016414235,272.5735550213531,269.16962610782736,270.5771179199219,38157100.0,AAPL
2026-04-27 04:00:00+00:00,265.6159889280984,267.88193422863776,264.59781690250213,267.1332702636719,41466800.0,AAPL
2026-04-28 04:00:00+00:00,271.8548539018017,272.7432830913257,268.181416710472,270.2277526855469,40018900.0,AAPL
2026-04-29 04:00:00+00:00,267.07336249706583,270.55716597281076,266.56429174844374,269.688720703125,30047900.0,AAPL
2026-04-30 04:00:00+00:00,270.018146234023,275.50834883767226,267.6623648300734,270.86663818359375,91848200.0,AAPL
2026-05-01 04:00:00+00:00,278.3632420760759,286.70836594964845,277.8741246788477,279.6409912109375,79915400.0,AAPL
2026-05-04 04:00:00+00:00,279.16179801165765,280.13007120517506,274.3703307853319,276.3368225097656,46668400.0,AAPL
2026-05-05 04:00:00+00:00,276.43668191704,284.0630869835518,276.00745521106614,283.67376708984375,49311700.0,AAPL
2026-05-06 04:00:00+00:00,281.4178249779708,287.5169265187869,280.5693330033821,286.99786376953125,58336100.0,AAPL
2026-05-07 04:00:00+00:00,288.75470528792926,291.6096265406606,285.2709318587503,286.927978515625,45224300.0,AAPL
2026-05-08 04:00:00+00:00,289.49338424193445,294.2349225642168,289.48339230776435,292.7974853515625,52692800.0,AAPL
2026-05-11 04:00:00+00:00,291.72841688276577,293.6267735875138,289.979924827367,292.42779541015625,42247300.0,AAPL
2026-05-12 04:00:00+00:00,292.3078994315659,295.0155556946294,292.3078994315659,294.54595947265625,45748100.0,AAPL
2026-05-13 04:00:00+00:00,293.24708951115105,300.6607090744109,293.24708951115105,298.6124572753906,52684300.0,AAPL
2026-05-14 04:00:00+00:00,299.5616620172475,300.1911240450107,295.12548538387824,297.9530334472656,35324900.0,AAPL
2026-05-15 04:00:00+00:00,297.643304079477,302.93875555297063,296.26448829773227,299.9713134765625,54862800.0,AAPL
2026-05-18 04:00:00+00:00,299.98126929450746,300.4009207908792,294.6558756451712,297.5833435058594,34483000.0,AAPL
2026-05-19 04:00:00+00:00,296.7140952726279,300.2510533099592,296.09463441963413,298.7123718261719,42243600.0,AAPL
2026-05-20 04:00:00+00:00,297.9230626302997,302.5390768782648,297.82314269813475,301.98956298828125,38229800.0,AAPL
2026-05-21 04:00:00+00:00,300.80056674721834,305.27671719779084,300.1411318265125,304.7271728515625,42965100.0,AAPL
2026-05-22 04:00:00+00:00,305.85620846339293,311.13165741506583,305.57645096183757,308.55389404296875,43670200.0,AAPL
2026-05-26 04:00:00+00:00,309.29325163060713,311.5513139598484,307.4048960873393,308.0643005371094,48000500.0,AAPL
2026-05-27 04:00:00+00:00,308.0643052358437,312.9900803339556,308.0343323058515,310.5821533203125,50430900.0,AAPL
2026-05-28 04:00:00+00:00,310.412282475935,312.5304508120942,309.30325358892543,312.24072265625,48220400.0,AAPL
2026-05-29 04:00:00+00:00,311.5113496628706,314.7285763294451,309.2632884033746,311.7911071777344,70026800.0,AAPL
2026-06-01 04:00:00+00:00,309.363197507879,310.67206624496237,304.7571540774977,306.0460510253906,48849900.0,AAPL
2026-06-02 04:00:00+00:00,307.1950545511415,315.1781903378333,306.42572903356995,314.92840576171875,44534700.0,AAPL
2026-06-03 04:00:00+00:00,313.9092501546009,316.6668815001487,308.5838566628498,309.9926452636719,50836700.0,AAPL
2026-06-04 04:00:00+00:00,312.96009909963743,313.26982953176514,309.38316692864953,310.9618225097656,44869100.0,AAPL
2026-06-05 04:00:00+00:00,312.5903972939029,314.8984348439246,306.8853260765596,307.0751647949219,65310500.0,AAPL
2026-06-08 04:00:00+00:00,308.4739595974908,317.1265012321255,300.9105055796523,301.2801818847656,77949100.0,AAPL
2026-06-09 04:00:00+00:00,300.0212482417878,300.4908444635933,287.5320194610898,290.29962158203125,70108800.0,AAPL
2026-06-10 04:00:00+00:00,290.4894628291428,294.4960172141002,287.1323727394638,291.3287353515625,52793300.0,AAPL
2026-06-11 04:00:00+00:00,293.4668864344149,296.7440586571729,289.3404406054596,295.375244140625,42572500.0,AAPL
2026-06-12 04:00:00+00:00,295.7749221682621,296.88398158337014,289.3704417369658,290.879150390625,38742100.0,AAPL
2026-06-15 04:00:00+00:00,293.8665449684006,297.5233947188816,291.4486474146935,296.1645812988281,45732600.0,AAPL
2026-06-16 04:00:00+00:00,294.99559499590845,300.2210994929347,293.71669913987887,298.9821472167969,39874400.0,AAPL
2026-06-17 04:00:00+00:00,300.59074812548096,301.8096980081642,294.10632015937927,295.6949768066406,42745100.0,AAPL
2026-06-18 04:00:00+00:00,297.8530937792582,300.31099586682666,295.3652492546472,297.7532043457031,85962200.0,AAPL
2026-06-22 04:00:00+00:00,297.05381866220307,302.1594314563154,296.5043047694293,296.75408935546875,44879900.0,AAPL
2026-06-23 04:00:00+00:00,297.2836155142734,301.3800886038737,293.9264950024863,294.04638671875,52010900.0,AAPL
2026-06-24 04:00:00+00:00,295.1054570720635,299.4417438827621,292.68755959702736,292.8274230957031,53081900.0,AAPL
2026-06-25 04:00:00+00:00,287.1523472601469,288.55113481081804,273.5141152813601,274.91290283203125,107013700.0,AAPL
2026-06-26 04:00:00+00:00,274.7630284991681,285.70360492137456,273.9737007161028,283.53546142578125,261775500.0,AAPL
2026-06-29 04:00:00+00:00,286.4829438934296,288.12151489662153,279.6088673150861,281.4972229003906,66427000.0,AAPL
2026-06-30 04:00:00+00:00,280.9277417485351,289.69017405322865,280.45814550695326,289.11065673828125,65100200.0,AAPL
2026-07-01 04:00:00+00:00,293.1871503157195,296.33442991747245,288.95081360688545,294.1263427734375,50164200.0,AAPL
2026-07-02 04:00:00+00:00,293.866538367699,309.15337194761725,293.4269150966668,308.3640441894531,75352800.0,AAPL
2026-07-06 04:00:00+00:00,307.0951430290638,313.9292760509671,306.7354678654279,312.3905944824219,53590000.0,AAPL
2026-07-07 04:00:00+00:00,315.0183186077797,315.20815732134815,309.88273318392555,310.3923034667969,42490000.0,AAPL
2026-07-08 04:00:00+00:00,311.6412289475945,314.5487250421545,306.7854009831778,313.1199645996094,41323500.0,AAPL
2026-07-09 04:00:00+00:00,310.24243869469103,316.2572401947346,307.8944576262147,315.947509765625,48124500.0,AAPL
2026-07-10 04:00:00+00:00,314.4488202226986,316.6369356310425,311.9010296470402,315.0483093261719,34132300.0,AAPL
2026-07-13 04:00:00+00:00,316.7468014245228,323.171283634363,315.5078797345754,317.03656005859375,43257800.0,AAPL
2026-07-14 04:00:00+00:00,313.48965629761443,315.91755515351207,311.64124426456783,314.58868408203125,36336800.0,AAPL
2026-07-15 04:00:00+00:00,317.34631234952286,328.44675508114506,317.0465830462295,327.2178039550781,60957600.0,AAPL
2026-07-16 04:00:00+00:00,327.72736328456057,334.3915986652446,326.50841333986017,332.97283935546875,62970600.0,AAPL
2026-07-17 04:00:00+00:00,331.693929977533,334.7013154010385,328.71648699084636,333.452392578125,63407100.0,AAPL
2026-07-20 04:00:00+00:00,333.2226134619852,333.4224228207836,323.4010672140761,326.3085632324219,53468000.0,AAPL
2026-07-21 04:00:00+00:00,322.85156758462244,329.3159936819017,321.94234806189104,327.45758056640625,41338900.0,AAPL
2026-07-22 04:00:00+00:00,327.58746619388995,328.7164973399543,323.0613709608057,325.60919189453125,38755900.0,AAPL
2026-07-23 04:00:00+00:00,321.4527900194849,323.0214140443725,319.0748358849152,321.3828430175781,40840800.0,AAPL
2026-07-24 04:00:00+00:00,321.5127284115298,334.0818750563203,321.3428614810286,332.7330322265625,47489400.0,AAPL
2026-07-27 04:00:00+00:00,334.2517370375488,339.277401491225,333.73216560461384,336.61968994140625,49604300.0,AAPL
2026-07-28 04:00:00+00:00,339.73698155301014,342.59453283396704,335.31080637618777,339.78692626953125,51859000.0,AAPL
2026-07-29 04:00:00+00:00,339.43727163464206,344.2730974331505,337.0593175600121,337.8985900878906,56090800.0,AAPL
2026-07-30 04:00:00+00:00,332.8129674612056,334.4615395264105,329.30598233808786,333.1426696777344,74817800.0,AAPL
2026-07-31 04:00:00+00:00,304.54735603914753,310.4222943774597,299.7415030462749,308.6438293457031,132489100.0,AAPL
2026-08-03 04:00:00+00:00,309.313234694189,311.5313230344714,302.29929450581176,303.1585693359375,75052000.0,AAPL
2026-08-04 04:00:00+00:00,302.46913991298527,310.1525156602479,301.0603512911937,309.1134033203125,68001000.0,AAPL
2026-08-05 04:00:00+00:00,309.09342362565195,311.4414048335362,305.40663118634393,310.7320251464844,49438800.0,AAPL
2026-08-06 04:00:00+00:00,314.06913775686996,316.0174696892129,308.96355554648414,312.14080810546875,46139900.0,AAPL
2026-08-07 04:00:00+00:00,311.1816431226555,314.53873325457766,310.47223295908327,313.05999755859375,34437200.0,AAPL
2026-08-10 04:00:00+00:00,306.8299865722656,308.260009765625,304.6099853515625,308.260009765625,44812500.0,AAPL
2026-08-11 04:00:00+00:00,307.75,309.9700012207031,302.7900085449219,304.9100036621094,37476700.0,AAPL
2026-08-12 04:00:00+00:00,305.1000061035156,305.6600036621094,300.57000732421875,302.25,41657800.0,AAPL
2026-08-13 04:00:00+00:00,304.2099914550781,306.0,302.04998779296875,305.260009765625,40349300.0,AAPL
2026-08-14 04:00:00+00:00,306.0,307.489990234375,304.29998779296875,305.92999267578125,28229400.0,AAPL
2026-08-17 04:00:00+00:00,306.2099914550781,307.6600036621094,302.94000244140625,305.5899963378906,38169300.0,AAPL
2026-08-18 04:00:00+00:00,307.5799865722656,311.489990234375,305.739990234375,310.0299987792969,53424500.0,AAPL
2026-08-19 04:00:00+00:00,310.1400146484375,319.2799987792969,309.6000061035156,316.8299865722656,50505600.0,AAPL
2026-08-20 04:00:00+00:00,317.4599914550781,320.2799987792969,310.6499938964844,311.29998779296875,40959200.0,AAPL
2026-08-21 04:00:00+00:00,312.04998779296875,312.3800048828125,307.010009765625,309.3500061035156,46876800.0,AAPL
2026-08-24 04:00:00+00:00,311.4700012207031,313.3599853515625,309.9700012207031,310.3399963378906,34673600.0,AAPL
2026-08-25 04:00:00+00:00,310.7900085449219,313.5899963378906,308.2099914550781,309.8999938964844,25869800.0,AAPL
2026-08-26 04:00:00+00:00,310.29998779296875,315.42999267578125,308.79998779296875,313.45001220703125,34024500.0,AAPL
2026-08-27 04:00:00+00:00,310.54998779296875,315.3999938964844,309.3999938964844,314.5799865722656,32419200.0,AAPL
2026-08-28 04:00:00+00:00,316.8500061035156,322.3699951171875,315.45001220703125,319.70001220703125,38649400.0,AAPL
2026-08-31 04:00:00+00:00,319.6000061035156,321.239990234375,312.79998779296875,316.8500061035156,41242700.0,AAPL
2026-09-01 04:00:00+00:00,316.9800109863281,327.29998779296875,314.7300109863281,325.1300048828125,53167400.0,AAPL
2026-09-02 04:00:00+00:00,326.8699951171875,328.3999938964844,323.5299987792969,324.9599914550781,33776400.0,AAPL
2026-09-03 04:00:00+00:00,324.8699951171875,330.80999755859375,324.1099853515625,328.2099914550781,37225800.0,AAPL
2026-09-04 04:00:00+00:00,328.30999755859375,328.92999267578125,317.8599853515625,319.9700012207031,39551800.0,AAPL
