datetime,open,high,low,close,volume,symbol
2021-09-07 04:00:00+00:00,142.47873701359958,143.20235068582193,142.2652684107505,142.9205322265625,20124000.0,GOOGL
2021-09-08 04:00:00+00:00,142.74173490823725,143.03889504845884,141.65209734422024,142.33657836914062,18344000.0,GOOGL
2021-09-09 04:00:00+00:00,142.48466472180607,142.9502357286335,141.8279196972411,142.18798828125,15314000.0,GOOGL
2021-09-10 04:00:00+00:00,142.85313246004708,143.35437470340688,139.411396021292,139.548095703125,36840000.0,GOOGL
2021-09-13 04:00:00+00:00,140.61147464793981,141.60254742162573,139.9185746785746,140.99087524414062,22094000.0,GOOGL
2021-09-14 04:00:00+00:00,141.64763485948765,142.01167869452308,140.41387617006407,141.2008819580078,19674000.0,GOOGL
2021-09-15 04:00:00+00:00,141.4257237044475,143.0888981584248,140.0151504362281,143.06809997558594,27408000.0,GOOGL
2021-09-16 04:00:00+00:00,142.5936380176859,142.9398462062895,141.05924272119626,142.25634765625,26190000.0,GOOGL
2021-09-17 04:00:00+00:00,141.6823142083568,142.09785473193486,139.14594808151912,139.47283935546875,53384000.0,GOOGL
2021-09-20 04:00:00+00:00,136.85918731338376,137.68978457112166,135.03703359355418,137.41192626953125,46518000.0,GOOGL
2021-09-21 04:00:00+00:00,138.43222649685097,138.69176548662895,136.9746001490419,137.7224884033203,25332000.0,GOOGL
2021-09-22 04:00:00+00:00,137.9909069886217,139.55897809141058,137.24549771276565,138.96116638183594,25056000.0,GOOGL
2021-09-23 04:00:00+00:00,139.6585564297789,140.36087304097438,139.0780815102405,139.88490295410156,20952000.0,GOOGL
2021-09-24 04:00:00+00:00,139.21381557964799,140.98893199136972,138.91911913905793,140.87451171875,22984000.0,GOOGL
2021-09-27 04:00:00+00:00,139.47726820093547,140.60058167299186,138.7472157143195,139.74224853515625,21882000.0,GOOGL
2021-09-28 04:00:00+00:00,137.3480670194837,137.78540336027757,134.0841267842114,134.54969787597656,45772000.0,GOOGL
2021-09-29 04:00:00+00:00,135.6888354361308,135.85822880609126,132.60320680070598,133.08709716796875,30848000.0,GOOGL
2021-09-30 04:00:00+00:00,132.99594577873873,134.26486166268856,132.29709055592656,132.41595458984375,37996000.0,GOOGL
2021-10-01 04:00:00+00:00,133.18019830322703,135.61999474858516,132.80923183052033,135.25595092773438,35360000.0,GOOGL
2021-10-04 04:00:00+00:00,134.67891789407685,134.67891789407685,129.8147127344606,132.3996124267578,51202000.0,GOOGL
2021-10-05 04:00:00+00:00,132.77750226995343,135.93099611936512,132.77750226995343,134.74081420898438,32404000.0,GOOGL
2021-10-06 04:00:00+00:00,133.4798274575008,136.45154903354904,133.28171570875574,136.26829528808594,24364000.0,GOOGL
2021-10-07 04:00:00+00:00,137.58278984045617,138.72195890614324,137.3440641883344,137.91265869140625,25110000.0,GOOGL
2021-10-08 04:00:00+00:00,138.26134957359187,139.00824022807984,137.90524110595646,138.4678955078125,26526000.0,GOOGL
2021-10-11 04:00:00+00:00,137.9790418985693,139.3856551740966,137.55010956888324,137.60459899902344,17954000.0,GOOGL
2021-10-12 04:00:00+00:00,138.16524679321643,138.19200026988304,134.48031058391572,135.16282653808594,36332000.0,GOOGL
2021-10-13 04:00:00+00:00,136.1073286205011,136.6992001618353,135.23215741372877,136.28514099121094,19654000.0,GOOGL
2021-10-14 04:00:00+00:00,138.15928618577402,140.0052153429909,137.51640174803015,139.8204803466797,31894000.0,GOOGL
2021-10-15 04:00:00+00:00,140.27965888530153,140.3821836681898,139.42826334195342,140.0354766845703,30274000.0,GOOGL
2021-10-18 04:00:00+00:00,139.7467055598483,141.44999507439888,139.73976779407545,141.43215942382812,20396000.0,GOOGL
2021-10-19 04:00:00+00:00,142.03593493574522,142.30835187108826,141.25586693285337,141.88685607910156,20164000.0,GOOGL
2021-10-20 04:00:00+00:00,141.98688902177523,142.19293614617558,140.04387612604899,140.43267822265625,23288000.0,GOOGL
2021-10-21 04:00:00+00:00,140.4326977195977,140.8160584841013,139.17566195963474,140.54859924316406,26292000.0,GOOGL
2021-10-22 04:00:00+00:00,137.83836064745896,139.25785180366452,134.77353061581803,136.26979064941406,50588000.0,GOOGL
2021-10-25 04:00:00+00:00,136.2534694690779,136.69922478778497,134.14750193472992,136.1514434814453,34412000.0,GOOGL
2021-10-26 04:00:00+00:00,137.95078731803392,138.76255123324276,137.00082734508936,137.995361328125,49236000.0,GOOGL
2021-10-27 04:00:00+00:00,138.0909489197362,147.24879949661485,138.0909489197362,144.8392333984375,85782000.0,GOOGL
2021-10-28 04:00:00+00:00,145.7476487167252,145.7709257598551,143.26377660528095,144.47425842285156,36206000.0,GOOGL
2021-10-29 04:00:00+00:00,143.71051689029179,146.8446948964138,143.28605853476833,146.65054321289062,43320000.0,GOOGL
2021-11-01 04:00:00+00:00,146.6505105104067,146.6505105104067,141.87543820787974,142.14437866210938,46924000.0,GOOGL
2021-11-02 04:00:00+00:00,143.2167042160869,145.22706960553992,142.97500087453776,144.06166076660156,33482000.0,GOOGL
2021-11-03 04:00:00+00:00,144.52522105473867,145.2864859045198,143.2280704909867,145.21615600585938,27494000.0,GOOGL
2021-11-04 04:00:00+00:00,145.73768752512296,148.32210355915961,144.92888610521643,146.8699188232422,38412000.0,GOOGL
2021-11-05 04:00:00+00:00,147.76344109720048,148.91053064576994,146.8001192514088,147.44894409179688,38354000.0,GOOGL
2021-11-08 05:00:00+00:00,148.41275821148804,149.1953201974763,147.03140193421632,147.62625122070312,23052000.0,GOOGL
2021-11-09 05:00:00+00:00,147.8263354686144,148.422167196909,145.85706777321636,147.51480102539062,19530000.0,GOOGL
2021-11-10 05:00:00+00:00,146.1096586376128,146.6742930482063,143.17508933638337,144.51829528808594,29970000.0,GOOGL
2021-11-11 05:00:00+00:00,145.10869397753137,146.144839595857,144.22806618195017,144.3925018310547,16518000.0,GOOGL
2021-11-12 05:00:00+00:00,145.23349148333662,147.4469412284045,144.04034683138687,147.27655029296875,22360000.0,GOOGL
2021-11-15 05:00:00+00:00,147.49697791828982,148.13986257214947,146.1839714501009,147.05270385742188,23508000.0,GOOGL
2021-11-16 05:00:00+00:00,146.75303721658253,147.36025044711448,145.92392127932118,146.48211669921875,18904000.0,GOOGL
2021-11-17 05:00:00+00:00,146.63220285506807,147.15918597482235,145.8521348261738,146.65151977539062,19594000.0,GOOGL
2021-11-18 05:00:00+00:00,146.84418530798982,149.16114250750712,146.49055568916586,148.42613220214844,35608000.0,GOOGL
2021-11-19 05:00:00+00:00,148.56181312811756,149.54348433592108,147.49546792296061,147.522705078125,33682000.0,GOOGL
2021-11-22 05:00:00+00:00,147.92491073453456,148.41722013621822,144.7699346505262,144.9229736328125,30594000.0,GOOGL
2021-11-23 05:00:00+00:00,144.7753725898354,145.2775973941184,142.75658818830502,144.40786743164062,27218000.0,GOOGL
2021-11-24 05:00:00+00:00,144.1022548274951,144.870941178912,143.0121337594424,144.74266052246094,18040000.0,GOOGL
2021-11-26 05:00:00+00:00,142.9878736557524,143.19490326925998,140.5054983534825,140.84278869628906,30470000.0,GOOGL
2021-11-29 05:00:00+00:00,142.64266132158292,144.91850577608645,142.5371588988237,144.1587371826172,32596000.0,GOOGL
2021-11-30 05:00:00+00:00,143.64163495599894,144.6237898271877,140.2667519662039,140.55996704101562,42068000.0,GOOGL
2021-12-01 05:00:00+00:00,142.64263235493135,144.57474710533424,139.58374288929951,139.721923828125,34020000.0,GOOGL
2021-12-02 05:00:00+00:00,139.91856472972714,142.50842215106744,138.89281831208532,141.61839294433594,29194000.0,GOOGL
2021-12-03 05:00:00+00:00,142.32668327067537,143.03890027570796,138.9785378288507,140.6630096435547,41230000.0,GOOGL
2021-12-06 05:00:00+00:00,141.6921803830131,142.49652286942776,138.82892367181316,141.80560302734375,30618000.0,GOOGL
2021-12-07 05:00:00+00:00,144.22409805259204,146.14037256639585,143.8585729968473,145.88133239746094,32240000.0,GOOGL
2021-12-08 05:00:00+00:00,146.20526827170806,146.9942692567073,145.02599898340083,146.78970336914062,24270000.0,GOOGL
2021-12-09 05:00:00+00:00,146.19981907592228,147.6945979886129,145.72830788028466,146.2468719482422,23270000.0,GOOGL
2021-12-10 05:00:00+00:00,147.29836288030972,147.57324356030594,145.32117483729272,146.6064453125,24458000.0,GOOGL
2021-12-13 05:00:00+00:00,146.3885089845114,146.57523920094434,144.14585701731025,144.4519500732422,27070000.0,GOOGL
2021-12-14 05:00:00+00:00,142.61095145594314,143.11811878414613,139.88389547091273,142.55052185058594,38446000.0,GOOGL
2021-12-15 05:00:00+00:00,142.057220419799,145.33799793275747,140.3425340803802,145.06063842773438,36370000.0,GOOGL
2021-12-16 05:00:00+00:00,145.78325384550055,146.28497975393273,142.253336836299,143.0834503173828,33650000.0,GOOGL
2021-12-17 05:00:00+00:00,141.15678788642228,142.4787119667157,139.9681021693179,140.38909912109375,50416000.0,GOOGL
2021-12-20 05:00:00+00:00,138.68036958927007,140.43814883611964,138.0077689503243,140.272216796875,27192000.0,GOOGL
2021-12-21 05:00:00+00:00,140.71450164649497,142.5128946761984,139.17812644459522,142.12013244628906,28756000.0,GOOGL
2021-12-22 05:00:00+00:00,141.71894670487805,145.1190870300756,141.71894670487805,145.03488159179688,26322000.0,GOOGL
2021-12-23 05:00:00+00:00,145.11909928211776,146.84616490784407,145.07154761613486,145.53167724609375,26384000.0,GOOGL
2021-12-27 05:00:00+00:00,145.86796324695013,146.9457052312204,145.78227653939464,146.5123291015625,15976000.0,GOOGL
2021-12-28 05:00:00+00:00,146.83871638730724,146.90112605445645,144.67779110911528,145.3043212890625,18200000.0,GOOGL
2021-12-29 05:00:00+00:00,145.26222969189286,146.02745475759826,144.27463333879814,145.2726287841797,17788000.0,GOOGL
2021-12-30 05:00:00+00:00,145.31126625234555,145.91155689259517,144.61836625158207,144.82241821289062,15688000.0,GOOGL
2021-12-31 05:00:00+00:00,144.67335443030515,145.31574030133416,143.4866485595703,143.4866485595703,18136000.0,GOOGL
2022-01-03 05:00:00+00:00,143.68767971356652,144.4761816821106,142.35833434903566,143.62478637695312,28646000.0,GOOGL
2022-01-04 05:00:00+00:00,144.02550400377285,145.1042436429634,142.36184561053787,143.0384063720703,28400000.0,GOOGL
2022-01-05 05:00:00+00:00,143.0586704195382,143.13741934598548,136.3901327302067,136.47630310058594,54618000.0,GOOGL
2022-01-06 05:00:00+00:00,135.7071637287869,138.62093512341903,135.2713087279278,136.4490966796875,37348000.0,GOOGL
2022-01-07 05:00:00+00:00,136.84332084249846,137.14347368557924,134.48674768484292,135.7254638671875,29760000.0,GOOGL
2022-01-10 05:00:00+00:00,133.80477279843086,137.51100668479543,131.90931129081562,137.36241149902344,44408000.0,GOOGL
2022-01-11 05:00:00+00:00,136.7061624010073,138.89434020648147,135.40405384594243,138.41885375976562,28730000.0,GOOGL
2022-01-12 05:00:00+00:00,139.8195080404844,141.26377260922706,139.36831139738393,140.0973663330078,26108000.0,GOOGL
2022-01-13 05:00:00+00:00,140.20582266969564,141.50348717076494,137.10433906437126,137.28067016601562,31436000.0,GOOGL
2022-01-14 05:00:00+00:00,135.78688828807677,139.41537040651573,135.7071568754875,138.16575622558594,29662000.0,GOOGL
2022-01-18 05:00:00+00:00,134.89142851777413,135.8389098452004,134.1618746973883,134.71609497070312,34872000.0,GOOGL
2022-01-19 05:00:00+00:00,135.23661543971323,136.65908416614792,133.74283433997795,133.84288024902344,28648000.0,GOOGL
2022-01-20 05:00:00+00:00,134.96571815865502,136.3287551036395,131.7111798903732,132.0509490966797,29908000.0,GOOGL
2022-01-21 05:00:00+00:00,131.34367390126937,133.59424596274727,128.86030124010927,129.122802734375,55652000.0,GOOGL
2022-01-24 05:00:00+00:00,124.79051601654032,129.9662707060436,123.32645093172006,129.57102966308594,76622000.0,GOOGL
2022-01-25 05:00:00+00:00,127.52651182595139,128.17929675546682,125.30811925081203,125.73851776123047,46960000.0,GOOGL
2022-01-26 05:00:00+00:00,129.8830553886259,131.7463215282663,125.9435382450709,128.01483154296875,49130000.0,GOOGL
2022-01-27 05:00:00+00:00,130.06632706054074,131.40211160207753,127.71717517752967,127.78900146484375,31950000.0,GOOGL
2022-01-28 05:00:00+00:00,128.43685397990885,132.09951167722036,127.27392388510259,132.09405517578125,34362000.0,GOOGL
2022-01-31 05:00:00+00:00,132.8973869656009,134.19603402997248,130.96329190158724,134.0281219482422,39986000.0,GOOGL
2022-02-01 05:00:00+00:00,136.2975094371745,136.4941399156585,133.10192029653288,136.34654235839844,68644000.0,GOOGL
2022-02-02 05:00:00+00:00,149.82433100004454,150.11802980876558,144.15082455441086,146.60496520996094,123200000.0,GOOGL
2022-02-03 05:00:00+00:00,144.3320658335247,148.26414649933386,141.32071281482683,141.7412109375,71518000.0,GOOGL
2022-02-04 05:00:00+00:00,142.0923982148257,143.50941059648488,139.19050728126922,141.94232177734375,57998000.0,GOOGL
2022-02-07 05:00:00+00:00,142.89028927583428,142.89028927583428,137.59071270904863,137.88888549804688,54974000.0,GOOGL
2022-02-08 05:00:00+00:00,137.71603558970185,138.68035486899515,135.72250851145188,138.08502197265625,54284000.0,GOOGL
2022-02-09 05:00:00+00:00,139.63476944444088,141.18105994739093,138.8655843121402,140.25733947753906,40144000.0,GOOGL
2022-02-10 05:00:00+00:00,138.38666797793726,140.15087104730347,136.65662471919973,137.31336975097656,39330000.0,GOOGL
2022-02-11 05:00:00+00:00,137.29356222530336,137.8448048052889,132.1425653416151,133.01675415039062,39958000.0,GOOGL
2022-02-14 05:00:00+00:00,132.00039669326958,135.0152108089526,132.00039669326958,134.24850463867188,34302000.0,GOOGL
2022-02-15 05:00:00+00:00,136.2737385525834,136.8066768485593,134.54123186318918,135.32081604003906,26680000.0,GOOGL
2022-02-16 05:00:00+00:00,135.3584485041593,136.78437846529766,133.65218142911007,136.43966674804688,25022000.0,GOOGL
2022-02-17 05:00:00+00:00,134.95876898649715,135.82106231860794,131.22975729540616,131.28968811035156,38950000.0,GOOGL
2022-02-18 05:00:00+00:00,132.20892681142413,132.80625486592996,128.96926212956205,129.17381286621094,45620000.0,GOOGL
2022-02-22 05:00:00+00:00,128.61414903757367,130.93456750573523,127.01486532309565,128.5898895263672,44990000.0,GOOGL
2022-02-23 05:00:00+00:00,130.40757990733792,130.80628231511255,126.32542227304695,126.3853530883789,32786000.0,GOOGL
2022-02-24 05:00:00+00:00,123.77571366767862,131.74637021438616,123.77571366767862,131.44027709960938,54456000.0,GOOGL
2022-02-25 05:00:00+00:00,132.29314574757424,133.9964355070235,130.50961066397696,133.1920928955078,36406000.0,GOOGL
2022-02-28 05:00:00+00:00,131.79588020023658,134.47190837481307,131.34268834077528,133.78396606445312,38864000.0,GOOGL
2022-03-01 05:00:00+00:00,133.6071366345848,134.9711560163724,131.9627951950794,132.79783630371094,26496000.0,GOOGL
2022-03-02 05:00:00+00:00,133.35902551510424,133.98753587900154,131.81719355199346,133.3030548095703,23520000.0,GOOGL
2022-03-03 05:00:00+00:00,134.72795489655672,135.15341075297445,131.7715899019404,132.63735961914062,24604000.0,GOOGL
2022-03-04 05:00:00+00:00,131.67454967575668,132.58983619243168,129.10895116111877,130.6631622314453,30430000.0,GOOGL
2022-03-07 05:00:00+00:00,130.2485824001447,130.49324821881464,125.10452399512036,125.18724060058594,45112000.0,GOOGL
2022-03-08 05:00:00+00:00,125.05996493303867,130.01283483137684,124.48988912406125,125.90641021728516,40428000.0,GOOGL
2022-03-09 05:00:00+00:00,130.0128102007671,132.4748854720658,128.67602832914253,132.162353515625,37026000.0,GOOGL
2022-03-10 05:00:00+00:00,130.02868267785485,132.01577069786407,129.6785144341432,131.18121337890625,27102000.0,GOOGL
2022-03-11 05:00:00+00:00,132.23024024414997,132.53435325187561,128.4096014176675,128.64634704589844,31526000.0,GOOGL
2022-03-14 04:00:00+00:00,129.0222518662793,129.179749732327,124.09414817213414,124.7637710571289,38812000.0,GOOGL
2022-03-15 04:00:00+00:00,125.77913076308056,128.63050764865514,124.53546423512067,127.98018646240234,30920000.0,GOOGL
2022-03-16 04:00:00+00:00,129.50071256727477,132.07619590093205,127.52104583130303,132.02420043945312,35576000.0,GOOGL
2022-03-17 04:00:00+00:00,131.89392469445764,132.81664753613904,130.93900699221336,132.57742309570312,28264000.0,GOOGL
2022-03-18 04:00:00+00:00,132.166817544067,134.95974420725267,131.01180809511806,134.8423614501953,44566000.0,GOOGL
2022-03-21 04:00:00+00:00,134.8800155945873,135.75816449036662,132.82853776609664,134.818603515625,26832000.0,GOOGL
2022-03-22 04:00:00+00:00,134.81861439453007,139.72047161209517,134.81861439453007,138.5496063232422,35496000.0,GOOGL
2022-03-23 04:00:00+00:00,137.39506864290857,138.27271864480082,136.53575308435217,136.9720916748047,25154000.0,GOOGL
2022-03-24 04:00:00+00:00,137.88789810464644,140.28410290416335,136.45206761789734,140.237548828125,26396000.0,GOOGL
2022-03-25 04:00:00+00:00,140.57830645229447,140.69618802841327,138.42034355673357,140.3376007080078,24126000.0,GOOGL
2022-03-28 04:00:00+00:00,139.57238537233414,140.66400300337222,138.4936456884533,140.12216186523438,35050000.0,GOOGL
2022-03-29 04:00:00+00:00,141.3029063704736,142.43810026531608,140.6996381193691,141.1622314453125,34318000.0,GOOGL
2022-03-30 04:00:00+00:00,141.1171698835011,141.3752124596819,140.2652756920692,140.6005859375,19884000.0,GOOGL
2022-03-31 04:00:00+00:00,140.71398488141358,140.76847430446492,137.71404362201923,137.7566375732422,37524000.0,GOOGL
2022-04-01 04:00:00+00:00,138.18507141556094,139.1469118661108,137.0038070973183,138.82943725585938,25942000.0,GOOGL
2022-04-04 04:00:00+00:00,139.03550914168866,142.35739996687056,138.98795747049755,141.62387084960938,25942000.0,GOOGL
2022-04-05 04:00:00+00:00,141.5223047954093,141.6426500916848,139.05924680061253,139.26577758789062,21418000.0,GOOGL
2022-04-06 04:00:00+00:00,137.44216549463002,138.0469151340761,134.23963752395863,135.26092529296875,32468000.0,GOOGL
2022-04-07 04:00:00+00:00,134.72795027720932,135.87157824028196,132.96225109677235,134.60760498046875,26234000.0,GOOGL
2022-04-08 04:00:00+00:00,134.30549126521612,134.39117797517184,131.71217218120978,132.03114318847656,25142000.0,GOOGL
2022-04-11 04:00:00+00:00,130.58092125059764,130.84738285093687,127.4556617772444,127.60919952392578,36884000.0,GOOGL
2022-04-12 04:00:00+00:00,130.35954686473357,130.35954686473357,125.59389066736169,126.51066589355469,32710000.0,GOOGL
2022-04-13 04:00:00+00:00,126.79347231964165,129.10547167871107,126.53691099276196,128.66961669921875,27928000.0,GOOGL
2022-04-14 04:00:00+00:00,129.24961528064816,129.24961528064816,125.40766436187617,125.53545379638672,31598000.0,GOOGL
2022-04-18 04:00:00+00:00,125.80290829644117,127.00397332375944,124.9926179121444,126.47303009033203,20808000.0,GOOGL
2022-04-19 04:00:00+00:00,126.48786373209683,129.10445946368372,125.8023852699178,128.7835235595703,26490000.0,GOOGL
2022-04-20 04:00:00+00:00,129.65821381786787,130.16043859794559,126.2981884119716,126.83309173583984,31696000.0,GOOGL
2022-04-21 04:00:00+00:00,128.0316847615535,128.87218229541864,123.3527055622705,123.63799285888672,36446000.0,GOOGL
2022-04-22 04:00:00+00:00,123.82174062602672,124.21995176709888,117.80400705459354,118.50780487060547,56884000.0,GOOGL
2022-04-25 04:00:00+00:00,117.97835219471519,122.11548294345009,117.39391716093655,121.91390228271484,46128000.0,GOOGL
2022-04-26 04:00:00+00:00,121.14176417431584,121.35523276783128,117.39392647415147,117.5316162109375,73054000.0,GOOGL
2022-04-27 04:00:00+00:00,113.39050136160769,116.13686670418976,111.67384258767316,113.21715545654297,91820000.0,GOOGL
2022-04-28 04:00:00+00:00,115.31767859411205,118.52168744721978,113.03935526290716,117.40531158447266,48884000.0,GOOGL
2022-04-29 04:00:00+00:00,115.63415406821377,116.80848059659873,112.7416798928777,113.03389739990234,42676000.0,GOOGL
2022-05-02 04:00:00+00:00,112.336047043813,115.64505948132707,111.53863464466028,115.48409271240234,35534000.0,GOOGL
2022-05-03 04:00:00+00:00,115.33301749852883,117.32556209419245,114.94075408048792,116.2280044555664,24968000.0,GOOGL
2022-05-04 04:00:00+00:00,115.92835986523224,121.69647018478724,114.03091100326057,121.10856628417969,49916000.0,GOOGL
2022-05-05 04:00:00+00:00,119.07096543975983,119.8980938644429,113.92146466993306,115.4073257446289,45840000.0,GOOGL
2022-05-06 04:00:00+00:00,114.09878031188086,116.46328163885201,112.94080049661473,114.65547943115234,39710000.0,GOOGL
2022-05-09 04:00:00+00:00,112.1824948860931,113.99227685907525,110.94477629686784,111.4504623413086,40802000.0,GOOGL
2022-05-10 04:00:00+00:00,114.41872033983715,115.15422180073458,111.83629181263385,113.31670379638672,39900000.0,GOOGL
2022-05-11 04:00:00+00:00,112.16913744806907,115.26765131886637,112.16913744806907,112.53168487548828,37534000.0,GOOGL
2022-05-12 04:00:00+00:00,110.32765836329241,113.21765378291165,108.7892955470922,111.78033447265625,53836000.0,GOOGL
2022-05-13 04:00:00+00:00,113.45340618375492,116.76390724826179,112.53415970229025,114.95660400390625,35038000.0,GOOGL
2022-05-16 04:00:00+00:00,113.87192754882359,115.07498009851662,112.8159813449991,113.36624145507812,25990000.0,GOOGL
2022-05-17 04:00:00+00:00,115.73918126852057,115.798122064092,113.78725770680678,115.3751449584961,23054000.0,GOOGL
2022-05-18 04:00:00+00:00,113.91601089828785,114.31224201290831,110.50397497987214,110.84473419189453,35126000.0,GOOGL
2022-05-19 04:00:00+00:00,110.38114796918116,111.9447678514437,108.96313804874286,109.34352111816406,34144000.0,GOOGL
2022-05-20 04:00:00+00:00,110.89573972784942,111.12605391287045,104.79925712239785,107.88142395019531,48962000.0,GOOGL
2022-05-23 04:00:00+00:00,108.55452759041016,111.09039456188339,107.71600254425863,110.4371109008789,37184000.0,GOOGL
2022-05-24 04:00:00+00:00,104.77500626449768,105.45503592449192,100.92414493774601,104.97113800048828,76780000.0,GOOGL
2022-05-25 04:00:00+00:00,103.99589911328695,105.49612682309936,102.87754328812014,104.80767822265625,40258000.0,GOOGL
2022-05-26 04:00:00+00:00,104.68090538473652,107.62538308760654,104.2331624270004,106.7764663696289,37948000.0,GOOGL
2022-05-27 04:00:00+00:00,108.45100981416809,111.25928606467275,108.1097518272752,111.25779724121094,37914000.0,GOOGL
2022-05-31 04:00:00+00:00,111.68375119356135,114.64408411321045,111.02204847773712,112.68968200683594,50012000.0,GOOGL
2022-06-01 04:00:00+00:00,113.77238639007433,115.99770912994168,112.18251170681881,112.8184585571289,36606000.0,GOOGL
2022-06-02 04:00:00+00:00,112.92543446799303,116.78817573341432,111.88186743338352,116.51378631591797,37992000.0,GOOGL
2022-06-03 04:00:00+00:00,114.96849217131312,115.22505349151253,112.44847324423242,113.46133422851562,26136000.0,GOOGL
2022-06-06 04:00:00+00:00,115.60444124136708,118.22203484000119,115.06903914035705,115.71935272216797,33542000.0,GOOGL
2022-06-07 04:00:00+00:00,114.39198315815538,116.58164964382146,113.96752484797211,116.04524993896484,31590000.0,GOOGL
2022-06-08 04:00:00+00:00,115.6608989926276,117.45285297012651,115.50092226538834,116.08932495117188,26108000.0,GOOGL
2022-06-09 04:00:00+00:00,115.23100027011895,117.1839211487703,113.69412622919633,113.75306701660156,25798000.0,GOOGL
2022-06-10 04:00:00+00:00,111.38509566027086,112.21123403229579,109.3256899095123,110.11369323730469,41452000.0,GOOGL
2022-06-13 04:00:00+00:00,105.77992416332314,107.76602221273737,105.11872028376786,105.38964080810547,47252000.0,GOOGL
2022-06-14 04:00:00+00:00,105.53080749276522,106.90720599069174,104.8027349790205,105.70960235595703,33706000.0,GOOGL
2022-06-15 04:00:00+00:00,107.52185574417723,110.37322494977526,106.65461223598331,108.72986602783203,39698000.0,GOOGL
2022-06-16 04:00:00+00:00,106.21034141935115,107.62438376681095,104.14697548134566,105.0340347290039,51684000.0,GOOGL
2022-06-17 04:00:00+00:00,105.03402250297012,107.67489298903801,104.05582771449916,106.13356018066406,51376000.0,GOOGL
2022-06-21 04:00:00+00:00,107.90272658856365,111.42917514346335,107.57633415067775,110.49258422851562,47416000.0,GOOGL
2022-06-22 04:00:00+00:00,109.51439846102454,112.27809328975262,109.34203501668972,110.4366226196289,30774000.0,GOOGL
2022-06-23 04:00:00+00:00,111.17360664482932,111.6797915400438,109.45892779579324,111.18400573730469,28362000.0,GOOGL
2022-06-24 04:00:00+00:00,111.92991405965786,116.9659920122871,111.88781133853583,116.86296844482422,41164000.0,GOOGL
2022-06-27 04:00:00+00:00,117.15815754971578,117.46176417834405,114.0938111747087,114.74165344238281,36420000.0,GOOGL
2022-06-28 04:00:00+00:00,114.71094784953131,116.20374667239821,110.7937245115218,110.95172119140625,35792000.0,GOOGL
2022-06-29 04:00:00+00:00,110.50052414302422,112.09386022789779,109.82742468771599,110.64861297607422,24716000.0,GOOGL
2022-06-30 04:00:00+00:00,108.9631485734699,109.84277883835993,105.74378282016283,107.93592071533203,43170000.0,GOOGL
2022-07-01 04:00:00+00:00,106.91562613688178,108.22021347289117,105.72446146275112,107.7125473022461,35476000.0,GOOGL
2022-07-05 04:00:00+00:00,106.09095609658267,112.3082897521521,104.73485723775534,112.19536590576172,39342000.0,GOOGL
2022-07-06 04:00:00+00:00,112.2340168911837,114.49995339678294,110.42522478314434,113.4920425415039,37432000.0,GOOGL
2022-07-07 04:00:00+00:00,113.99525457205867,118.06601541008106,113.75107996208602,117.66334533691406,40936000.0,GOOGL
2022-07-08 04:00:00+00:00,116.14480464976064,118.55684998677997,115.7995865179468,118.22847747802734,38238000.0,GOOGL
2022-07-11 04:00:00+00:00,116.88574836577106,116.88574836577106,114.24338897628644,114.58612823486328,31196000.0,GOOGL
2022-07-12 04:00:00+00:00,115.1195505184911,115.87139882340728,112.61835728538988,112.94573974609375,29960000.0,GOOGL
2022-07-13 04:00:00+00:00,110.64809930840663,113.11958408095617,110.15331111772146,110.30387878417969,43722000.0,GOOGL
2022-07-14 04:00:00+00:00,109.1716687492419,110.04585008459887,107.35148734064299,109.32718658447266,37004000.0,GOOGL
2022-07-15 04:00:00+00:00,110.94480501384827,112.07405895470433,109.85467615264454,110.7238998413086,46770000.0,GOOGL
2022-07-18 04:00:00+00:00,111.57826178835704,112.60845972018963,107.34851386704042,108.00228881835938,43164600.0,GOOGL
2022-07-19 04:00:00+00:00,109.80512272878235,112.94524039032943,108.52728140447425,112.73722076416016,36530900.0,GOOGL
2022-07-20 04:00:00+00:00,112.10325553773596,114.31223883911534,111.41976463040918,112.82637786865234,35600400.0,GOOGL
2022-07-21 04:00:00+00:00,113.20279027118345,113.47024947099275,110.06267265031975,113.26222229003906,32676200.0,GOOGL
2022-07-22 04:00:00+00:00,109.95372026312712,111.28108587114552,105.49613700921657,106.88294219970703,48901200.0,GOOGL
2022-07-25 04:00:00+00:00,107.38812296448917,108.83435998981076,105.29801137565637,106.4966049194336,34690900.0,GOOGL
2022-07-26 04:00:00+00:00,105.59519150485441,106.1895344193416,103.08904038448871,104.03008270263672,47991000.0,GOOGL
2022-07-27 04:00:00+00:00,108.23011657455983,112.83628715279444,106.99189908350105,111.99429321289062,59858500.0,GOOGL
2022-07-28 04:00:00+00:00,111.3108110624492,113.26223563374616,110.40938503038234,113.14337158203125,32816600.0,GOOGL
2022-07-29 04:00:00+00:00,112.01411401088968,115.60989504749655,111.99429829794433,115.22357177734375,37223400.0,GOOGL
2022-08-01 04:00:00+00:00,114.21319112150867,115.61980446035776,113.26223338181438,113.77733612060547,26034300.0,GOOGL
2022-08-02 04:00:00+00:00,112.92543862061498,115.25328606314042,112.64807910337518,114.04478454589844,20236000.0,GOOGL
2022-08-03 04:00:00+00:00,114.61930939856126,117.5018831842093,114.39148162513001,116.96697235107422,28499000.0,GOOGL
2022-08-04 04:00:00+00:00,116.37262877941384,117.66037035567156,115.78818623003248,117.07593536376953,21602900.0,GOOGL
2022-08-05 04:00:00+00:00,115.13442225860744,116.996698705037,114.90658690755124,116.36273193359375,19159500.0,GOOGL
2022-08-08 04:00:00+00:00,117.27406569542369,119.01747820672087,115.77829670617234,116.19434356689453,19138300.0,GOOGL
2022-08-09 04:00:00+00:00,116.03583449031639,116.21413810759837,114.6193134078761,115.5306396484375,19086500.0,GOOGL
2022-08-10 04:00:00+00:00,117.66037481224664,119.78020250101322,117.29386728055461,118.57170104980469,30930400.0,GOOGL
2022-08-11 04:00:00+00:00,120.13680567723729,120.34482529677571,117.44244336372742,117.71980285644531,24293700.0,GOOGL
2022-08-12 04:00:00+00:00,119.1264296615191,120.53304290771484,118.33396744979994,120.53304290771484,19096300.0,GOOGL
2022-08-15 04:00:00+00:00,119.988218109904,121.14719535835013,119.47312298863412,120.92926788330078,19494800.0,GOOGL
2022-08-16 04:00:00+00:00,120.37455281758771,121.27597881260755,119.50285039175542,120.5528564453125,19041200.0,GOOGL
2022-08-17 04:00:00+00:00,118.98776077131538,120.14673062684432,118.25473051343378,118.42313385009766,22847000.0,GOOGL
2022-08-18 04:00:00+00:00,118.30425456881134,119.68115184104835,117.60094792710956,119.03727722167969,17987700.0,GOOGL
2022-08-19 04:00:00+00:00,117.9377392404507,118.02689483126161,115.65942355139303,116.10517883300781,21809500.0,GOOGL
2022-08-22 04:00:00+00:00,114.11413536597259,114.54008253899451,112.77686181822305,113.1631851196289,21456600.0,GOOGL
2022-08-23 04:00:00+00:00,112.41035062020673,113.92592776280064,112.36081889290763,112.7867660522461,15870400.0,GOOGL
2022-08-24 04:00:00+00:00,112.43015094510808,113.6980844778473,111.80609203500424,112.61836242675781,17734600.0,GOOGL
2022-08-25 04:00:00+00:00,113.16316633053552,115.61979306048023,113.03439443727451,115.55045318603516,16956800.0,GOOGL
2022-08-26 04:00:00+00:00,113.63866138956425,114.03489253906723,109.15136194833346,109.29994201660156,37245700.0,GOOGL
2022-08-29 04:00:00+00:00,108.95323007744102,109.90418019250721,107.77445217888464,108.38860321044922,21191200.0,GOOGL
2022-08-30 04:00:00+00:00,109.13154119164547,109.45843244169193,106.7838855317196,107.91313934326172,27513300.0,GOOGL
2022-08-31 04:00:00+00:00,109.60700020134362,109.80511195230571,107.11074981733967,107.19990539550781,28627000.0,GOOGL
2022-09-01 04:00:00+00:00,107.25935215267644,109.40889593174482,106.34802588101795,108.7055892944336,28360900.0,GOOGL
2022-09-02 04:00:00+00:00,109.54758301202008,109.6961706343394,106.24897709542937,106.83341217041016,24160700.0,GOOGL
2022-09-06 04:00:00+00:00,106.28858643846911,107.01170118012315,104.78290982238947,105.8031997680664,25068300.0,GOOGL
2022-09-07 04:00:00+00:00,106.0508335555449,108.9433149301263,105.89234567004216,108.41830444335938,23167000.0,GOOGL
2022-09-08 04:00:00+00:00,107.02162214412529,108.56691525636909,106.14991969368934,107.35841369628906,24238300.0,GOOGL
2022-09-09 04:00:00+00:00,108.04190122135259,109.94380140559007,107.99236950049534,109.60700988769531,23197700.0,GOOGL
2022-09-12 04:00:00+00:00,109.94380485678408,110.56787130626519,108.89379884747014,109.81503295898438,22966800.0,GOOGL
2022-09-13 04:00:00+00:00,106.78387833563288,107.2791653268789,103.10884221000528,103.33667755126953,38172900.0,GOOGL
2022-09-14 04:00:00+00:00,103.58432204615924,104.28762867361574,102.68290364328506,104.01026916503906,26395100.0,GOOGL
2022-09-15 04:00:00+00:00,103.04941765722538,104.27772736843421,101.38525294374102,101.93997955322266,34188300.0,GOOGL
2022-09-16 04:00:00+00:00,101.10787899994078,102.15788492935164,99.9885331989175,101.83100128173828,42797200.0,GOOGL
2022-09-19 04:00:00+00:00,100.79090754857049,102.3560163297047,100.59279576557026,102.09846496582031,23036800.0,GOOGL
2022-09-20 04:00:00+00:00,101.11778740955236,101.40505475280146,99.57248695767865,100.1866455078125,26517100.0,GOOGL
2022-09-21 04:00:00+00:00,100.71165611559576,101.91024974095512,98.33427701945793,98.34418487548828,31487300.0,GOOGL
2022-09-22 04:00:00+00:00,97.88852564747053,100.28571299374859,97.8588096356747,99.19608306884766,34298600.0,GOOGL
2022-09-23 04:00:00+00:00,98.6908830045893,98.72060657230172,96.55124713555664,97.80927276611328,31625400.0,GOOGL
2022-09-26 04:00:00+00:00,97.17529666595163,98.93851697312458,96.87812903475876,97.24463653564453,27072700.0,GOOGL
2022-09-27 04:00:00+00:00,98.49277122014274,99.0573980869391,95.95690424751061,96.58096313476562,30072800.0,GOOGL
2022-09-28 04:00:00+00:00,96.72955443737825,99.75080065991985,96.19464356038361,99.10693359375,32466300.0,GOOGL
2022-09-29 04:00:00+00:00,97.71021809479579,97.71021809479579,95.05547949044494,96.50171661376953,31047200.0,GOOGL
2022-09-30 04:00:00+00:00,96.13520283934386,97.96776309662957,94.6592422436428,94.74839782714844,32941500.0,GOOGL
2022-10-03 04:00:00+00:00,95.84792893949539,98.35407959949272,95.6101857713887,97.710205078125,27982000.0,GOOGL
2022-10-04 04:00:00+00:00,99.49323734624791,100.88003465449644,99.43379777769545,100.68192291259766,28850800.0,GOOGL
2022-10-05 04:00:00+00:00,98.88899830659031,100.96920207041116,97.86870835694118,100.47391510009766,22176900.0,GOOGL
2022-10-06 04:00:00+00:00,99.73098951026391,101.95978098541211,99.6418339213685,100.4640121459961,22324000.0,GOOGL
2022-10-07 04:00:00+00:00,98.90880951525219,99.58240011798391,97.37342439434227,97.74983978271484,27502800.0,GOOGL
2022-10-10 04:00:00+00:00,98.06683009651893,98.1658859891608,96.09558987026921,96.93757629394531,18225100.0,GOOGL
2022-10-11 04:00:00+00:00,96.51162053902081,98.31446483110562,95.40217499101496,96.26397705078125,26507100.0,GOOGL
2022-10-12 04:00:00+00:00,96.3828523219572,97.81918158553775,95.82812574805676,96.64039611816406,21876400.0,GOOGL
2022-10-13 04:00:00+00:00,94.25311840728581,98.83947334531618,93.49037218865715,98.12625885009766,34574500.0,GOOGL
2022-10-14 04:00:00+00:00,99.04748737926585,99.74089368039773,95.46161450854994,95.64981842041016,25410700.0,GOOGL
2022-10-17 04:00:00+00:00,97.92814174923495,99.9786295328087,97.89842573979583,99.02767944335938,28419200.0,GOOGL
2022-10-18 04:00:00+00:00,102.15789223033175,102.49469131471892,99.0276823713602,99.82013702392578,24060700.0,GOOGL
2022-10-19 04:00:00+00:00,99.06731041769221,100.06778474217612,97.98758079988396,98.69088745117188,23811100.0,GOOGL
2022-10-20 04:00:00+00:00,99.05739545279849,101.35552672500424,98.45314473593805,99.02767944335938,25323200.0,GOOGL
2022-10-21 04:00:00+00:00,96.92766853336371,100.35505381302936,96.79889662854987,100.17675018310547,32458700.0,GOOGL
2022-10-24 04:00:00+00:00,100.84044292323848,101.78148526277319,99.03759842574941,101.55364990234375,27176400.0,GOOGL
2022-10-25 04:00:00+00:00,101.93006943778678,103.83196976605646,101.751765809669,103.49517822265625,40611400.0,GOOGL
2022-10-26 04:00:00+00:00,95.52105546451727,97.38333194848032,93.79745874225998,94.03519439697266,88114100.0,GOOGL
2022-10-27 04:00:00+00:00,93.62905426662633,94.53048026417704,90.93469924535803,91.35073852539062,60710900.0,GOOGL
2022-10-28 04:00:00+00:00,91.40025834019883,95.63992134750747,91.2615785867917,95.38236999511719,43697300.0,GOOGL
2022-10-31 04:00:00+00:00,94.52057434230903,95.12482511935792,93.09415284479122,93.61915588378906,31675000.0,GOOGL
2022-11-01 04:00:00+00:00,94.55027964071681,95.12481434026306,89.51816976437351,89.61722564697266,47161400.0,GOOGL
2022-11-02 04:00:00+00:00,90.0827948258783,90.32053045090788,86.06105956611515,86.15021514892578,57038300.0,GOOGL
2022-11-03 04:00:00+00:00,85.50635911213857,85.70447091633443,82.55444486174243,82.64360046386719,61288000.0,GOOGL
2022-11-04 04:00:00+00:00,84.5950155815513,85.8233251451628,82.92094321259124,85.7638931274414,51124900.0,GOOGL
2022-11-07 05:00:00+00:00,86.45729778160043,88.06203038731945,86.03135065796711,87.65589141845703,34078900.0,GOOGL
2022-11-08 05:00:00+00:00,88.0620346069336,89.46864794494398,86.7643774616038,88.0620346069336,30429000.0,GOOGL
2022-11-09 05:00:00+00:00,87.616271304768,88.59694505123552,86.4573014852848,86.4969253540039,31769100.0,GOOGL
2022-11-10 05:00:00+00:00,91.38043976059588,93.50026724366884,90.74647308663829,93.05451202392578,51620100.0,GOOGL
2022-11-11 05:00:00+00:00,93.79746258426681,96.01634641992595,93.03471630616241,95.50125122070312,33090500.0,GOOGL
2022-11-14 05:00:00+00:00,94.19367711771467,95.87765743584981,93.61914994697848,94.79792785644531,30179500.0,GOOGL
2022-11-15 05:00:00+00:00,97.33379660978578,99.1960728800167,95.79840399321353,97.51210021972656,41640800.0,GOOGL
2022-11-16 05:00:00+00:00,96.9772010829533,98.70079781521773,96.71964971365578,97.91824340820312,29105200.0,GOOGL
2022-11-17 05:00:00+00:00,96.0559565217017,98.34417991306272,95.87765290955153,97.43285369873047,26052600.0,GOOGL
2022-11-18 05:00:00+00:00,97.8389927582132,97.96777221776902,95.46162115308442,96.51162719726562,28342300.0,GOOGL
2022-11-21 05:00:00+00:00,96.37294018625333,97.47247787174473,94.46113216672569,94.69886779785156,21647400.0,GOOGL
2022-11-22 05:00:00+00:00,95.04556315903618,96.30359625053846,93.16347878557339,96.13520050048828,23438500.0,GOOGL
2022-11-23 05:00:00+00:00,96.17481715253768,97.8290813234833,96.17481715253768,97.53190612792969,18868100.0,GOOGL
2022-11-25 05:00:00+00:00,97.31397483931404,97.71020589867385,96.48189641638942,96.54132843017578,9701400.0,GOOGL
2022-11-28 05:00:00+00:00,96.1253119375641,96.66022286050219,94.70879066686162,95.14464569091797,26237500.0,GOOGL
2022-11-29 05:00:00+00:00,94.82765839860214,95.21398167866465,93.22292569547149,94.2927474975586,20061700.0,GOOGL
2022-11-30 05:00:00+00:00,93.92623779872713,100.08761003712026,93.53000663905115,100.03807830810547,43647500.0,GOOGL
2022-12-01 05:00:00+00:00,100.06779432252203,101.28620381596652,99.30505557506741,100.03807830810547,28687100.0,GOOGL
2022-12-02 05:00:00+00:00,98.11635082720889,99.82013163918121,97.96776322615591,99.49324798583984,21480700.0,GOOGL
2022-12-05 05:00:00+00:00,98.46305725876209,100.42438954950684,98.0668261466735,98.54230499267578,24405100.0,GOOGL
2022-12-06 05:00:00+00:00,98.36399581432345,98.83946707599033,95.51113801440432,96.06586456298828,24910700.0,GOOGL
2022-12-07 05:00:00+00:00,95.501250078082,95.96681354446217,93.8271774750463,94.04510498046875,31045400.0,GOOGL
2022-12-08 05:00:00+00:00,94.48093971104322,94.67905903360328,92.56913170384522,92.8266830444336,32213300.0,GOOGL
2022-12-09 05:00:00+00:00,92.88612099660666,93.37150769977879,91.87573883817876,91.95498657226562,28225400.0,GOOGL
2022-12-12 05:00:00+00:00,91.83610759648849,92.67809392047832,90.74647779147345,92.43045043945312,29420000.0,GOOGL
2022-12-13 05:00:00+00:00,96.83851164366295,98.59182421305074,94.13424142996912,94.72858428955078,40593700.0,GOOGL
2022-12-14 05:00:00+00:00,94.30264580617633,95.95691020054102,92.71772884995525,94.17387390136719,28733600.0,GOOGL
2022-12-15 05:00:00+00:00,92.25215497887433,92.75734984088065,89.16156889949431,90.00355529785156,40107000.0,GOOGL
2022-12-16 05:00:00+00:00,89.904497198702,90.46912406913405,88.67618001312934,89.40921020507812,58011800.0,GOOGL
2022-12-19 05:00:00+00:00,89.40922122463904,89.706388922951,87.37854127751075,87.60637664794922,29493000.0,GOOGL
2022-12-20 05:00:00+00:00,87.27947454659835,88.33938840975075,86.61579178950325,88.18089294433594,23453800.0,GOOGL
2022-12-21 05:00:00+00:00,88.24034677688766,89.36960069920796,87.4875083095138,88.73563385009766,24745600.0,GOOGL
2022-12-22 05:00:00+00:00,87.32901618522953,87.70543162211254,85.50635591339253,86.93278503417969,27658300.0,GOOGL
2022-12-23 05:00:00+00:00,86.28890398968787,88.70590703096771,86.24928012175934,88.38892364501953,23003000.0,GOOGL
2022-12-27 05:00:00+00:00,87.96296650718489,88.101646250422,86.18983829581997,86.56625366210938,20097300.0,GOOGL
2022-12-28 05:00:00+00:00,86.16013283342589,87.21013889144778,85.12993493079983,85.20917510986328,19523200.0,GOOGL
2022-12-29 05:00:00+00:00,85.80351225609894,88.01248777759298,85.79360440119908,87.61625671386719,23333500.0,GOOGL
2022-12-30 05:00:00+00:00,86.16012846707217,87.46768582385727,85.75398950597845,87.39834594726562,23986300.0,GOOGL
2023-01-03 05:00:00+00:00,88.74551641039932,90.19176102565882,87.68560258790053,88.27995300292969,28131200.0,GOOGL
2023-01-04 05:00:00+00:00,89.49835541423235,89.7955306240279,86.4473858159188,87.249755859375,34854800.0,GOOGL
2023-01-05 05:00:00+00:00,86.64550724695111,86.74456313346334,85.09030640052188,85.3874740600586,27194400.0,GOOGL
2023-01-06 05:00:00+00:00,85.97192008580211,86.8634382151229,84.06011192527862,86.51673126220703,41381500.0,GOOGL
2023-01-09 05:00:00+00:00,87.52712197637781,89.20119450702028,87.03183496091958,87.19032287597656,29003900.0,GOOGL
2023-01-10 05:00:00+00:00,85.16955994373511,87.83419899287388,85.02097232508895,87.58655548095703,30467800.0,GOOGL
2023-01-11 05:00:00+00:00,88.33940116805881,90.73658874757064,88.17100537984503,90.65734100341797,26862000.0,GOOGL
2023-01-12 05:00:00+00:00,90.61771066077036,91.00403390685888,88.9040143567913,90.27100372314453,30258100.0,GOOGL
2023-01-13 05:00:00+00:00,89.9936452702405,91.32101834363606,89.28043078990615,91.25167846679688,26329200.0,GOOGL
2023-01-17 05:00:00+00:00,91.19223538103147,91.38044684984735,89.20118718373709,90.42949676513672,32602400.0,GOOGL
2023-01-18 05:00:00+00:00,91.27149058446429,91.92527307231936,89.78562953840836,90.2611083984375,29116700.0,GOOGL
2023-01-19 05:00:00+00:00,89.86488826874395,92.72764696311032,89.77573266518364,92.17292785644531,37000400.0,GOOGL
2023-01-20 05:00:00+00:00,94.20358739410928,97.37342877925906,94.12433965904754,97.09606170654297,63191100.0,GOOGL
2023-01-23 05:00:00+00:00,97.02672040094633,99.09702399348039,96.58096512336888,98.84938049316406,40005100.0,GOOGL
2023-01-24 05:00:00+00:00,97.17530672932803,98.6710755675798,96.28378862846672,96.7790756225586,33078500.0,GOOGL
2023-01-25 05:00:00+00:00,94.66915574421624,95.25359832710816,92.87621924407682,94.32245635986328,42330000.0,GOOGL
2023-01-26 05:00:00+00:00,95.59040203045797,96.65031603046536,94.480956301743,96.60078430175781,30114000.0,GOOGL
2023-01-27 05:00:00+00:00,96.39276185389814,99.37439196772775,96.39276185389814,98.433349609375,33879800.0,GOOGL
2023-01-30 05:00:00+00:00,96.56115597928776,97.36351849369827,95.49133425508724,96.0262451171875,27226200.0,GOOGL
2023-01-31 05:00:00+00:00,95.95690086997,97.94794906005014,95.90736914967809,97.9083251953125,29870700.0,GOOGL
2023-02-01 05:00:00+00:00,97.77955657834522,100.23618337201236,96.66021070256011,99.48334503173828,35531100.0,GOOGL
2023-02-02 05:00:00+00:00,104.80273309148161,106.83340527382167,104.61452161152837,106.72444152832031,69883800.0,GOOGL
2023-02-03 05:00:00+00:00,101.9597827400415,106.79378116863643,101.61308334943693,103.79234313964844,65309300.0,GOOGL
2023-02-06 05:00:00+00:00,101.43478954816082,103.37631388102743,100.91968678297297,101.9300765991211,31999600.0,GOOGL
2023-02-07 05:00:00+00:00,102.24706097066138,107.1603076554791,102.14800507103423,106.62539672851562,49010200.0,GOOGL
2023-02-08 05:00:00+00:00,101.08808846115261,102.16781058689459,97.11588426169673,98.433349609375,94743500.0,GOOGL
2023-02-09 05:00:00+00:00,99.05740322268637,99.08711923445635,92.7474439167084,94.11444091796875,119455000.0,GOOGL
2023-02-10 05:00:00+00:00,94.55028362184048,95.83803282228948,93.36159786564117,93.67858123779297,54980700.0,GOOGL
2023-02-13 05:00:00+00:00,93.84696493469541,94.30262800123435,92.95544695343283,93.71819305419922,50076100.0,GOOGL
2023-02-14 05:00:00+00:00,93.53990075675098,93.95594001243452,91.39035704490637,93.78754425048828,54726100.0,GOOGL
2023-02-15 05:00:00+00:00,93.5993343044652,96.20454873788759,93.26254277507603,96.0262451171875,50169000.0,GOOGL
2023-02-16 05:00:00+00:00,94.47103857692892,96.7592619405205,93.84697216323715,94.6097183227539,42462600.0,GOOGL
2023-02-17 05:00:00+00:00,93.95594221146911,94.65924884324633,92.33140145912851,93.46065521240234,34284100.0,GOOGL
2023-02-21 05:00:00+00:00,92.12338307581045,92.22243896547124,90.85544955020039,90.92478942871094,33629300.0,GOOGL
2023-02-22 05:00:00+00:00,90.83563409054463,91.24177306400797,89.75591204252156,90.7861099243164,30884000.0,GOOGL
2023-02-23 05:00:00+00:00,91.05353867017867,91.07335437766751,88.91390326754569,90.03324890136719,41206400.0,GOOGL
2023-02-24 05:00:00+00:00,88.59693902936208,89.04269429656404,87.7450448035044,88.28985595703125,36585100.0,GOOGL
2023-02-27 05:00:00+00:00,89.02288818359375,89.31015555075885,88.49787761482176,89.02288818359375,27502300.0,GOOGL
2023-02-28 05:00:00+00:00,88.4879904508599,90.37008284347579,88.47808259328565,89.21110534667969,30142000.0,GOOGL
2023-03-01 05:00:00+00:00,89.13185485166831,90.17195305226244,88.82477176222423,89.50827026367188,31111200.0,GOOGL
2023-03-02 05:00:00+00:00,88.81487285313399,91.41017202449882,88.74552541452906,91.1328125,32204400.0,GOOGL
2023-03-03 05:00:00+00:00,91.60828037666724,92.8464977892345,91.578556810483,92.76725006103516,35160100.0,GOOGL
2023-03-06 05:00:00+00:00,93.13376908199567,95.06539301867707,93.11396092623885,94.23330688476562,32639300.0,GOOGL
2023-03-07 05:00:00+00:00,94.08472641631292,94.76821737043342,92.64838951204187,92.97528076171875,27835500.0,GOOGL
2023-03-08 05:00:00+00:00,93.23282326049596,95.05547570805707,93.11395166533696,93.3615951538086,34103300.0,GOOGL
2023-03-09 05:00:00+00:00,93.16348729195221,94.62953257298054,91.0337516903099,91.44979095458984,28813500.0,GOOGL
2023-03-10 05:00:00+00:00,91.3011957932537,91.91535434031455,89.54788329165427,89.77571105957031,35941000.0,GOOGL
2023-03-13 04:00:00+00:00,89.24080810196517,91.69743494917104,88.57712533524305,90.2511978149414,37335600.0,GOOGL
2023-03-14 04:00:00+00:00,91.6875307500272,93.47056704552529,91.56866670198077,93.08424377441406,36050200.0,GOOGL
2023-03-15 04:00:00+00:00,92.3413126902805,96.01634145078066,91.76677793656864,95.20407104492188,50622100.0,GOOGL
2023-03-16 04:00:00+00:00,95.29321447414841,100.23618410795306,94.59981570662057,99.37438201904297,65492000.0,GOOGL
2023-03-17 04:00:00+00:00,99.31494349581332,101.87061846985974,99.15644804076712,100.66212463378906,61028500.0,GOOGL
2023-03-20 04:00:00+00:00,99.17626224311441,100.79089499007621,98.92861876648033,100.2658920288086,32960400.0,GOOGL
2023-03-21 04:00:00+00:00,100.29561786462173,104.10932626699038,100.26590185371047,103.93102264404297,42110300.0,GOOGL
2023-03-22 04:00:00+00:00,103.28714806980601,105.5852794567427,102.35601364515021,102.39563751220703,43427400.0,GOOGL
2023-03-23 04:00:00+00:00,104.06970338391277,105.29802060137733,103.47536048762859,104.6046142578125,40797800.0,GOOGL
2023-03-24 04:00:00+00:00,104.00035080055734,104.49563774653625,102.86118931331005,104.44611358642578,30393300.0,GOOGL
2023-03-27 04:00:00+00:00,103.6338527182764,103.77253247115901,100.96920628828376,101.49420928955078,31120900.0,GOOGL
2023-03-28 04:00:00+00:00,101.47439535781645,101.48429565568745,98.7998412241836,100.07768249511719,32057900.0,GOOGL
2023-03-29 04:00:00+00:00,101.31590589564402,101.52392552543023,99.70127302207695,100.43429565429688,28779600.0,GOOGL
2023-03-30 04:00:00+00:00,99.95881870147095,100.20646218346947,98.8394653260509,99.93900299072266,33086200.0,GOOGL
2023-03-31 04:00:00+00:00,100.34514795022433,102.91073095009241,100.08759659739673,102.75224304199219,36863400.0,GOOGL
2023-04-03 04:00:00+00:00,101.42488009655725,103.54470803674319,100.96921692373489,103.37631225585938,25035400.0,GOOGL
2023-04-04 04:00:00+00:00,103.3465793011073,104.58479670606407,103.0593119562598,103.73290252685547,24420100.0,GOOGL
2023-04-05 04:00:00+00:00,104.78292489397982,105.09990829704094,102.68291268275507,103.48527526855469,28290500.0,GOOGL
2023-04-06 04:00:00+00:00,104.26782317730506,108.14096365506636,103.34658903891498,107.39803314208984,48711500.0,GOOGL
2023-04-10 04:00:00+00:00,105.9716174482436,106.57586067871368,104.12914907145701,105.43670654296875,27067400.0,GOOGL
2023-04-11 04:00:00+00:00,105.54567281830212,105.72397645765584,103.69329654043193,104.35697937011719,26311800.0,GOOGL
2023-04-12 04:00:00+00:00,105.57536408827609,105.7437598311209,103.35647319469733,103.65364837646484,24370300.0,GOOGL
2023-04-13 04:00:00+00:00,104.84234190806362,106.4767904162888,104.84234190806362,106.4173583984375,24843600.0,GOOGL
2023-04-14 04:00:00+00:00,105.8824633912406,107.91314328944536,105.83293166397492,107.84380340576172,26578000.0,GOOGL
2023-04-17 04:00:00+00:00,103.67348835512259,105.15934949683192,103.53480102901426,104.97113800048828,37571200.0,GOOGL
2023-04-18 04:00:00+00:00,105.4862165216186,105.53574824150101,103.08902940590605,103.51497650146484,26596400.0,GOOGL
2023-04-19 04:00:00+00:00,102.60365516744423,103.99046025776919,102.0984603190622,103.197998046875,20905700.0,GOOGL
2023-04-20 04:00:00+00:00,102.93054181039429,105.24848120414728,102.89091794586696,104.29753112792969,27820800.0,GOOGL
2023-04-21 04:00:00+00:00,104.47584437704927,105.00084740487684,103.79234587649182,104.41641235351562,25800100.0,GOOGL
2023-04-24 04:00:00+00:00,104.49565910984984,105.62491297295048,103.71310466831859,104.97113800048828,23542800.0,GOOGL
2023-04-25 04:00:00+00:00,104.83244109105003,105.68433527760472,102.86119352397525,102.87110137939453,46664100.0,GOOGL
2023-04-26 04:00:00+00:00,103.9310154292547,105.34753645837012,101.66260021158149,102.732421875,53347600.0,GOOGL
2023-04-27 04:00:00+00:00,103.4654497314898,107.34850549717122,102.56403133484429,106.57585144042969,50089200.0,GOOGL
2023-04-28 04:00:00+00:00,106.03104886760178,106.3381244094829,104.09942490557832,106.32821655273438,36139800.0,GOOGL
2023-05-01 04:00:00+00:00,105.83292217554937,106.97208378320418,105.8131140209073,106.18952941894531,26681700.0,GOOGL
2023-05-02 04:00:00+00:00,106.13009965906194,106.18953168173442,102.7324304758186,104.32725524902344,30997200.0,GOOGL
2023-05-03 04:00:00+00:00,104.53527640058293,106.47680059664341,103.97064950457289,104.41641235351562,21795400.0,GOOGL
2023-05-04 04:00:00+00:00,104.49565601153888,104.60461976329854,102.98998675787486,103.70320129394531,23419500.0,GOOGL
2023-05-05 04:00:00+00:00,103.83198241018792,104.88198859392371,103.12867566848934,104.57491302490234,26639300.0,GOOGL
2023-05-08 04:00:00+00:00,104.18858240083797,106.94237714366561,104.16877424446015,106.75416564941406,26511400.0,GOOGL
2023-05-09 04:00:00+00:00,107.36830198764044,109.11171412829712,106.17961635752114,106.33810424804688,36360100.0,GOOGL
2023-05-10 04:00:00+00:00,106.95227165556445,111.87542544527842,106.91264779027239,110.69664001464844,63153400.0,GOOGL
2023-05-11 04:00:00+00:00,114.31224449393545,116.80848772250684,113.33157832101242,115.4712142944336,78900000.0,GOOGL
2023-05-12 04:00:00+00:00,115.5801655805234,116.91743886441324,115.01553874699306,116.40234375,41102300.0,GOOGL
2023-05-15 04:00:00+00:00,115.01554258790955,117.3632055833455,114.91648670384667,115.41177368164062,36266800.0,GOOGL
2023-05-16 04:00:00+00:00,115.39196891314602,119.61181648021966,115.33253688856816,118.38350677490234,45035600.0,GOOGL
2023-05-17 04:00:00+00:00,118.48254136352232,120.52312112022634,117.76932696691306,119.70094299316406,33323600.0,GOOGL
2023-05-18 04:00:00+00:00,119.8099116430734,122.14766668018034,119.6910476104105,121.67219543457031,35234200.0,GOOGL
2023-05-19 04:00:00+00:00,122.38542149832001,124.78260877971135,120.99861637803845,121.60286712646484,41353400.0,GOOGL
2023-05-22 04:00:00+00:00,121.78117269366314,125.23827391464934,121.5830533547579,123.87128448486328,35253000.0,GOOGL
2023-05-23 04:00:00+00:00,122.98967145510028,123.45523488676992,121.05804762080852,121.40474700927734,34046300.0,GOOGL
2023-05-24 04:00:00+00:00,119.97832635531356,120.76088072713313,118.73020099136893,119.7603988647461,34182600.0,GOOGL
2023-05-25 04:00:00+00:00,123.34627616670772,124.13873842190023,120.81040904205996,122.31608581542969,42317000.0,GOOGL
2023-05-26 04:00:00+00:00,122.00901093116906,124.07931474444763,121.2957963650153,123.43544006347656,35635900.0,GOOGL
2023-05-30 04:00:00+00:00,124.45571975597146,124.47553546863793,120.85003091363836,122.50428771972656,35076700.0,GOOGL
2023-05-31 04:00:00+00:00,121.59295091648666,122.89060035716126,121.3453074319317,121.71182250976562,37325800.0,GOOGL
2023-06-01 04:00:00+00:00,121.66229962836286,123.24721653315949,121.46418784931825,122.55381774902344,30772700.0,GOOGL
2023-06-02 04:00:00+00:00,122.82127475890255,124.96091834173134,122.59344695882075,123.49486541748047,26980100.0,GOOGL
2023-06-05 04:00:00+00:00,122.84107954751497,126.22884069489605,122.67267622973692,124.82222747802734,32305500.0,GOOGL
2023-06-06 04:00:00+00:00,124.82224356525165,127.08074373043738,124.17836889335597,126.1099853515625,26638300.0,GOOGL
2023-06-07 04:00:00+00:00,125.77318888731985,127.8236693200009,120.96890623532141,121.34532165527344,52539000.0,GOOGL
2023-06-08 04:00:00+00:00,121.07785645151252,122.06843039511246,120.09718280596337,120.98870086669922,29389200.0,GOOGL
2023-06-09 04:00:00+00:00,121.09766612502108,122.59343491472501,120.76087460756005,121.0778579711914,23778300.0,GOOGL
2023-06-12 04:00:00+00:00,121.63259239946863,122.8807178585116,120.51324640783483,122.47457885742188,28306400.0,GOOGL
2023-06-13 04:00:00+00:00,123.80193467786927,123.9802382898457,122.0188985581049,122.66277313232422,22278300.0,GOOGL
2023-06-14 04:00:00+00:00,121.93966082841287,122.88071068558905,120.3052121775111,122.50428771972656,30592300.0,GOOGL
2023-06-15 04:00:00+00:00,121.97928756170958,124.27741904880322,121.2462648829115,123.91090393066406,35246300.0,GOOGL
2023-06-16 04:00:00+00:00,124.74298738908716,124.9212910160558,122.1179647088467,122.36560821533203,45535600.0,GOOGL
2023-06-20 04:00:00+00:00,121.77126335074871,123.39580412253898,120.98870897595658,121.93965911865234,26097500.0,GOOGL
2023-06-21 04:00:00+00:00,121.24625664021467,121.50380799105953,118.96793346366026,119.4136962890625,30306300.0,GOOGL
2023-06-22 04:00:00+00:00,118.8688795483101,122.07833718002013,117.70990978650924,121.98918914794922,26952200.0,GOOGL
2023-06-23 04:00:00+00:00,120.23586326986775,121.6325761662558,119.91887990832626,121.18681335449219,34913600.0,GOOGL
2023-06-26 04:00:00+00:00,119.62171252918014,120.85002211325339,117.15517794794245,117.22451782226562,33969900.0,GOOGL
2023-06-27 04:00:00+00:00,115.97642010293609,117.95756834839459,115.00565413736987,117.21463775634766,39535900.0,GOOGL
2023-06-28 04:00:00+00:00,115.98631010773838,119.25520744558725,115.74857445547958,119.04718780517578,27091400.0,GOOGL
2023-06-29 04:00:00+00:00,118.11603570546055,118.92830604232336,117.1849013313609,117.97735595703125,24090900.0,GOOGL
2023-06-30 04:00:00+00:00,119.03727202436663,119.93869796362138,118.5618007515014,118.57170104980469,29532200.0,GOOGL
2023-07-03 04:00:00+00:00,118.1160311282126,119.05708087892026,117.6999918990471,118.76981353759766,14467900.0,GOOGL
2023-07-05 04:00:00+00:00,118.11605104991308,121.45428841644171,118.10615075051018,120.6023941040039,27584800.0,GOOGL
2023-07-06 04:00:00+00:00,118.67076871540064,119.16605571745576,117.2839635981503,118.97784423828125,24745200.0,GOOGL
2023-07-07 04:00:00+00:00,118.96793368564964,119.90898350271272,118.27453492148081,118.3537826538086,21709500.0,GOOGL
2023-07-10 04:00:00+00:00,117.1849086668048,117.19480896554128,115.04526517285233,115.35234069824219,35315200.0,GOOGL
2023-07-11 04:00:00+00:00,115.19384889567219,116.60046213170129,114.2627069372542,116.03583526611328,23078800.0,GOOGL
2023-07-12 04:00:00+00:00,117.68019568942015,119.19577271910916,117.2938724292045,117.80896759033203,30404400.0,GOOGL
2023-07-13 04:00:00+00:00,119.7901086563636,123.65334859158274,119.31462983276822,123.36608123779297,44297900.0,GOOGL
2023-07-14 04:00:00+00:00,123.62363431555437,125.58496654137278,122.3259772774838,124.23778533935547,33283100.0,GOOGL
2023-07-17 04:00:00+00:00,124.75290096825793,125.90196296117138,123.02929664266715,123.47505950927734,25716200.0,GOOGL
2023-07-18 04:00:00+00:00,123.4255157057774,123.50476343752902,121.80097499226719,122.59343719482422,26193600.0,GOOGL
2023-07-19 04:00:00+00:00,123.42552039211267,124.00005513290701,120.6519176928117,120.87974548339844,37224000.0,GOOGL
2023-07-20 04:00:00+00:00,120.27549924350316,122.92033014114742,117.10566530896473,118.07642364501953,37906800.0,GOOGL
2023-07-21 04:00:00+00:00,119.48303757466915,119.84954511473477,117.61085333534434,118.88868713378906,72937900.0,GOOGL
2023-07-24 04:00:00+00:00,120.51323227212808,121.84059775832779,119.83964167327879,120.38445281982422,29686100.0,GOOGL
2023-07-25 04:00:00+00:00,120.21606564367339,121.98919407545517,119.87926654145934,121.05805206298828,52509600.0,GOOGL
2023-07-26 04:00:00+00:00,128.8439605940008,129.74537139876955,127.11045618604405,128.05149841308594,61682100.0,GOOGL
2023-07-27 04:00:00+00:00,130.4288745072281,131.98408291547318,127.57601659985137,128.18026733398438,44952100.0,GOOGL
2023-07-28 04:00:00+00:00,129.5472556742055,132.47936111951782,129.3392436159831,131.33029174804688,36591200.0,GOOGL
2023-07-31 04:00:00+00:00,131.47889444011693,132.27135673334078,130.53785207970907,131.468994140625,28055500.0,GOOGL
2023-08-01 04:00:00+00:00,129.54728177411607,131.3798499360139,129.4482183164605,130.31002807617188,23166800.0,GOOGL
2023-08-02 04:00:00+00:00,128.22979764764366,128.86376438510172,126.35761344523159,127.16989135742188,26273300.0,GOOGL
2023-08-03 04:00:00+00:00,126.76375600704365,128.1703692734465,126.21893728397501,127.23922729492188,20089500.0,GOOGL
2023-08-04 04:00:00+00:00,128.0613973658318,130.27037301314763,126.70431590893212,126.90242767333984,26147200.0,GOOGL
2023-08-07 04:00:00+00:00,127.94252121991917,130.36942411285528,127.80384148646446,130.29017639160156,22746300.0,GOOGL
2023-08-08 04:00:00+00:00,129.388776187967,130.2703864784232,128.3189544116336,130.1614227294922,23535200.0,GOOGL
2023-08-09 04:00:00+00:00,130.41899929897178,130.79540720669382,127.78406837010577,128.43785095214844,24912900.0,GOOGL
2023-08-10 04:00:00+00:00,130.08218501342233,130.80529980166855,128.22980135413556,128.46754455566406,20857800.0,GOOGL
2023-08-11 04:00:00+00:00,127.44724985423152,128.70526790592254,126.96186317041614,128.33876037597656,19591100.0,GOOGL
2023-08-14 04:00:00+00:00,128.170370790581,130.13170310188443,127.7444312206599,130.0920867919922,24695600.0,GOOGL
2023-08-15 04:00:00+00:00,129.86425127440808,130.18122707956528,128.06139942490483,128.5566864013672,19770700.0,GOOGL
2023-08-16 04:00:00+00:00,127.48687744140625,129.05198625701775,126.66470672211183,127.48687744140625,25216100.0,GOOGL
2023-08-17 04:00:00+00:00,128.5765399801632,130.74589999436785,128.0713374418088,128.69540405273438,33446300.0,GOOGL
2023-08-18 04:00:00+00:00,127.2986660305744,128.03169627072486,125.18874601968783,126.2585678100586,30504800.0,GOOGL
2023-08-21 04:00:00+00:00,125.98120284160333,127.51658802197558,125.36704423496647,127.15998077392578,25248700.0,GOOGL
2023-08-22 04:00:00+00:00,127.29866965705796,129.05199001191642,127.11047327831035,127.8633041381836,22054900.0,GOOGL
2023-08-23 04:00:00+00:00,128.95292431830592,132.15248942586146,128.64584877704544,131.12228393554688,27819700.0,GOOGL
2023-08-24 04:00:00+00:00,132.68737797126798,132.9845531801372,128.34867433563005,128.5566864013672,28500700.0,GOOGL
2023-08-25 04:00:00+00:00,128.3189398374532,129.5274412374435,126.05053219547979,128.65574645996094,26762900.0,GOOGL
2023-08-28 04:00:00+00:00,130.07226065194624,131.2906623566744,128.91329096477185,129.77508544921875,20543300.0,GOOGL
2023-08-29 04:00:00+00:00,130.99353505298305,135.28272306776321,130.99353505298305,133.30157470703125,43075600.0,GOOGL
2023-08-30 04:00:00+00:00,133.5095448272466,134.99540563044192,132.80624584477715,134.59918212890625,28315800.0,GOOGL
2023-08-31 04:00:00+00:00,134.72794864262443,136.69919611494214,134.5100211787518,134.88644409179688,30053800.0,GOOGL
2023-09-01 04:00:00+00:00,136.16429210938105,136.16429210938105,133.57889367961565,134.38125610351562,21543700.0,GOOGL
2023-09-05 04:00:00+00:00,134.1633431456703,135.13410142022065,133.31144891270912,134.490234375,19403100.0,GOOGL
2023-09-06 04:00:00+00:00,134.73787413439317,135.24306141209425,132.41001928477638,133.1925811767578,18684500.0,GOOGL
2023-09-07 04:00:00+00:00,132.33074425390822,134.30199146701318,131.69677765554098,133.98500061035156,18844300.0,GOOGL
2023-09-08 04:00:00+00:00,133.6383223872398,135.37182663325115,133.5788903743412,135.09446716308594,23558300.0,GOOGL
2023-09-11 04:00:00+00:00,135.2529715626258,136.18411357030033,134.51004103926334,135.62939453125,20763400.0,GOOGL
2023-09-12 04:00:00+00:00,134.9755962074752,135.57984690018307,133.91568997827457,134.06427001953125,18405500.0,GOOGL
2023-09-13 04:00:00+00:00,133.81663138154605,135.60956781404116,132.88548944943147,135.42137145996094,20749500.0,GOOGL
2023-09-14 04:00:00+00:00,136.30300699996283,137.3926294793097,134.95582557198202,136.7982940673828,24751000.0,GOOGL
2023-09-15 04:00:00+00:00,136.67942376531306,137.21434229722846,135.19356246660126,136.10488891601562,38919600.0,GOOGL
2023-09-18 04:00:00+00:00,135.32230226270676,137.84826875270798,135.32230226270676,136.9072265625,21861300.0,GOOGL
2023-09-19 04:00:00+00:00,136.1246795130563,137.10535323062862,135.3322172769841,136.73883056640625,20353700.0,GOOGL
2023-09-20 04:00:00+00:00,136.77847333591484,136.77847333591484,132.36050620598186,132.47938537597656,29927500.0,GOOGL
2023-09-21 04:00:00+00:00,130.20103839703572,130.98358514285636,128.843956964112,129.21046447753906,31503900.0,GOOGL
2023-09-22 04:00:00+00:00,129.52743454969303,130.78546760406437,128.37838034120864,129.02224731445312,26397300.0,GOOGL
2023-09-25 04:00:00+00:00,128.60621211647438,129.93357752381922,127.74441765446007,129.8741455078125,20094600.0,GOOGL
2023-09-26 04:00:00+00:00,128.54677121517062,129.13120615211784,126.02080490477373,127.35808563232422,25718700.0,GOOGL
2023-09-27 04:00:00+00:00,127.35810764338333,129.6661317841142,127.35810764338333,129.3095245361328,22746500.0,GOOGL
2023-09-28 04:00:00+00:00,128.61613182423616,132.04352470913275,128.56660009843606,131.06285095214844,22513100.0,GOOGL
2023-09-29 04:00:00+00:00,132.02368227832403,132.78642837940012,129.13120843347878,129.62649536132812,30859800.0,GOOGL
2023-10-02 04:00:00+00:00,129.973228473938,133.15296272774447,129.93359704733973,132.9053192138672,22288000.0,GOOGL
2023-10-03 04:00:00+00:00,132.6774780064036,132.99445381235702,130.5972666540528,131.18170166015625,22989400.0,GOOGL
2023-10-04 04:00:00+00:00,131.53833693707548,134.2921470260902,131.28079309513643,133.9652557373047,26752300.0,GOOGL
2023-10-05 04:00:00+00:00,133.79684448242188,134.21288377054,132.19210423972567,133.79684448242188,19832600.0,GOOGL
2023-10-06 04:00:00+00:00,132.7467864498305,136.85767669445192,132.7467864498305,136.28314208984375,27597600.0,GOOGL
2023-10-09 04:00:00+00:00,135.6492043634317,137.63035233984527,134.3317391453215,137.11524963378906,19278100.0,GOOGL
2023-10-10 04:00:00+00:00,137.19447612153095,138.4029774091988,136.0355065485952,136.7586212158203,27786600.0,GOOGL
2023-10-11 04:00:00+00:00,137.27374202789582,139.77989295278536,137.27374202789582,139.2251739501953,25884300.0,GOOGL
2023-10-12 04:00:00+00:00,139.72046035185502,139.88885611158636,136.95675053372017,137.66006469726562,24765500.0,GOOGL
2023-10-13 04:00:00+00:00,138.06624128025513,138.6803924672504,135.33224672660998,136.06527709960938,23420500.0,GOOGL
2023-10-16 04:00:00+00:00,136.86762235774896,138.31386720251632,136.68932627392138,137.7888641357422,28501900.0,GOOGL
2023-10-17 04:00:00+00:00,137.3232778502887,138.58129594196157,135.88693346466465,138.4029998779297,23515800.0,GOOGL
2023-10-18 04:00:00+00:00,138.1355680650323,139.39360152118593,136.08508734717063,136.6596221923828,23375000.0,GOOGL
2023-10-19 04:00:00+00:00,137.194514445947,138.34358404290452,136.0850762778288,136.4515838623047,26066000.0,GOOGL
2023-10-20 04:00:00+00:00,136.03555804726943,136.5704614699842,133.80676607519254,134.32186889648438,26335700.0,GOOGL
2023-10-23 04:00:00+00:00,133.76710372602042,136.36241783407064,132.68738171446304,135.21334838867188,26317900.0,GOOGL
2023-10-24 04:00:00+00:00,136.53082853876074,138.04640568615673,136.12468953456676,137.5015869140625,44814300.0,GOOGL
2023-10-25 04:00:00+00:00,126.95196926111923,127.10054931723444,123.8910916279868,124.4260025024414,84366200.0,GOOGL
2023-10-26 04:00:00+00:00,122.1080464571952,123.1580599743897,120.1268985739716,121.12738037109375,57061100.0,GOOGL
2023-10-27 04:00:00+00:00,121.721739301728,122.14768645517988,119.0769083420869,121.0184326171875,44566500.0,GOOGL
2023-10-30 04:00:00+00:00,122.04861726115155,124.21797666183564,121.59295414437162,123.28683471679688,28940100.0,GOOGL
2023-10-31 04:00:00+00:00,123.88118156302635,124.1882646409759,121.53352602850394,122.9104232788086,26292300.0,GOOGL
2023-11-01 04:00:00+00:00,122.9005236105588,125.29771102759383,122.55382420024057,125.25808715820312,30082400.0,GOOGL
2023-11-02 04:00:00+00:00,127.2095031061741,127.76422209219731,125.73355005694552,126.28826904296875,27124600.0,GOOGL
2023-11-03 04:00:00+00:00,126.81328830756881,128.30904961320581,126.65479283923435,127.88311004638672,26393100.0,GOOGL
2023-11-06 05:00:00+00:00,127.83356168656297,129.11139533567936,127.45713877699725,129.02224731445312,19052700.0,GOOGL
2023-11-07 05:00:00+00:00,129.47794507134418,130.66663094824423,128.65576676845674,129.73548889160156,29757300.0,GOOGL
2023-11-08 05:00:00+00:00,129.73548022222718,130.9637974447547,129.5472687405941,130.59727478027344,26425800.0,GOOGL
2023-11-09 05:00:00+00:00,130.71614806102886,131.30058307721072,128.84396385761158,129.01235961914062,23747800.0,GOOGL
2023-11-10 05:00:00+00:00,128.87369024439658,131.54823716249373,128.19019172994675,131.3402099609375,26913300.0,GOOGL
2023-11-13 05:00:00+00:00,130.53784938427754,131.34021196042556,130.01284633778656,130.8449249267578,18324800.0,GOOGL
2023-11-14 05:00:00+00:00,132.9251386329532,134.4209000570862,132.06334401742188,132.36050415039062,32395200.0,GOOGL
2023-11-15 05:00:00+00:00,133.59873301920138,133.7572285134562,132.31099869452711,133.35108947753906,23861500.0,GOOGL
2023-11-16 05:00:00+00:00,133.91572337587885,135.9265877154924,133.05392869174796,135.63931274414062,28013200.0,GOOGL
2023-11-17 05:00:00+00:00,134.71809028656438,134.77752231976737,132.39023488636295,134.0345916748047,37240600.0,GOOGL
2023-11-20 05:00:00+00:00,132.42981642243376,135.37182187721336,132.3604689998501,134.96568298339844,27815500.0,GOOGL
2023-11-21 05:00:00+00:00,135.005326368002,135.88693664011163,134.67845024297165,135.67892456054688,22635300.0,GOOGL
2023-11-22 05:00:00+00:00,136.1742111022112,138.10582740919213,136.1742111022112,137.18460083007812,17813900.0,GOOGL
2023-11-24 05:00:00+00:00,136.72893111429622,136.82799456252866,134.7081667590109,135.4015655517578,12514300.0,GOOGL
2023-11-27 05:00:00+00:00,134.7477835762215,137.1152548942663,134.718067564632,135.12420654296875,23436500.0,GOOGL
2023-11-28 05:00:00+00:00,134.7973154661077,135.95628526440245,134.14353298041522,135.90675354003906,18730000.0,GOOGL
2023-11-29 05:00:00+00:00,136.27328862830294,136.98648808728825,133.56901040418717,133.7176055908203,23967200.0,GOOGL
2023-11-30 05:00:00+00:00,133.77702780318285,134.27231482569374,130.04255942126184,131.28077697753906,38988300.0,GOOGL
2023-12-01 05:00:00+00:00,130.61709594726562,130.8647394618695,129.43831039935748,130.61709594726562,31442300.0,GOOGL
2023-12-04 05:00:00+00:00,128.65574912560064,128.80432917172766,126.69440938445004,128.05149841308594,36669900.0,GOOGL
2023-12-05 05:00:00+00:00,127.73451535832072,130.8944488634641,127.04111657544283,129.7552947998047,27384800.0,GOOGL
2023-12-06 05:00:00+00:00,130.2010159859463,130.59723943956087,128.6557233559112,128.79440307617188,23576200.0,GOOGL
2023-12-07 05:00:00+00:00,133.76712818260518,137.2539534649488,133.4303365951244,135.63931274414062,56767100.0,GOOGL
2023-12-08 05:00:00+00:00,132.93504357345236,135.11430360941816,132.76664778723733,133.7176055908203,32260100.0,GOOGL
2023-12-11 05:00:00+00:00,131.1321890142382,132.08313157577382,130.12179931701706,132.03359985351562,31138000.0,GOOGL
2023-12-12 05:00:00+00:00,130.56755981511444,131.7463453232423,130.02274107837968,131.2708740234375,29032800.0,GOOGL
2023-12-13 05:00:00+00:00,132.12275123220434,132.24161526306995,130.32981489684366,131.3203887939453,30104800.0,GOOGL
2023-12-14 05:00:00+00:00,132.1227483794993,132.45953986965213,128.46752835972197,130.69631958007812,38722400.0,GOOGL
2023-12-15 05:00:00+00:00,130.37935469916124,132.2515390932176,129.9434996884881,131.35012817382812,50847100.0,GOOGL
2023-12-18 05:00:00+00:00,131.37984058345504,135.85722438947897,131.18171368224796,134.51995849609375,32258000.0,GOOGL
2023-12-19 05:00:00+00:00,135.55016524528196,136.17423180663806,134.79733432052262,135.36195373535156,25476800.0,GOOGL
2023-12-20 05:00:00+00:00,137.66009256008627,140.3643557912913,136.76858185989715,137.03602600097656,49107200.0,GOOGL
2023-12-21 05:00:00+00:00,138.17517842630895,139.36386425256705,137.8680877770193,139.09640502929688,27488300.0,GOOGL
2023-12-22 05:00:00+00:00,139.44311177628964,140.6516133137084,139.3836797523117,140.1563262939453,26532200.0,GOOGL
2023-12-26 05:00:00+00:00,140.25536747570143,141.33508949612715,139.85914392608302,140.18603515625,16780300.0,GOOGL
2023-12-27 05:00:00+00:00,140.25536116259798,140.74074783674814,138.57138848007864,139.04685974121094,19628600.0,GOOGL
2023-12-28 05:00:00+00:00,139.45300658951038,139.80961383431003,138.4327165781313,138.90818786621094,16045700.0,GOOGL
2023-12-29 05:00:00+00:00,138.3138589912108,139.03697381318452,137.4718650054482,138.373291015625,18733000.0,GOOGL
2024-01-02 05:00:00+00:00,137.24403772207745,138.13554832155825,135.1935421823269,136.86761474609375,23711200.0,GOOGL
2024-01-03 05:00:00+00:00,135.95627794501937,138.31384884016077,135.78788218321773,137.61053466796875,24212100.0,GOOGL
2024-01-04 05:00:00+00:00,137.11526484470437,137.8482951186817,135.0647843214247,135.10440063476562,27137700.0,GOOGL
2024-01-05 05:00:00+00:00,135.4609662839547,135.8671051669477,133.87604216810493,134.45057678222656,22513900.0,GOOGL
2024-01-08 05:00:00+00:00,135.00532895706218,137.69969154899283,134.9756129451259,137.5312957763672,21404000.0,GOOGL
2024-01-09 05:00:00+00:00,137.19449570702432,140.15631733731945,136.84778876936215,139.62139892578125,24759600.0,GOOGL
2024-01-10 05:00:00+00:00,139.67096997124338,141.6521184814738,139.5818219158743,140.93890380859375,21320200.0,GOOGL
2024-01-11 05:00:00+00:00,142.13746611601331,143.8511548726539,139.31432422138022,140.74075317382812,24008700.0,GOOGL
2024-01-12 05:00:00+00:00,141.32517459664027,141.85017754737586,140.48319586195018,141.30535888671875,18785500.0,GOOGL
2024-01-16 05:00:00+00:00,140.66150965520748,142.98936462858398,140.1166909258045,141.1468963623047,22670500.0,GOOGL
2024-01-17 05:00:00+00:00,140.01764108362337,140.5030126705263,137.5907226892699,140.13650512695312,20968600.0,GOOGL
2024-01-18 05:00:00+00:00,140.711049810197,142.85069343117277,140.65161778433006,142.1275634765625,25746400.0,GOOGL
2024-01-19 05:00:00+00:00,143.37567301703265,145.06954593689224,143.0190658052267,145.00021362304688,34271900.0,GOOGL
2024-01-22 05:00:00+00:00,145.71342925416275,146.99126295666431,144.46529644501962,144.6138916015625,32200400.0,GOOGL
2024-01-23 05:00:00+00:00,144.5148528050676,145.79268672545237,144.12852951611768,145.6540069580078,21636100.0,GOOGL
2024-01-24 05:00:00+00:00,147.13984438792403,148.4375089281707,146.70400455684052,147.29833984375,25233500.0,GOOGL
2024-01-25 05:00:00+00:00,148.65542520354305,151.60733104989245,148.1304071562973,150.43844604492188,29149100.0,GOOGL
2024-01-26 05:00:00+00:00,149.67572544188013,151.10213919091456,149.5865623016617,150.7554473876953,26115500.0,GOOGL
2024-01-29 05:00:00+00:00,150.62665920276396,152.3304474564719,150.0025928322321,152.06298828125,27784300.0,GOOGL
2024-01-30 05:00:00+00:00,151.35971420009986,152.1719770416637,149.76488941359605,150.0323486328125,36331800.0,GOOGL
2024-01-31 05:00:00+00:00,142.2662284294629,142.64265137404246,138.55157604993053,138.7794189453125,71910000.0,GOOGL
2024-02-01 05:00:00+00:00,140.78037988444788,141.7115219147045,139.46291457727207,139.82943725585938,40466500.0,GOOGL
2024-02-02 05:00:00+00:00,137.947317214583,141.2756461555597,135.21333866537148,141.0379180908203,62499600.0,GOOGL
2024-02-05 05:00:00+00:00,141.4737891857491,144.0988043000788,141.43415776046106,142.32566833496094,38505400.0,GOOGL
2024-02-06 05:00:00+00:00,143.2865333836356,143.98984762492026,141.8403037037534,142.74172973632812,29128200.0,GOOGL
2024-02-07 05:00:00+00:00,143.39550524527087,144.24739959945848,142.5733269057092,144.16815185546875,25208900.0,GOOGL
2024-02-08 05:00:00+00:00,144.45538972752917,144.95067666407766,143.73227503235654,144.53463745117188,22563800.0,GOOGL
2024-02-09 05:00:00+00:00,145.29741121987317,148.0314055879619,144.8021241375339,147.59555053710938,26829500.0,GOOGL
2024-02-12 05:00:00+00:00,147.02096864023295,147.93229476618814,145.98086307730932,146.1393585205078,21564100.0,GOOGL
2024-02-13 05:00:00+00:00,143.553984129069,145.28748865156425,142.3355823254468,143.77191162109375,27837700.0,GOOGL
2024-02-14 05:00:00+00:00,144.70305659111142,145.13891158413554,142.73180882355612,144.5643768310547,22704200.0,GOOGL
2024-02-15 05:00:00+00:00,141.79074761897706,142.1671705382351,139.13601681883227,141.4242401123047,37590700.0,GOOGL
2024-02-16 05:00:00+00:00,141.6421685918449,141.8402803505169,138.81902690715387,139.19544982910156,31468900.0,GOOGL
2024-02-20 05:00:00+00:00,138.343565378545,140.74075259122355,138.17516961610025,139.789794921875,25144700.0,GOOGL
2024-02-21 05:00:00+00:00,140.11669187948075,141.34500910368052,139.35394565312507,141.20632934570312,23223300.0,GOOGL
2024-02-22 05:00:00+00:00,143.56389009951735,143.6332375383376,141.4539776469549,142.7318115234375,27191900.0,GOOGL
2024-02-23 05:00:00+00:00,142.31578290034557,143.31625732644238,142.0780396686664,142.60305786132812,19493800.0,GOOGL
2024-02-26 05:00:00+00:00,140.80018488112955,141.097360098055,136.09495847718128,136.2732696533203,53641800.0,GOOGL
2024-02-27 05:00:00+00:00,136.71901343712278,137.93741509771866,135.79777185353214,137.57090759277344,33099200.0,GOOGL
2024-02-28 05:00:00+00:00,136.60012853970923,136.70909226834252,134.13360931467162,135.09446716308594,37328600.0,GOOGL
2024-02-29 05:00:00+00:00,135.9860067089307,137.55111554859022,135.1142966931809,137.15489196777344,42133000.0,GOOGL
2024-03-01 05:00:00+00:00,137.12515439240792,137.561009379789,135.62939306295007,135.84732055664062,31151100.0,GOOGL
2024-03-04 05:00:00+00:00,134.38128712569457,134.38128712569457,130.66663422050593,132.0930633544922,55999400.0,GOOGL
2024-03-05 05:00:00+00:00,130.63691722244587,131.98409860384518,129.4383159101504,131.41946411132812,40194800.0,GOOGL
2024-03-06 05:00:00+00:00,131.86521128643497,132.3208819951356,129.6166190997975,130.1614227294922,35318600.0,GOOGL
2024-03-07 05:00:00+00:00,131.53831809840491,133.66806132063292,130.36944800435913,133.11334228515625,37738200.0,GOOGL
2024-03-08 05:00:00+00:00,132.94493550750806,136.788352127219,132.73690832894798,134.1336212158203,39370400.0,GOOGL
2024-03-11 04:00:00+00:00,134.84685230242854,137.7888584846141,134.84685230242854,136.37232971191406,32437800.0,GOOGL
2024-03-12 04:00:00+00:00,135.73834364736848,138.0661984156239,135.73834364736848,137.19448852539062,27563400.0,GOOGL
2024-03-13 04:00:00+00:00,137.6897434713523,139.76003886430357,137.67984317579575,138.4722900390625,23347200.0,GOOGL
2024-03-14 04:00:00+00:00,139.85915951055284,142.2365313030922,139.13604465019097,141.75115966796875,42753400.0,GOOGL
2024-03-15 04:00:00+00:00,141.1568082217187,141.83039134963047,138.71008900334536,139.8492431640625,49475400.0,GOOGL
2024-03-18 04:00:00+00:00,147.20920556461434,150.7158309412068,145.78277655889536,146.2879638671875,69273700.0,GOOGL
2024-03-19 04:00:00+00:00,146.76345753749575,147.38750892214128,144.7030616623303,145.64410400390625,24070400.0,GOOGL
2024-03-20 04:00:00+00:00,146.60495197646654,147.45684622092818,145.3568341780524,147.33798217773438,21311500.0,GOOGL
2024-03-21 04:00:00+00:00,148.06107802272328,148.9525884625378,145.5152959136547,146.20870971679688,24755600.0,GOOGL
2024-03-22 04:00:00+00:00,147.7144053559253,150.15122429911875,147.57572558614754,149.34886169433594,29211800.0,GOOGL
2024-03-25 04:00:00+00:00,148.5266465871507,148.96250150277115,146.42663484638766,148.65542602539062,19229300.0,GOOGL
2024-03-26 04:00:00+00:00,148.80403108916107,150.82479544746644,148.56628788202391,149.24978637695312,22149100.0,GOOGL
2024-03-27 04:00:00+00:00,149.75495146001944,150.21062209399147,147.49644422980177,149.4478759765625,22879200.0,GOOGL
2024-03-28 04:00:00+00:00,149.42812210256295,150.00264182965455,148.75452379585852,149.50735473632812,24485400.0,GOOGL
2024-04-01 04:00:00+00:00,149.2695949177701,154.27199652143653,149.19034718586528,154.02435302734375,31730800.0,GOOGL
2024-04-02 04:00:00+00:00,152.05308254001977,153.2417681101751,150.71580182674685,153.10308837890625,24586000.0,GOOGL
2024-04-03 04:00:00+00:00,152.15215189447844,153.61819698426797,151.2903423527122,153.45970153808594,24705000.0,GOOGL
2024-04-04 04:00:00+00:00,152.05312071787367,153.3111540270119,149.03186676205078,149.11111450195312,34724700.0,GOOGL
2024-04-05 04:00:00+00:00,148.6158416242751,151.97388745842534,148.1899019860464,151.06256103515625,23459200.0,GOOGL
2024-04-08 04:00:00+00:00,151.33990060047478,153.80643540110964,151.17150482749398,153.39039611816406,20702000.0,GOOGL
2024-04-09 04:00:00+00:00,154.6186837219778,157.06540257966853,153.7271732158785,155.12388610839844,31079500.0,GOOGL
2024-04-10 04:00:00+00:00,154.7375603209343,155.13378384711743,153.22196830163517,154.668212890625,22838600.0,GOOGL
2024-04-11 04:00:00+00:00,155.4309745942535,158.17485377315867,154.9852193039768,157.90740966796875,27166400.0,GOOGL
2024-04-12 04:00:00+00:00,156.47109855129364,158.70979067698514,155.6588204974377,156.24325561523438,25353700.0,GOOGL
2024-04-15 04:00:00+00:00,157.36257964736208,157.73900258836812,153.13282461250074,153.40028381347656,27136500.0,GOOGL
2024-04-16 04:00:00+00:00,152.7365985322643,154.1828280231779,151.98375266278597,152.94461059570312,20779500.0,GOOGL
2024-04-17 04:00:00+00:00,154.15311190556037,155.59935651041437,153.12292165720868,154.00453186035156,21763100.0,GOOGL
2024-04-18 04:00:00+00:00,153.87576120493418,155.46068564754503,153.16254671725525,154.53944396972656,19883000.0,GOOGL
2024-04-19 04:00:00+00:00,154.72765445129966,154.886149917532,150.86442193038377,152.63754272460938,32615600.0,GOOGL
2024-04-22 04:00:00+00:00,152.85548314560833,156.15409663024886,152.6078396267761,154.80691528320312,26446200.0,GOOGL
2024-04-23 04:00:00+00:00,155.4805001575941,157.4715484365775,154.80690198445652,156.7682342529297,21151600.0,GOOGL
2024-04-24 04:00:00+00:00,156.00552495169347,158.0659209529385,155.6885339753658,157.63006591796875,22779100.0,GOOGL
2024-04-25 04:00:00+00:00,149.90356233876008,155.01492770763642,149.44789165697802,154.529541015625,57109700.0,GOOGL
2024-04-26 04:00:00+00:00,172.72638033694088,173.06318697805824,168.05086993453432,170.32919311523438,64665300.0,GOOGL
2024-04-29 04:00:00+00:00,167.46643624163954,167.95182293786596,163.65273545115042,164.5838623046875,45610000.0,GOOGL
2024-04-30 04:00:00+00:00,164.04899329391557,166.51552848469169,161.06737040371078,161.24566650390625,33562900.0,GOOGL
2024-05-01 04:00:00+00:00,162.75133049386898,165.544741644849,161.55272916136406,162.3154754638672,33493200.0,GOOGL
2024-05-02 04:00:00+00:00,163.23668620505856,165.15840222342754,162.34517563249727,165.0494384765625,24294500.0,GOOGL
2024-05-03 04:00:00+00:00,165.9805805633127,166.37681924074352,161.51309716937072,165.66360473632812,34662400.0,GOOGL
2024-05-06 04:00:00+00:00,165.88150574440357,166.55508871604704,164.46497726057112,166.51547241210938,21871300.0,GOOGL
2024-05-07 04:00:00+00:00,166.91172463075958,170.14099053831322,166.8027608824853,169.63580322265625,28039700.0,GOOGL
2024-05-08 04:00:00+00:00,167.40702426776193,168.54617844608464,167.14948044104378,167.783447265625,19569100.0,GOOGL
2024-05-09 04:00:00+00:00,167.79333673106953,169.08108601143434,166.59473548708618,168.35797119140625,15346700.0,GOOGL
2024-05-10 04:00:00+00:00,166.44612127224363,168.2489729178071,164.62346903263196,167.06027221679688,29799900.0,GOOGL
2024-05-13 04:00:00+00:00,162.71169370335863,167.68437984049487,162.45414988273538,167.5457000732422,31327600.0,GOOGL
2024-05-14 04:00:00+00:00,168.16977087590587,169.63581632642092,167.2089127800717,168.73439025878906,25127100.0,GOOGL
2024-05-15 04:00:00+00:00,169.02165742888434,171.02260615600562,168.90277826299467,170.88392639160156,26948400.0,GOOGL
2024-05-16 04:00:00+00:00,171.65655202628884,173.4693041567708,171.0622167291373,172.5381622314453,27867900.0,GOOGL
2024-05-17 04:00:00+00:00,172.5381677499416,174.60847884553613,172.05279617565412,174.40045166015625,24479300.0,GOOGL
2024-05-20 04:00:00+00:00,174.5292502632364,177.08493321353035,174.4202865094074,175.2523651123047,22554400.0,GOOGL
2024-05-21 04:00:00+00:00,175.2325569894993,176.47077464803155,174.15283481884995,176.17361450195312,16989400.0,GOOGL
2024-05-22 04:00:00+00:00,174.97498152917515,175.4801688011517,173.55846803904691,174.71743774414062,17880000.0,GOOGL
2024-05-23 04:00:00+00:00,175.4009483043823,176.56981838832198,171.31977307945,171.91412353515625,21024900.0,GOOGL
2024-05-24 04:00:00+00:00,173.3306607567866,174.11322280066753,172.01319532180398,173.340576171875,16579400.0,GOOGL
2024-05-28 04:00:00+00:00,172.80562741846637,175.5990532912732,172.7263796864407,174.73724365234375,20572200.0,GOOGL
2024-05-29 04:00:00+00:00,173.77638763413984,175.1731005862125,173.07308856633102,174.24195861816406,23388700.0,GOOGL
2024-05-30 04:00:00+00:00,173.54855608932272,173.56837180086202,170.17069523243458,170.48768615722656,22931500.0,GOOGL
2024-05-31 04:00:00+00:00,170.2400414486173,171.428727178173,167.84285427810815,170.87400817871094,37638900.0,GOOGL
2024-06-03 04:00:00+00:00,170.91362278332906,172.88487038637814,169.54664100969404,171.53768920898438,27459100.0,GOOGL
2024-06-04 04:00:00+00:00,171.64665293658192,172.21128734355756,170.2697557499601,172.15184020996094,26879600.0,GOOGL
2024-06-05 04:00:00+00:00,173.54854936238468,174.98487853664636,172.2905162401881,173.75657653808594,22068500.0,GOOGL
2024-06-06 04:00:00+00:00,174.2419544852705,175.48017194214412,174.09337443642934,175.0641326904297,23251000.0,GOOGL
2024-06-07 04:00:00+00:00,175.38110389481355,176.1933665954135,172.65702579598548,172.81552124023438,19661400.0,GOOGL
2024-06-10 04:00:00+00:00,173.51963388188398,175.5923057504051,171.3279464315134,173.55929565429688,23726700.0,GOOGL
2024-06-11 04:00:00+00:00,174.75928180816368,175.37413767386394,172.32959332705445,175.1559600830078,21540600.0,GOOGL
2024-06-12 04:00:00+00:00,176.77246257931822,178.9145616902939,174.65020192278865,176.31626892089844,27864700.0,GOOGL
2024-06-13 04:00:00+00:00,174.6502064308114,175.2749891373828,173.43040626625967,173.7080841064453,20913300.0,GOOGL
2024-06-14 04:00:00+00:00,172.77586542867536,175.59232060979843,172.70643840569585,175.32455444335938,18063600.0,GOOGL
2024-06-17 04:00:00+00:00,174.00559933310134,176.88155485978157,173.36097817553005,175.77084350585938,19618500.0,GOOGL
2024-06-18 04:00:00+00:00,175.67166697323572,175.91959469647514,172.6568725168595,173.63865661621094,21869900.0,GOOGL
2024-06-20 04:00:00+00:00,173.91630892423163,175.82039174330862,173.53946913019786,174.83860778808594,20160100.0,GOOGL
2024-06-21 04:00:00+00:00,175.53283243143696,179.35092551747323,175.1460657788295,178.1410369873047,57759000.0,GOOGL
2024-06-24 04:00:00+00:00,178.6666314019322,179.39057608957674,177.18897677924866,177.7344207763672,18298000.0,GOOGL
2024-06-25 04:00:00+00:00,178.13108373127267,182.76237121301742,177.93274460366004,182.50453186035156,23130200.0,GOOGL
2024-06-26 04:00:00+00:00,181.11615066799544,182.9805567069559,180.96738496662277,182.3557891845703,19839000.0,GOOGL
2024-06-27 04:00:00+00:00,182.6532926987184,184.50780223360667,182.49463046708553,183.87310791015625,18848900.0,GOOGL
2024-06-28 04:00:00+00:00,182.7921318348739,183.5954151173879,180.45169387070354,180.64010620117188,29156600.0,GOOGL
2024-07-01 04:00:00+00:00,181.51283682486664,182.3557971056762,179.79718128044868,181.47317504882812,16006100.0,GOOGL
2024-07-02 04:00:00+00:00,180.54096868108974,184.0317952147811,180.05502490239206,183.70452880859375,17372500.0,GOOGL
2024-07-03 04:00:00+00:00,183.31776335097922,184.54747516508317,182.47480304485995,184.27972412109375,10242100.0,GOOGL
2024-07-05 04:00:00+00:00,184.3193957840595,189.27795048057212,184.25989554887065,189.02011108398438,20967500.0,GOOGL
2024-07-08 04:00:00+00:00,188.32588786123958,188.59365403276064,186.22346566251395,187.46310424804688,21035900.0,GOOGL
2024-07-09 04:00:00+00:00,188.73249043692135,189.77378986137018,187.1556738088654,187.41351318359375,15121400.0,GOOGL
2024-07-10 04:00:00+00:00,187.58210403384115,190.16055833537922,187.4631035723971,189.59527587890625,15952500.0,GOOGL
2024-07-11 04:00:00+00:00,188.27630515494232,189.2779276351132,183.54584030838046,184.0317840576172,25625800.0,GOOGL
2024-07-12 04:00:00+00:00,183.54584610912124,185.55901792595884,182.9607403388162,183.5359344482422,22898400.0,GOOGL
2024-07-15 04:00:00+00:00,183.38715546507632,186.6796425153706,183.38715546507632,184.9838104248047,16474000.0,GOOGL
2024-07-16 04:00:00+00:00,185.80696540628884,187.1160160000062,181.85003324241117,182.39547729492188,18290700.0,GOOGL
2024-07-17 04:00:00+00:00,181.45330300020876,182.02849700626933,178.40874397141812,179.51947021484375,20734100.0,GOOGL
2024-07-18 04:00:00+00:00,180.4219619618105,180.98724445457364,175.00722876619346,176.2171173095703,25315700.0,GOOGL
2024-07-19 04:00:00+00:00,177.39725118322656,178.79555205599942,175.66175710285674,176.18736267089844,18881900.0,GOOGL
2024-07-22 04:00:00+00:00,179.09305874265243,181.18556924112812,178.73604223141416,180.1641082763672,24100300.0,GOOGL
2024-07-23 04:00:00+00:00,180.54098136257284,182.08804802244904,180.03519909370766,180.2831268310547,36352700.0,GOOGL
2024-07-24 04:00:00+00:00,172.16101164978593,174.72953914992098,170.3957675264856,171.1990509033203,49585200.0,GOOGL
2024-07-25 04:00:00+00:00,171.08995705046257,171.98249074674055,165.8041364976538,165.8933868408203,44852000.0,GOOGL
2024-07-26 04:00:00+00:00,165.7644579679493,166.69666856249324,162.70007515743842,165.61570739746094,41336900.0,GOOGL
2024-07-29 04:00:00+00:00,167.43054602622254,169.01727432015218,166.5975125369865,168.12474060058594,20293800.0,GOOGL
2024-07-30 04:00:00+00:00,168.8288597911077,169.8106438435088,167.04377724268764,168.87843322753906,18959700.0,GOOGL
2024-07-31 04:00:00+00:00,171.80399306020445,172.80561557083252,168.600756120216,170.11807250976562,25729100.0,GOOGL
2024-08-01 04:00:00+00:00,168.83877635874134,172.60728070774732,167.48013730321483,169.34454345703125,24531400.0,GOOGL
2024-08-02 04:00:00+00:00,165.06035633790583,167.1131899291379,163.3050238959055,165.27853393554688,29130100.0,GOOGL
2024-08-05 04:00:00+00:00,154.21106115128595,163.06703315517944,153.64577861539027,157.9299774169922,53630700.0,GOOGL
2024-08-06 04:00:00+00:00,158.00932375937404,159.2390509117061,155.1135293028919,156.97793579101562,49004600.0,GOOGL
2024-08-07 04:00:00+00:00,159.91337776437143,161.62903333217733,157.15642275675472,157.62252807617188,25138600.0,GOOGL
2024-08-08 04:00:00+00:00,159.17951532110402,162.33316393530674,158.88201414908212,160.68692016601562,25578800.0,GOOGL
2024-08-09 04:00:00+00:00,158.68364346895095,162.43230917233856,157.74152121280017,162.3133087158203,28602300.0,GOOGL
2024-08-12 04:00:00+00:00,162.98766954381617,163.533098356256,160.49846585024423,160.94473266601562,15895300.0,GOOGL
2024-08-13 04:00:00+00:00,162.05547223997468,163.36452268194483,161.61911704854913,162.79925537109375,18551700.0,GOOGL
2024-08-14 04:00:00+00:00,161.05382104216667,161.86703112721244,156.40271029840184,159.0406494140625,40591100.0,GOOGL
2024-08-15 04:00:00+00:00,159.16961037680883,160.30016027512747,158.28698822051015,159.96298217773438,31524300.0,GOOGL
2024-08-16 04:00:00+00:00,160.1315525357236,163.69179086382167,159.79437447768626,161.6092071533203,24208600.0,GOOGL
2024-08-19 04:00:00+00:00,163.90997461723012,165.30829060327488,162.89842527282462,165.2884521484375,22416200.0,GOOGL
2024-08-20 04:00:00+00:00,165.51655736424223,167.24213992598882,165.437233801864,165.7942352294922,18341500.0,GOOGL
2024-08-21 04:00:00+00:00,163.78102535009705,165.466945741652,163.3050084241183,164.47523498535156,22902000.0,GOOGL
2024-08-22 04:00:00+00:00,165.8735566607167,166.20082306762401,161.9563017036317,162.44224548339844,22493300.0,GOOGL
2024-08-23 04:00:00+00:00,163.3546280676757,164.80251757325382,162.4720059319359,164.24716186523438,13955700.0,GOOGL
2024-08-26 04:00:00+00:00,165.00083137352877,166.1611310785171,163.09674864234503,164.78265380859375,14190400.0,GOOGL
2024-08-27 04:00:00+00:00,164.46531429923328,165.0603468280275,163.0967636946959,163.31492614746094,11821900.0,GOOGL
2024-08-28 04:00:00+00:00,163.67195617574248,164.2273269769617,160.1910564516135,161.5001220703125,16407400.0,GOOGL
2024-08-29 04:00:00+00:00,162.94800734245646,164.59425098521132,158.92166371262243,160.43898010253906,19699800.0,GOOGL
2024-08-30 04:00:00+00:00,161.27201637464404,162.30340415057861,160.34973253169585,162.02572631835938,22123800.0,GOOGL
2024-09-03 04:00:00+00:00,160.37946246944418,160.50838970829213,155.18289273170538,156.05560302734375,38945300.0,GOOGL
2024-09-04 04:00:00+00:00,155.3614336724234,157.68203355334143,154.66723906688907,155.15316772460938,19353800.0,GOOGL
2024-09-05 04:00:00+00:00,155.00441956460497,158.12830290448517,154.6870648072252,155.93663024902344,18688700.0,GOOGL
2024-09-06 04:00:00+00:00,155.9961266954501,156.52173225882967,149.30207815911396,149.66900634765625,37912100.0,GOOGL
2024-09-09 04:00:00+00:00,151.44652470733544,152.33031802848637,146.1934191551348,147.67303466796875,39260500.0,GOOGL
2024-09-10 04:00:00+00:00,149.40089405204117,150.2151833830649,147.30560668726096,147.62338256835938,31118800.0,GOOGL
2024-09-11 04:00:00+00:00,148.87458302778612,150.44356726374062,146.49132465684013,150.10594177246094,29607700.0,GOOGL
2024-09-12 04:00:00+00:00,152.72753482151148,153.74042646617514,151.58554483567272,153.611328125,29621500.0,GOOGL
2024-09-13 04:00:00+00:00,154.34612619677438,157.27556696010407,154.1276742721839,156.3619842529297,29591200.0,GOOGL
2024-09-16 04:00:00+00:00,156.2130393678647,157.14648695965292,155.50799884377685,156.9578094482422,18379800.0,GOOGL
2024-09-17 04:00:00+00:00,157.91114955399144,159.43047957262868,157.27561291320453,158.2090606689453,20715600.0,GOOGL
2024-09-18 04:00:00+00:00,158.74527204850892,159.38080862321627,157.49406367866266,158.69561767578125,23677300.0,GOOGL
2024-09-19 04:00:00+00:00,162.56841287927963,162.64784168369965,160.2149292220262,161.0093536376953,26587700.0,GOOGL
2024-09-20 04:00:00+00:00,162.35989574326507,162.58828768421088,160.92993460407996,162.4492645263672,40896400.0,GOOGL
2024-09-23 04:00:00+00:00,163.20394121624093,164.33599102740763,160.54262182975313,160.72137451171875,24150900.0,GOOGL
2024-09-24 04:00:00+00:00,161.8931398823935,162.0818173776698,159.56946106689367,161.15829467773438,23332100.0,GOOGL
2024-09-25 04:00:00+00:00,160.34402682435416,161.6746790019905,160.17521409904674,160.3638916015625,18869200.0,GOOGL
2024-09-26 04:00:00+00:00,162.498918721295,162.93585297471674,161.14840155271324,161.5952606201172,20319300.0,GOOGL
2024-09-27 04:00:00+00:00,161.67468229198863,164.5445289853853,161.4959447506325,162.80673217773438,21101300.0,GOOGL
2024-09-30 04:00:00+00:00,162.1811401753991,164.9913926147097,162.12154584089137,164.69349670410156,20413900.0,GOOGL
2024-10-01 04:00:00+00:00,166.5206466524631,167.98039708652328,163.43233306676646,165.82553100585938,28338100.0,GOOGL
2024-10-02 04:00:00+00:00,165.25953808497383,166.35187375711521,163.58132016704218,164.7034454345703,17760200.0,GOOGL
2024-10-03 04:00:00+00:00,163.26355943212087,165.4780052194021,162.77697078682365,164.7034454345703,15073100.0,GOOGL
2024-10-04 04:00:00+00:00,166.88807682048628,167.05688955338184,164.32606593132192,165.89505004882812,19047400.0,GOOGL
2024-10-07 04:00:00+00:00,166.5504741138898,167.30516910862042,161.6151291721409,161.84352111816406,22463100.0,GOOGL
2024-10-08 04:00:00+00:00,162.79683039346867,163.58131496769886,161.73428435048646,163.2337646484375,23072700.0,GOOGL
2024-10-09 04:00:00+00:00,162.31023226464953,163.69053895167258,158.62611121223813,160.7313232421875,31181800.0,GOOGL
2024-10-10 04:00:00+00:00,159.74821424684626,161.93288529839,159.28149044514248,160.9497833251953,14144100.0,GOOGL
2024-10-11 04:00:00+00:00,160.99942432308654,162.7570706789559,160.11563116287005,162.1016845703125,15344300.0,GOOGL
2024-10-14 04:00:00+00:00,162.49888985539508,165.07082539197873,162.2605579906687,163.8096923828125,19016100.0,GOOGL
2024-10-15 04:00:00+00:00,164.63391416283739,166.51073429604153,163.4820145370709,164.3062286376953,20247200.0,GOOGL
2024-10-16 04:00:00+00:00,163.38270428394787,164.64385260964121,162.59821974974642,164.00831604003906,16406000.0,GOOGL
2024-10-17 04:00:00+00:00,164.57431638671383,165.20985289039217,161.62502577447916,161.79383850097656,21453400.0,GOOGL
2024-10-18 04:00:00+00:00,162.0520493579974,163.5614543687219,161.94281580158204,162.2804412841797,19757700.0,GOOGL
2024-10-21 04:00:00+00:00,161.8137182306033,163.35291284104187,161.48601755980903,162.92591857910156,20946500.0,GOOGL
2024-10-22 04:00:00+00:00,161.84350752043144,164.61406084451548,161.84350752043144,163.9884490966797,16568100.0,GOOGL
2024-10-23 04:00:00+00:00,163.61111712445464,164.66373843424137,160.80084899820812,161.64492797851562,18280500.0,GOOGL
2024-10-24 04:00:00+00:00,161.69453016773187,162.19104348944606,159.88721440354783,161.58529663085938,22412500.0,GOOGL
2024-10-25 04:00:00+00:00,162.52868955985642,164.43529913917524,162.2804328674599,164.11753845214844,19828900.0,GOOGL
2024-10-28 04:00:00+00:00,167.5732927765486,167.5732927765486,162.8067605293158,165.5574493408203,32138600.0,GOOGL
2024-10-29 04:00:00+00:00,166.56039624660548,169.19192660016526,165.92485964222502,168.49679565429688,42169000.0,GOOGL
2024-10-30 04:00:00+00:00,179.42008224519654,180.75074972710868,172.84624941070035,173.24346923828125,68890800.0,GOOGL
2024-10-31 04:00:00+00:00,171.92272737485058,175.5869985344097,169.80757553261074,169.91680908203125,44769000.0,GOOGL
2024-11-01 04:00:00+00:00,168.88407180529182,171.11838206105315,167.70236751230738,170.09555053710938,31796500.0,GOOGL
2024-11-04 05:00:00+00:00,168.7450359899921,169.53946045641658,166.83842636200512,168.0598602294922,21492700.0,GOOGL
2024-11-05 05:00:00+00:00,168.2485301772737,169.34086576189884,167.66264797842342,168.55638122558594,18242100.0,GOOGL
2024-11-06 05:00:00+00:00,172.58808035816057,175.706184256144,172.2901692540448,175.2791748046875,33695500.0,GOOGL
2024-11-07 05:00:00+00:00,176.17291759506878,179.81732474035618,175.95445045045633,179.4896240234375,25352900.0,GOOGL
2024-11-08 05:00:00+00:00,179.39028805337082,179.63854475709948,176.83821701828134,177.10633850097656,22006200.0,GOOGL
2024-11-11 05:00:00+00:00,177.33474537334146,179.29100957580835,177.22551180839807,179.0924072265625,17450400.0,GOOGL
2024-11-12 05:00:00+00:00,178.56609468327508,181.2174745432505,178.13908526034365,180.35353088378906,25134900.0,GOOGL
2024-11-13 05:00:00+00:00,179.2016442605843,179.69815771950462,177.29501924422846,177.63265991210938,23184000.0,GOOGL
2024-11-14 05:00:00+00:00,177.03682125408577,177.57306422524127,173.10444351008397,174.35565185546875,31007500.0,GOOGL
2024-11-15 05:00:00+00:00,172.51852911342962,172.92567370824764,170.02603748244363,171.2871856689453,32504600.0,GOOGL
2024-11-18 05:00:00+00:00,172.2106958182379,174.21661408019878,171.69431766961333,174.0775909423828,20135300.0,GOOGL
2024-11-19 05:00:00+00:00,172.50861780572185,177.6226997913749,172.34972988032243,176.8779296875,23434900.0,GOOGL
2024-11-20 05:00:00+00:00,176.10338583496625,176.4410113425249,172.56821251491007,174.75286865234375,18997100.0,GOOGL
2024-11-21 05:00:00+00:00,172.68737314674925,172.91578024518503,162.5585017211108,166.4611053466797,59734400.0,GOOGL
2024-11-22 05:00:00+00:00,164.6935100313798,165.29925701927786,162.75709554141247,163.61109924316406,38604600.0,GOOGL
2024-11-25 05:00:00+00:00,164.9318072272488,167.4541036263309,164.45515863582298,166.48092651367188,33135300.0,GOOGL
2024-11-26 05:00:00+00:00,166.46107371469742,168.63580465316602,166.41141934828232,167.940673828125,20486700.0,GOOGL
2024-11-27 05:00:00+00:00,167.82156530492287,168.2982140288003,166.84840307422618,168.04995727539062,19266500.0,GOOGL
2024-11-29 05:00:00+00:00,167.32502205728218,168.24852974267216,165.9943697320939,167.77188110351562,14257200.0,GOOGL
2024-12-02 05:00:00+00:00,167.59314004161567,170.88005637942206,167.3945377088188,170.29417419433594,23789100.0,GOOGL
2024-12-03 05:00:00+00:00,170.29415047106568,171.47583948992414,169.65861400321873,170.1451873779297,22248700.0,GOOGL
2024-12-04 05:00:00+00:00,169.956535651712,173.69032622472676,169.86716687371202,173.15408325195312,31615100.0,GOOGL
2024-12-05 05:00:00+00:00,174.13719150933292,174.83230728378396,171.12832132304757,171.4361572265625,21356200.0,GOOGL
2024-12-06 05:00:00+00:00,170.83039484206162,173.85912953542012,170.66158210864637,173.49171447753906,21462400.0,GOOGL
2024-12-09 05:00:00+00:00,172.9449339559485,175.23150110703355,172.6367300920802,174.34669494628906,25389600.0,GOOGL
2024-12-10 05:00:00+00:00,181.78305343524673,185.27256668487914,179.99355362655623,184.08950805664062,54813000.0,GOOGL
2024-12-11 05:00:00+00:00,184.22869140717978,194.46859270076922,183.77138405763577,194.2598114013672,67894100.0,GOOGL
2024-12-12 05:00:00+00:00,193.86214396789393,194.04108635776814,190.59134831615194,190.8398895263672,34817500.0,GOOGL
2024-12-13 05:00:00+00:00,189.89544591832112,191.6054108844412,188.5334447604449,188.71240234375,25143500.0,GOOGL
2024-12-16 05:00:00+00:00,191.74458805351563,197.83882401959605,191.4960468173101,195.51248168945312,44934900.0,GOOGL
2024-12-17 05:00:00+00:00,196.09903250515634,200.2446984442106,193.84227386580446,194.2797088623047,43504000.0,GOOGL
2024-12-18 05:00:00+00:00,194.08087100994013,195.8504833002915,186.64452188139882,187.3006591796875,34166100.0,GOOGL
2024-12-19 05:00:00+00:00,190.51180819781734,191.90363286978481,187.28077255169532,187.41000366210938,32265200.0,GOOGL
2024-12-20 05:00:00+00:00,184.69596767924915,191.76448125206372,184.13923772090007,190.29312133789062,63462900.0,GOOGL
2024-12-23 05:00:00+00:00,191.49602742629256,193.9615671620114,189.04043904765626,193.4943084716797,25675000.0,GOOGL
2024-12-24 05:00:00+00:00,193.70308928801546,194.96568298339844,192.64927690043314,194.96568298339844,10403300.0,GOOGL
2024-12-26 05:00:00+00:00,194.01127759173056,195.6019475277096,193.24578152744004,194.4586639404297,12046600.0,GOOGL
2024-12-27 05:00:00+00:00,193.8124315456521,194.1802828500262,189.53751972128225,191.6352081298828,18891400.0,GOOGL
2024-12-30 05:00:00+00:00,188.69249985736334,191.42645331502607,188.01645984137915,190.1240997314453,14264700.0,GOOGL
2024-12-31 05:00:00+00:00,189.96503162659658,190.83990159620672,187.41002054250913,188.19541931152344,17466900.0,GOOGL
2025-01-02 05:00:00+00:00,189.5375437207165,190.87967248578354,186.405930161898,188.3246612548828,20370800.0,GOOGL
2025-01-03 05:00:00+00:00,190.2533357330172,192.08261071335764,188.87144710211905,190.67088317871094,18596200.0,GOOGL
2025-01-06 05:00:00+00:00,192.84811629000748,197.06338121642014,192.7188851595698,195.72125244140625,29563600.0,GOOGL
2025-01-07 05:00:00+00:00,195.9598465030939,199.82714740579908,193.46449803391354,194.34930419921875,26487200.0,GOOGL
2025-01-08 05:00:00+00:00,191.44634580773328,195.14462535167834,191.2574520458894,192.8182830810547,24864800.0,GOOGL
2025-01-10 05:00:00+00:00,193.16624068951896,195.37328795351274,189.19951732698908,190.91941833496094,26665200.0,GOOGL
2025-01-13 05:00:00+00:00,188.96092925794855,190.06443773067767,186.26673571233505,189.8954315185547,21823700.0,GOOGL
2025-01-14 05:00:00+00:00,190.1241119208904,190.85978428074978,187.21120070733548,188.55332946777344,17174900.0,GOOGL
2025-01-15 05:00:00+00:00,191.963298457138,195.21422195403466,190.7404798677513,194.40895080566406,21776000.0,GOOGL
2025-01-16 05:00:00+00:00,193.00719678139495,194.33937427025197,191.68495548164725,191.7843780517578,17815400.0,GOOGL
2025-01-17 05:00:00+00:00,195.3832141332428,196.0791264849475,192.61943710093595,194.85630798339844,27735100.0,GOOGL
2025-01-21 05:00:00+00:00,197.90841585876197,201.10961291187695,196.71540583129996,196.8943634033203,29971300.0,GOOGL
2025-01-22 05:00:00+00:00,197.89845481899934,199.31016710135967,196.37738379513036,197.2124786376953,26200600.0,GOOGL
2025-01-23 05:00:00+00:00,196.98382282439977,199.13122254170912,194.06097573746507,196.8247528076172,26951400.0,GOOGL
2025-01-24 05:00:00+00:00,196.9440747387753,199.72772435097139,196.8446521798743,199.04176330566406,23877500.0,GOOGL
2025-01-27 05:00:00+00:00,191.28728569008513,195.731204323553,189.61708065071457,190.69078063964844,41728900.0,GOOGL
2025-01-28 05:00:00+00:00,191.6252920206379,194.33935805697908,189.56736331512153,194.16041564941406,24157900.0,GOOGL
2025-01-29 05:00:00+00:00,194.4188940643566,195.6417126982154,192.3013178788486,194.269775390625,18218300.0,GOOGL
2025-01-30 05:00:00+00:00,196.84464293202117,200.2247973993167,196.51656670676422,199.69789123535156,24354700.0,GOOGL
2025-01-31 05:00:00+00:00,200.82131144659704,204.28100107943342,200.62248149891727,202.82952880859375,32001100.0,GOOGL
2025-02-03 05:00:00+00:00,199.5189590127464,202.5611012223486,198.93240535424198,200.05580139160156,27838300.0,GOOGL
2025-02-04 05:00:00+00:00,202.20320734762427,205.84185468330165,201.62658985975028,205.17576599121094,43856400.0,GOOGL
2025-02-05 05:00:00+00:00,189.9550998506434,191.62528964623422,186.93282997802248,190.2135772705078,70373900.0,GOOGL
2025-02-06 05:00:00+00:00,188.3942574313725,190.979092361129,187.61880998639617,190.4820098876953,29297400.0,GOOGL
2025-02-07 05:00:00+00:00,189.9352025187049,190.06443363710238,182.17077726737304,184.25851440429688,49315000.0,GOOGL
2025-02-10 05:00:00+00:00,186.25681277496034,187.10184389569162,184.77550151190874,185.38194274902344,23105600.0,GOOGL
2025-02-11 05:00:00+00:00,183.95033114344977,185.8491897525843,183.20470746476104,184.2386474609375,21239500.0,GOOGL
2025-02-12 05:00:00+00:00,182.15091151282658,184.0298827457132,180.769022777209,182.53863525390625,22072600.0,GOOGL
2025-02-13 05:00:00+00:00,183.24449120134597,185.19304601185559,182.07136866992408,185.05386352539062,21402500.0,GOOGL
2025-02-14 05:00:00+00:00,183.98016370030402,185.31234109604222,183.2444913440249,184.149169921875,20448400.0,GOOGL
2025-02-18 05:00:00+00:00,184.51701650776232,184.87491648825042,180.679539282988,182.69769287109375,29916700.0,GOOGL
2025-02-19 05:00:00+00:00,182.99593948623902,184.3778280833638,182.51872941446393,184.18893432617188,19549400.0,GOOGL
2025-02-20 05:00:00+00:00,183.72166776984332,184.22868638349084,181.65380305634184,183.48306274414062,20441500.0,GOOGL
2025-02-21 05:00:00+00:00,184.06960350975416,184.25849724568963,178.0350311650439,178.6116485595703,35199200.0,GOOGL
2025-02-24 05:00:00+00:00,180.92807303443473,182.05146903999804,177.8461558204417,178.2040557861328,29854200.0,GOOGL
2025-02-25 05:00:00+00:00,177.0011153116827,177.6970428900285,173.67067193850428,174.3964080810547,41913400.0,GOOGL
2025-02-26 05:00:00+00:00,174.0484644370393,175.05256557173047,170.57882331320525,171.72210693359375,35431300.0,GOOGL
2025-02-27 05:00:00+00:00,172.97475539808346,173.5414214994902,166.96005475439284,167.51678466796875,39991000.0,GOOGL
2025-02-28 05:00:00+00:00,167.69570724259657,169.61445314978715,165.79686404821965,169.286376953125,48130600.0,GOOGL
2025-03-03 05:00:00+00:00,170.92676623691273,172.35836613901347,164.96177675799476,166.0354766845703,40770500.0,GOOGL
2025-03-04 05:00:00+00:00,165.2699986950009,172.27884996330545,164.8325636582221,169.9226837158203,45388000.0,GOOGL
2025-03-05 05:00:00+00:00,169.525009408903,172.7659816444027,168.07352192530007,172.0104217529297,30954900.0,GOOGL
2025-03-06 05:00:00+00:00,169.5349574978289,173.78998251590772,169.50513376118735,171.34434509277344,28302000.0,GOOGL
2025-03-07 05:00:00+00:00,170.26067003299855,173.94902837231132,169.2764565211612,172.8455047607422,27385800.0,GOOGL
2025-03-10 04:00:00+00:00,167.47083096485238,167.66990508590422,162.9222728186128,165.092041015625,43604000.0,GOOGL
2025-03-11 04:00:00+00:00,164.13654448642717,165.96791089272386,160.61313925258565,163.27061462402344,39587400.0,GOOGL
2025-03-12 04:00:00+00:00,165.79871989426576,166.85374592604674,162.76302175465403,166.32623291015625,28372400.0,GOOGL
2025-03-13 04:00:00+00:00,165.261242942738,165.3508323726828,161.34968247166375,161.9966278076172,31756200.0,GOOGL
2025-03-14 04:00:00+00:00,162.50424753259463,165.70914654485404,161.68808614528302,164.71383666992188,31995900.0,GOOGL
2025-03-17 04:00:00+00:00,164.25600506871956,165.5200529979304,162.90238288608768,163.51947021484375,31184300.0,GOOGL
2025-03-18 04:00:00+00:00,162.91233580467724,163.47966980253605,155.9849866119549,159.9164581298828,42074800.0,GOOGL
2025-03-19 04:00:00+00:00,161.0013078964,165.09203178483114,160.24487791525596,163.12132263183594,34275600.0,GOOGL
2025-03-20 04:00:00+00:00,160.81224147740926,164.11666272842527,160.2051017794059,162.03646850585938,28138500.0,GOOGL
2025-03-21 04:00:00+00:00,160.45391074936325,163.46969843906228,160.13540430124633,163.2208709716797,36625800.0,GOOGL
2025-03-24 04:00:00+00:00,166.28644543898992,167.53058291242263,164.36548928265282,166.89356994628906,30879100.0,GOOGL
2025-03-25 04:00:00+00:00,168.18747918173491,169.82974979049783,167.53058612545505,169.76007080078125,24174400.0,GOOGL
2025-03-26 04:00:00+00:00,168.20735054687958,168.8144901119637,164.06685827310008,164.28582763671875,28901600.0,GOOGL
2025-03-27 04:00:00+00:00,163.85788568655383,164.64417388270883,161.24021559810473,161.47909545898438,24508300.0,GOOGL
2025-03-28 04:00:00+00:00,159.73729883034673,161.0610628820661,152.9094719877664,153.60618591308594,48669300.0,GOOGL
2025-03-31 04:00:00+00:00,152.39191084034044,154.81050678909716,149.9534044396659,153.91473388671875,54603500.0,GOOGL
2025-04-01 04:00:00+00:00,152.89952690016702,157.3585269137693,152.89952690016702,156.33335876464844,30672900.0,GOOGL
2025-04-02 04:00:00+00:00,154.42231653657922,157.6670363544579,153.97443014331054,156.30345153808594,25041700.0,GOOGL
2025-04-03 04:00:00+00:00,150.40127754802887,152.06344323592336,149.68465321481136,150.0131072998047,46883400.0,GOOGL
2025-04-04 04:00:00+00:00,147.31583037779836,150.3614917918229,144.69817535633214,144.91714477539062,62259500.0,GOOGL
2025-04-07 04:00:00+00:00,140.88612829073566,152.13313390933345,139.87090787612016,146.06173706054688,76794100.0,GOOGL
2025-04-08 04:00:00+00:00,150.5107562403341,151.52597653644034,142.3591661655056,144.02133178710938,52200200.0,GOOGL
2025-04-09 04:00:00+00:00,143.74266444963052,158.8017091980402,143.23506183090237,157.9656524658203,70406200.0,GOOGL
2025-04-10 04:00:00+00:00,155.80579483834862,156.98026834062628,149.2267962236283,152.10325622558594,48022000.0,GOOGL
2025-04-11 04:00:00+00:00,152.18286551192307,156.93049760914,152.10325409102202,156.40298461914062,33636200.0,GOOGL
2025-04-14 04:00:00+00:00,159.24957495636372,160.96150910212248,156.8210165083235,158.32394409179688,30333000.0,GOOGL
2025-04-15 04:00:00+00:00,158.38368579805189,158.9012360653349,154.48207240479906,155.576904296875,27551500.0,GOOGL
2025-04-16 04:00:00+00:00,152.3819685702938,155.15887681516588,150.7994141124721,152.6108856201172,28187400.0,GOOGL
2025-04-17 04:00:00+00:00,153.56634392432957,153.9545141427958,147.8035068059891,150.45103454589844,33046600.0,GOOGL
2025-04-21 04:00:00+00:00,148.1817487017602,148.25141250019158,145.41478828401154,146.9774169921875,26049100.0,GOOGL
2025-04-22 04:00:00+00:00,148.19169631147875,151.4762221498679,147.84333175770095,150.7595977783203,26971800.0,GOOGL
2025-04-23 04:00:00+00:00,154.88018931651595,156.79118268922488,153.08862828359344,154.6214141845703,31128800.0,GOOGL
2025-04-24 04:00:00+00:00,155.41763415068155,158.84150262211006,155.0593219807129,158.532958984375,45894000.0,GOOGL
2025-04-25 04:00:00+00:00,164.29580798857202,165.32097594255075,160.2846952290497,161.2003936767578,56034000.0,GOOGL
2025-04-28 04:00:00+00:00,161.66816061799582,162.38478487609163,157.85613751727615,159.85670471191406,29745800.0,GOOGL
2025-04-29 04:00:00+00:00,159.56808195579998,159.98611026905985,156.78121134684457,159.40882873535156,26809000.0,GOOGL
2025-04-30 04:00:00+00:00,157.23906011670073,158.5230184445377,154.67115864825115,158.0552215576172,34981100.0,GOOGL
2025-05-01 04:00:00+00:00,159.69746807136784,161.19043289943403,158.16469753026496,160.54348754882812,30203200.0,GOOGL
2025-05-02 04:00:00+00:00,162.64359387625743,164.19627488526416,161.11080813038504,163.26068115234375,25715000.0,GOOGL
2025-05-05 04:00:00+00:00,162.23551815903613,164.61430827792813,161.95683259435438,163.43984985351562,21341800.0,GOOGL
2025-05-06 04:00:00+00:00,161.40940569190968,164.02707560554774,160.43400623609975,162.4644317626953,21277200.0,GOOGL
2025-05-07 04:00:00+00:00,163.3104457768094,164.22612903746054,147.14660797263102,150.67001342773438,127490100.0,GOOGL
2025-05-08 04:00:00+00:00,154.27303609354425,155.19866702023802,152.1828792070647,153.55641174316406,57498700.0,GOOGL
2025-05-09 04:00:00+00:00,153.4469228058081,154.3228003625665,151.48616112175256,152.03358459472656,32435300.0,GOOGL
2025-05-12 04:00:00+00:00,156.75136032378487,158.35380985703912,155.5171705905775,157.71681213378906,44138800.0,GOOGL
2025-05-13 04:00:00+00:00,158.045234090469,159.81689948015563,155.42757968301973,158.78176879882812,42382100.0,GOOGL
2025-05-14 04:00:00+00:00,159.20976117244982,166.21673543287093,158.86139667000703,164.59437561035156,48755900.0,GOOGL
2025-05-15 04:00:00+00:00,165.06218171025907,165.43045668169412,161.60845531931332,163.19100952148438,33146700.0,GOOGL
2025-05-16 04:00:00+00:00,166.94329272571548,168.55570477665637,164.8431886386829,165.4105224609375,42846900.0,GOOGL
2025-05-19 04:00:00+00:00,163.73841809182645,165.85843293399518,163.44978491746534,165.75889587402344,30426100.0,GOOGL
2025-05-20 04:00:00+00:00,165.6494131078347,167.70971181285083,162.13597050857302,163.21090698242188,46607700.0,GOOGL
2025-05-21 04:00:00+00:00,162.92227037071072,172.32794533461094,162.7928752314158,167.76942443847656,73416000.0,GOOGL
2025-05-22 04:00:00+00:00,171.0440028391721,175.94092545127197,169.90935022401754,170.06858825683594,74864400.0,GOOGL
2025-05-23 04:00:00+00:00,168.26706921398494,169.16285712958057,167.1025585922104,167.67984008789062,35211400.0,GOOGL
2025-05-27 04:00:00+00:00,169.3619263053745,172.3578034614341,169.20267308577203,172.0890655517578,37995700.0,GOOGL
2025-05-28 04:00:00+00:00,172.34785613681433,174.4479605139837,171.10371883250124,171.55160522460938,34784000.0,GOOGL
2025-05-29 04:00:00+00:00,173.1839330438727,173.60196140461508,169.82974333850962,171.05397033691406,29317300.0,GOOGL
2025-05-30 04:00:00+00:00,170.54636951392982,171.40233669601804,166.65470388448085,170.93453979492188,52639900.0,GOOGL
2025-06-02 04:00:00+00:00,167.05282235359456,169.07330038538143,166.60493590284045,168.23724365234375,38612300.0,GOOGL
2025-06-03 04:00:00+00:00,166.70445769264217,167.68980475652552,164.50481616986866,165.4005889892578,45084900.0,GOOGL
2025-06-04 04:00:00+00:00,165.9579872104258,167.43104169003885,165.57976456796413,167.2618408203125,26900800.0,GOOGL
2025-06-05 04:00:00+00:00,169.54108125937032,170.12831044344654,166.80397909025658,167.42108154296875,36379100.0,GOOGL
2025-06-06 04:00:00+00:00,170.02880836424262,173.6815942254864,170.02880836424262,172.8654327392578,35731800.0,GOOGL
2025-06-09 04:00:00+00:00,173.93168685751374,175.85496833236684,173.76228116584014,175.47628784179688,28935900.0,GOOGL
2025-06-10 04:00:00+00:00,175.58590961128442,180.47880106496282,174.30041217393423,177.97755432128906,61766100.0,GOOGL
2025-06-11 04:00:00+00:00,179.14346702948194,179.74136677669094,176.133988123354,176.73190307617188,31646800.0,GOOGL
2025-06-12 04:00:00+00:00,175.56596932852466,176.10409583310096,174.14096047000893,175.087646484375,20941900.0,GOOGL
2025-06-13 04:00:00+00:00,171.83900983498697,176.51266655178486,171.7891810552309,174.0612335205078,27663100.0,GOOGL
2025-06-16 04:00:00+00:00,174.12103189678987,176.32333636040028,174.04130888575864,176.1539306640625,27389200.0,GOOGL
2025-06-17 04:00:00+00:00,175.0876480323832,176.74186625647056,173.9715563176299,175.33677673339844,24973000.0,GOOGL
2025-06-18 04:00:00+00:00,175.39656976170295,175.94465595934807,172.596365522182,172.71595764160156,28707500.0,GOOGL
2025-06-20 04:00:00+00:00,173.3437557670882,173.7323959518227,164.88335439041927,166.05923461914062,75659900.0,GOOGL
2025-06-23 04:00:00+00:00,165.69049546143563,166.7567582322619,161.43537363941928,164.6142578125,57671000.0,GOOGL
2025-06-24 04:00:00+00:00,166.3382681524042,167.6337405858712,165.5510280582942,166.1887969970703,40524300.0,GOOGL
2025-06-25 04:00:00+00:00,167.04578597314622,171.75929686583365,166.96606296199934,170.08514404296875,35479000.0,GOOGL
2025-06-26 04:00:00+00:00,171.8290485705118,173.08466701517526,169.34773632150527,172.9351806640625,31796700.0,GOOGL
2025-06-27 04:00:00+00:00,172.93517666884486,178.057262279745,171.13148726193396,177.9077911376953,108140200.0,GOOGL
2025-06-30 04:00:00+00:00,180.14994433141436,180.59837295030215,173.9715556124037,175.6157989501953,63378900.0,GOOGL
2025-07-01 04:00:00+00:00,175.12751523681553,175.47628629108172,172.92521085330227,175.22715759277344,35904500.0,GOOGL
2025-07-02 04:00:00+00:00,174.92820819435067,178.2366447594077,174.45986020905642,178.0174102783203,29128900.0,GOOGL
2025-07-03 04:00:00+00:00,177.8779030413717,179.0438236063814,176.43295953117723,178.90431213378906,21689700.0,GOOGL
2025-07-07 04:00:00+00:00,178.43593621915562,178.67510524325024,175.0677113564662,176.17384338378906,34175600.0,GOOGL
2025-07-08 04:00:00+00:00,177.2301614259221,177.3298037815242,172.20771837081963,173.7523193359375,40442500.0,GOOGL
2025-07-09 04:00:00+00:00,174.63923502855474,178.81463486384698,172.16788235105685,176.00445556640625,43025600.0,GOOGL
2025-07-10 04:00:00+00:00,175.0179065004666,177.80813589252995,173.77226294843484,177.00096130371094,29252400.0,GOOGL
2025-07-11 04:00:00+00:00,176.1738371634896,180.79766502679848,175.8649200217802,179.56199645996094,34282900.0,GOOGL
2025-07-14 04:00:00+00:00,180.37914463511837,183.02987774300456,179.05377808117527,180.92723083496094,32536600.0,GOOGL
2025-07-15 04:00:00+00:00,182.17286668727073,183.5779561932956,180.9670923041272,181.36569213867188,33448300.0,GOOGL
2025-07-16 04:00:00+00:00,182.60138443088442,183.68758195520638,181.39559478616047,182.3323211669922,33104200.0,GOOGL
2025-07-17 04:00:00+00:00,181.5052018275631,183.418508384776,179.8509836397114,182.940185546875,31992600.0,GOOGL
2025-07-18 04:00:00+00:00,184.7538504683164,185.77029989137577,183.06975311389598,184.4150390625,34014500.0,GOOGL
2025-07-21 04:00:00+00:00,185.6008814217948,189.62679452163042,185.50122385959315,189.43746948242188,45803100.0,GOOGL
2025-07-22 04:00:00+00:00,190.83260277114414,190.98207392344648,186.80668927782472,190.67315673828125,44660200.0,GOOGL
2025-07-23 04:00:00+00:00,190.8325947249331,191.85900380909362,188.520672962732,189.5670166015625,58681900.0,GOOGL
2025-07-24 04:00:00+00:00,196.34329095248222,197.26008265567518,190.33430850259245,191.50022888183594,74881700.0,GOOGL
2025-07-25 04:00:00+00:00,191.31089919737093,193.65271496353512,190.59340735435927,192.5067138671875,39785900.0,GOOGL
2025-07-28 04:00:00+00:00,192.97509170180885,193.37370675914636,190.17488744855515,191.90882873535156,38139500.0,GOOGL
2025-07-29 04:00:00+00:00,191.7593279801271,195.23716996676416,191.41055693747035,195.06776428222656,41389200.0,GOOGL
2025-07-30 04:00:00+00:00,194.91832593062705,196.91135578592747,194.01149369711868,195.84507751464844,32445400.0,GOOGL
2025-07-31 04:00:00+00:00,195.0279201110307,195.30694304131825,190.42401135006776,191.23118591308594,51329200.0,GOOGL
2025-08-01 04:00:00+00:00,188.3712133978127,190.16494328814227,187.16543886432095,188.4708709716797,34832200.0,GOOGL
2025-08-04 04:00:00+00:00,189.62679933287328,194.5894541087341,189.45739363731957,194.36024475097656,31547400.0,GOOGL
2025-08-05 04:00:00+00:00,194.03140047861146,197.17041596913074,193.21425105621586,193.9915313720703,31602300.0,GOOGL
2025-08-06 04:00:00+00:00,193.82213079278006,195.94471220658852,192.99502167474958,195.40658569335938,21562900.0,GOOGL
2025-08-07 04:00:00+00:00,196.37319428256532,196.85151710519096,193.65271327152095,195.8350830078125,26321800.0,GOOGL
2025-08-08 04:00:00+00:00,196.53264334375206,201.90385732363322,196.48281456433622,200.71800231933594,39161800.0,GOOGL
2025-08-11 04:00:00+00:00,200.2396805407711,200.77779182670545,198.3762027845806,200.29946899414062,25832400.0,GOOGL
2025-08-12 04:00:00+00:00,200.6681968640444,203.78729330959044,199.89091647275984,202.63133239746094,30397900.0,GOOGL
2025-08-13 04:00:00+00:00,203.41856930663727,203.81716914109546,196.82163104540848,201.25613403320312,28342900.0,GOOGL
2025-08-14 04:00:00+00:00,200.79772807656252,203.72748396129663,200.52866482851726,202.2327117919922,25230400.0,GOOGL
2025-08-15 04:00:00+00:00,203.13954799676898,205.7205176785909,200.57849766290207,203.18936157226562,34931400.0,GOOGL
2025-08-18 04:00:00+00:00,203.4883135252893,204.5545916306713,201.7842817792717,202.79075622558594,18526600.0,GOOGL
2025-08-19 04:00:00+00:00,202.32239574793277,202.73097045946378,199.26310326239187,200.86749267578125,24240200.0,GOOGL
2025-08-20 04:00:00+00:00,200.03040999419306,200.57849617106174,195.9148142419443,198.62533569335938,28955500.0,GOOGL
2025-08-21 04:00:00+00:00,199.05381774902344,201.77429871025083,198.73492573604025,199.05381774902344,19774600.0,GOOGL
2025-08-22 04:00:00+00:00,202.02342922176388,207.81317743511988,200.59842044056904,205.37171936035156,42827000.0,GOOGL
2025-08-25 04:00:00+00:00,205.71054863967242,209.78630584234324,204.56456266974786,207.7633819580078,29928900.0,GOOGL
2025-08-26 04:00:00+00:00,206.7867811726176,207.12560776169755,204.98309181316571,206.41807556152344,28464100.0,GOOGL
2025-08-27 04:00:00+00:00,204.98310175479907,208.1819211161226,204.9332729711404,206.75689697265625,23022900.0,GOOGL
2025-08-28 04:00:00+00:00,206.5276902069273,211.4803699291827,206.17890394821848,210.9023895263672,32339300.0,GOOGL
2025-08-29 04:00:00+00:00,209.77632411753885,213.90189476250458,209.46740696384475,212.16796875,39728400.0,GOOGL
2025-09-02 04:00:00+00:00,207.7135567307211,210.94225509702446,205.48135800383685,210.61341857910156,47523000.0,GOOGL
2025-09-03 04:00:00+00:00,225.42163672219405,230.50385346488952,224.00657221776532,229.8561248779297,103336100.0,GOOGL
2025-09-04 04:00:00+00:00,228.8496136665047,231.56013509073304,225.32195802772998,231.49038696289062,51684200.0,GOOGL
2025-09-05 04:00:00+00:00,231.3907399385365,234.9383302920627,231.09178244912047,234.1809844970703,46588900.0,GOOGL
2025-09-08 04:00:00+00:00,234.85922103336074,237.51232497352402,233.06388696786647,233.43292236328125,32474700.0,GOOGL
2025-09-09 04:00:00+00:00,233.56257898038902,239.8462403027557,232.62501483391662,239.0084228515625,38061000.0,GOOGL
2025-09-10 04:00:00+00:00,238.28030242478394,241.0331528996711,237.23303823372945,238.5496063232422,35141100.0,GOOGL
2025-09-11 04:00:00+00:00,239.25778647565335,241.62163412512044,235.63719736660352,239.7465057373047,30599300.0,GOOGL
2025-09-12 04:00:00+00:00,239.7464919977143,241.4520630725996,237.38264448371655,240.17538452148438,26771600.0,GOOGL
2025-09-15 04:00:00+00:00,244.02536743382055,251.75526430827645,244.02536743382055,250.95733642578125,58383800.0,GOOGL
2025-09-16 04:00:00+00:00,251.42612617048883,252.38362748338088,248.82289569604956,250.50851440429688,34109700.0,GOOGL
2025-09-17 04:00:00+00:00,250.56835490468708,250.94737408261642,245.6411664684413,248.8827362060547,34108000.0,GOOGL
2025-09-18 04:00:00+00:00,251.0271682452624,253.33118919660149,249.15205506430715,251.3762664794922,31239500.0,GOOGL
2025-09-19 04:00:00+00:00,252.59310739678662,255.3359743083016,251.15684010622883,254.05929565429688,55571400.0,GOOGL
2025-09-22 04:00:00+00:00,253.7700350469374,255.11653941381564,249.65075806779814,251.87496948242188,32290500.0,GOOGL
2025-09-23 04:00:00+00:00,252.38362744671002,253.7002107757565,249.8302703204236,251.00721740722656,26628000.0,GOOGL
2025-09-24 04:00:00+00:00,251.00722705371746,251.69543970951247,245.80076590550527,246.4989471435547,28201000.0,GOOGL
2025-09-25 04:00:00+00:00,243.76602627878,245.8506164364007,240.1155317960277,245.1524200439453,31020400.0,GOOGL
2025-09-26 04:00:00+00:00,246.42913668030897,248.7730319241888,245.33198386371188,245.90049743652344,18503200.0,GOOGL
2025-09-29 04:00:00+00:00,247.20709239615746,250.4985201433971,242.1402679011131,243.4169464111328,32505800.0,GOOGL
2025-09-30 04:00:00+00:00,242.18018034462705,242.6589310263489,238.6294169517045,242.4694366455078,34724300.0,GOOGL
2025-10-01 04:00:00+00:00,240.12551089529904,245.66111761710096,237.9910625183314,244.26473999023438,31658200.0,GOOGL
2025-10-02 04:00:00+00:00,244.51409604788847,246.16979380429245,241.67149783253905,245.05270385742188,25483300.0,GOOGL
2025-10-03 04:00:00+00:00,243.85582267520638,245.66112527970623,241.0331615881319,244.71359252929688,30249600.0,GOOGL
2025-10-06 04:00:00+00:00,244.14505728413704,250.66810152305118,243.94557911341744,249.7803955078125,28894700.0,GOOGL
2025-10-07 04:00:00+00:00,247.62601181924765,249.7903811872092,244.88314509840285,245.1225128173828,23181300.0,GOOGL
2025-10-08 04:00:00+00:00,244.3246032710778,245.37186749350337,243.18756093367097,243.9854736328125,21307100.0,GOOGL
2025-10-09 04:00:00+00:00,243.83586445575082,244.12510552114733,238.52965682972516,240.9034881591797,27892100.0,GOOGL
2025-10-10 04:00:00+00:00,240.80373872383117,243.45684250665406,235.22824247873842,235.95635986328125,33180300.0,GOOGL
2025-10-13 04:00:00+00:00,239.58694087972822,243.865806618421,239.08823779870895,243.51670837402344,24995000.0,GOOGL
2025-10-14 04:00:00+00:00,240.60426901896764,246.47899033376285,239.88613541009548,244.81332397460938,22111600.0,GOOGL
2025-10-15 04:00:00+00:00,246.6086665065597,251.45606092411225,245.35194025727193,250.3788604736328,27007700.0,GOOGL
2025-10-16 04:00:00+00:00,251.1169327071502,256.29345747170413,249.45126638195018,250.8077392578125,27997200.0,GOOGL
2025-10-17 04:00:00+00:00,250.10953966399788,253.56057134926166,247.16719481275433,252.64295959472656,29671600.0,GOOGL
2025-10-20 04:00:00+00:00,254.0293759063695,256.6625123260812,253.5705623788801,255.88453674316406,22350200.0,GOOGL
2025-10-21 04:00:00+00:00,254.07923005269296,254.2188662949897,243.51668810909678,249.81033325195312,47312100.0,GOOGL
2025-10-22 04:00:00+00:00,253.710180894347,255.69500926260113,248.64335615777878,251.03713989257812,35029400.0,GOOGL
2025-10-23 04:00:00+00:00,252.3237915100895,254.3784456458486,251.19673296350098,252.4235382080078,19901400.0,GOOGL
2025-10-24 04:00:00+00:00,255.91448590080523,261.00126393641233,254.65777470591715,259.245849609375,28655100.0,GOOGL
2025-10-27 04:00:00+00:00,264.13306424820985,269.43927147389144,263.5944564854066,268.5715026855469,35235200.0,GOOGL
2025-10-28 04:00:00+00:00,268.99045739081123,270.0277682724026,265.80872945123696,266.7762145996094,29738600.0,GOOGL
2025-10-29 04:00:00+00:00,267.0555012387311,274.6258103943446,266.97572213826885,273.8578186035156,43580300.0,GOOGL
2025-10-30 04:00:00+00:00,290.8336705300809,290.8336705300809,279.3335782487789,280.7499084472656,74876000.0,GOOGL
2025-10-31 04:00:00+00:00,282.47538175038454,285.25815337777135,276.3114191679317,280.46063232421875,39267900.0,GOOGL
2025-11-03 05:00:00+00:00,281.4480558536455,284.7893724933962,279.0742243823285,282.98406982421875,29786000.0,GOOGL
2025-11-04 05:00:00+00:00,276.032169962035,280.54043509536257,275.5434506570495,276.82012939453125,30078400.0,GOOGL
2025-11-05 05:00:00+00:00,278.1466184544242,285.677052345188,276.62058842555,283.572509765625,31010300.0,GOOGL
2025-11-06 05:00:00+00:00,284.5898957734926,287.60208195818814,280.41079182644177,284.01141357421875,37173600.0,GOOGL
2025-11-07 05:00:00+00:00,282.47533241266484,283.0438611130793,274.4761475995039,278.106689453125,34479600.0,GOOGL
2025-11-10 05:00:00+00:00,283.6822445549795,290.0456696400176,282.12626310035637,289.3475036621094,29557300.0,GOOGL
2025-11-11 05:00:00+00:00,287.0035887304013,291.1627853205446,286.5747114373448,290.5543518066406,19842100.0,GOOGL
2025-11-12 05:00:00+00:00,290.9233873275988,291.2525483673142,282.9541227840324,285.9662780761719,24829900.0,GOOGL
2025-11-13 05:00:00+00:00,281.60762197974475,282.1063250073575,276.5208450104115,277.847412109375,29494000.0,GOOGL
2025-11-14 05:00:00+00:00,270.7059931829425,277.8374407083971,269.99784337488455,275.6930236816406,31647200.0,GOOGL
2025-11-17 05:00:00+00:00,285.038677928695,293.1874981262189,282.8344192497114,284.2806396484375,52670200.0,GOOGL
2025-11-18 05:00:00+00:00,287.1731753233953,288.05086711584505,277.4783868942568,283.5426025390625,49158700.0,GOOGL
2025-11-19 05:00:00+00:00,286.41513772838755,303.0219431129204,285.88651371587775,292.05047607421875,68198900.0,GOOGL
2025-11-20 05:00:00+00:00,303.7500416076266,305.625169818548,287.92121274474346,288.6991882324219,62025200.0,GOOGL
2025-11-21 05:00:00+00:00,295.6511046778972,303.1316497984607,293.0877639113642,298.8826904296875,74137700.0,GOOGL
2025-11-24 05:00:00+00:00,310.3229443803346,318.651290855991,308.79691436510495,317.75360107421875,85165100.0,GOOGL
2025-11-25 05:00:00+00:00,325.3638169665917,327.9770159307299,316.82602366827604,322.60101318359375,88632100.0,GOOGL
2025-11-26 05:00:00+00:00,319.8482042131112,323.658303098724,315.9683100285969,319.1201171875,51373400.0,GOOGL
2025-11-28 05:00:00+00:00,322.5312152935296,326.0021995827445,315.9682963529555,319.3494873046875,26018600.0,GOOGL
2025-12-01 05:00:00+00:00,316.8759202886677,319.02033724928003,313.07580560094704,314.0732116699219,41183000.0,GOOGL
2025-12-02 05:00:00+00:00,315.91839456558273,317.554155160306,313.09574872951146,314.9908142089844,35854700.0,GOOGL
2025-12-03 05:00:00+00:00,315.07061440214585,320.74582687116515,313.2852490348319,318.8009033203125,41838300.0,GOOGL
2025-12-04 05:00:00+00:00,321.3942008459266,321.5238380796439,313.8837336096964,316.796142578125,31240900.0,GOOGL
2025-12-05 05:00:00+00:00,318.6612335259534,322.32172694260385,318.34208673882245,320.4366149902344,28851700.0,GOOGL
2025-12-08 05:00:00+00:00,319.42862865409404,319.81788611091974,310.61578500656543,313.1109313964844,33909400.0,GOOGL
2025-12-09 05:00:00+00:00,311.7635388280278,317.3726229056239,311.2944500995635,316.4643859863281,30194000.0,GOOGL
2025-12-10 05:00:00+00:00,315.2168165746965,320.6861883612462,314.069055340672,319.58831787109375,33428900.0,GOOGL
2025-12-11 05:00:00+00:00,319.45853583973854,320.4965251579071,308.0008443067889,311.8233947753906,42353700.0,GOOGL
2025-12-12 05:00:00+00:00,313.0909556884665,314.25866704717134,304.96674508462553,308.68951416015625,35940200.0,GOOGL
2025-12-15 05:00:00+00:00,310.7155693717638,310.81538131016634,304.288070405232,307.62158203125,29151900.0,GOOGL
2025-12-16 05:00:00+00:00,304.3579426322819,310.16661977978157,302.00250880457793,305.97479248046875,30585000.0,GOOGL
2025-12-17 05:00:00+00:00,307.4120099511304,307.4918412298865,295.54507970361715,296.1439208984375,43930400.0,GOOGL
2025-12-18 05:00:00+00:00,301.1342186567393,303.3698600006946,298.6490626821344,301.8727722167969,33518000.0,GOOGL
2025-12-19 05:00:00+00:00,301.1442091965169,306.65348128006514,300.3856749721532,306.56365966796875,59943200.0,GOOGL
2025-12-22 05:00:00+00:00,309.2783702904479,309.52788491338026,304.70724534166345,309.1785583496094,26429900.0,GOOGL
2025-12-23 05:00:00+00:00,309.02884787804055,314.328535898872,308.7194521900694,313.73968505859375,25478700.0,GOOGL
2025-12-24 05:00:00+00:00,314.15886656933606,314.4682622711062,311.3144241794057,313.4801940917969,10097400.0,GOOGL
2025-12-26 05:00:00+00:00,313.8694546536391,314.4782557314601,311.67371372407564,312.9013366699219,10899000.0,GOOGL
2025-12-29 05:00:00+00:00,310.76548227407176,313.41033130955566,310.0169383701615,312.95123291015625,19621800.0,GOOGL
2025-12-30 05:00:00+00:00,311.8932765746258,316.3346490163796,311.85334570689247,313.24066162109375,17380900.0,GOOGL
2025-12-31 05:00:00+00:00,312.2426007868329,313.9692224596297,310.83533467851674,312.3923034667969,16377700.0,GOOGL
2026-01-02 05:00:00+00:00,316.28474944088583,321.8738834308866,309.72749743587605,314.53814697265625,32009400.0,GOOGL
2026-01-05 05:00:00+00:00,317.0432968268774,318.4006418955826,314.01918050346546,315.92547607421875,30195600.0,GOOGL
2026-01-06 05:00:00+00:00,315.7857038876524,320.3168980142969,311.17467848252585,313.7297058105469,31212100.0,GOOGL
2026-01-07 05:00:00+00:00,313.74965751082357,325.51677583182123,313.58000462136766,321.3548889160156,35104400.0,GOOGL
2026-01-08 05:00:00+00:00,328.3313118537803,329.67869694461876,320.8758135066914,324.80816650390625,31896100.0,GOOGL
2026-01-09 05:00:00+00:00,326.45496079982934,330.1876899539591,325.16745676828174,327.9320983886719,26214200.0,GOOGL
2026-01-12 05:00:00+00:00,325.16743586064183,333.3914583276215,324.3690012716118,331.2156677246094,33923900.0,GOOGL
2026-01-13 05:00:00+00:00,334.29970979162056,339.828932001794,332.9722749179122,335.3177185058594,33517600.0,GOOGL
2026-01-14 05:00:00+00:00,334.40947336413166,335.8666302231012,329.83837890700147,335.1879577636719,28525600.0,GOOGL
2026-01-15 05:00:00+00:00,336.9944202593897,337.03435112462023,330.0978329050398,332.1338806152344,28442400.0,GOOGL
2026-01-16 05:00:00+00:00,333.7607557246461,334.00028002450074,327.0637915356931,329.35931396484375,40341600.0,GOOGL
2026-01-20 05:00:00+00:00,320.2470363972373,327.0937337673917,319.80788820634325,321.3748474121094,35361000.0,GOOGL
2026-01-21 05:00:00+00:00,320.2969541162656,331.83450818795274,318.729994927537,327.7424621582031,35386600.0,GOOGL
2026-01-22 05:00:00+00:00,333.8006975362521,334.49932025317224,328.1117515615861,329.8982849121094,26253600.0,GOOGL
2026-01-23 05:00:00+00:00,331.8444485977197,333.0421309365838,326.8142558744754,327.2933044433594,27280000.0,GOOGL
2026-01-26 05:00:00+00:00,327.1735452193246,335.1879535299186,326.3651202937951,332.61297607421875,26042100.0,GOOGL
2026-01-27 05:00:00+00:00,334.71886692218493,337.2539439848537,332.8325522369338,333.90045166015625,21636200.0,GOOGL
2026-01-28 05:00:00+00:00,335.40755676022206,336.88469439192147,331.2955603721992,335.357666015625,27434400.0,GOOGL
2026-01-29 05:00:00+00:00,339.63926930341205,341.62542627766146,325.90600610893915,337.59326171875,39785600.0,GOOGL
2026-01-30 05:00:00+00:00,339.33989756206086,339.33989756206086,331.64487488391205,337.3437805175781,31024000.0,GOOGL
2026-02-02 05:00:00+00:00,335.56723722383623,344.160506471566,334.9783863513143,343.0227355957031,32006100.0,GOOGL
2026-02-03 05:00:00+00:00,346.66563680855586,348.322417578686,336.81480425638233,339.0504455566406,36506700.0,GOOGL
2026-02-04 05:00:00+00:00,342.2941250868659,342.6434516437907,327.8821583120744,332.3934020996094,70618400.0,GOOGL
2026-02-05 05:00:00+00:00,311.61382084171163,332.04407921106184,305.8649942318392,330.60687255859375,88205800.0,GOOGL
2026-02-06 05:00:00+00:00,326.54477434837446,329.7385737476322,319.2988903139048,322.233154296875,56380500.0,GOOGL
2026-02-09 05:00:00+00:00,320.30690521957837,327.0637807183464,316.6440476026885,323.6903381347656,39640100.0,GOOGL
2026-02-10 05:00:00+00:00,320.3468306795893,321.0454837970353,313.9991629255859,317.9614562988281,39170000.0,GOOGL
2026-02-11 05:00:00+00:00,318.3507205277581,320.43665913490463,309.0587983421378,310.35626220703125,45406400.0,GOOGL
2026-02-12 05:00:00+00:00,311.4840518259579,315.6259882196205,306.603561940612,308.4000549316406,47761300.0,GOOGL
2026-02-13 05:00:00+00:00,307.1325415821482,308.03078810659247,303.1203270701956,305.1264343261719,38499700.0,GOOGL
2026-02-17 05:00:00+00:00,299.45745756709624,303.84890853372514,295.674807618098,301.43359375,39247600.0,GOOGL
2026-02-18 05:00:00+00:00,301.5035060024616,304.7871271852118,300.66514046909924,302.7410888671875,28482100.0,GOOGL
2026-02-19 05:00:00+00:00,301.23402488534225,304.87693233204385,299.4574819671566,302.26202392578125,25834400.0,GOOGL
2026-02-20 05:00:00+00:00,303.72916224594877,315.885507154404,303.30996428502766,314.36846923828125,53210800.0,GOOGL
2026-02-23 05:00:00+00:00,318.43054299285177,318.8996316925602,309.2683735389658,310.8852233886719,31423000.0,GOOGL
2026-02-24 05:00:00+00:00,309.91711960911005,311.6637220131571,305.33603467292323,310.29638671875,25615600.0,GOOGL
2026-02-25 05:00:00+00:00,311.45411503231185,313.03106442763067,308.83920678711326,312.29248046875,29963600.0,GOOGL
2026-02-26 05:00:00+00:00,312.0330312197015,312.5320604811519,301.7630004907203,306.7832336425781,36431200.0,GOOGL
2026-02-27 05:00:00+00:00,303.5495233120643,311.7635251790807,303.21015662264614,311.15472412109375,44640600.0,GOOGL
2026-03-02 05:00:00+00:00,302.6413055358027,307.89107280501906,300.7150293830805,305.9248962402344,34790200.0,GOOGL
2026-03-03 05:00:00+00:00,298.01026816236094,303.34988694776314,296.1339134078651,302.9905700683594,35497000.0,GOOGL
2026-03-04 05:00:00+00:00,302.30197959238774,304.8769573413998,300.1661195993462,302.54150390625,29536200.0,GOOGL
2026-03-05 05:00:00+00:00,302.4516473530844,302.711121843687,297.4114338033223,300.29583740234375,35752300.0,GOOGL
2026-03-06 05:00:00+00:00,295.5151547022239,299.94653713519574,294.60691775969326,297.9404296875,25576900.0,GOOGL
2026-03-09 04:00:00+00:00,293.99527562141907,306.4198649966507,293.71562375842984,305.98040771484375,29312100.0,GOOGL
2026-03-10 04:00:00+00:00,305.79068968096857,309.1265479913924,305.1914269440574,306.65960693359375,23239700.0,GOOGL
2026-03-11 04:00:00+00:00,306.3699695674413,311.0341973481569,305.54101125974313,308.31756591796875,24125700.0,GOOGL
2026-03-12 04:00:00+00:00,306.43985713507476,308.5572255769297,300.65702241451555,303.17388916015625,24928300.0,GOOGL
2026-03-13 04:00:00+00:00,306.6296377698095,307.3087879643589,300.0677703977713,301.9054870605469,23693100.0,GOOGL
2026-03-16 04:00:00+00:00,303.97293465389924,306.11026747244654,302.64456537566065,305.1814270019531,23519700.0,GOOGL
2026-03-17 04:00:00+00:00,305.48103123176395,311.03417054952814,305.1214918945171,310.5347900390625,21955200.0,GOOGL
2026-03-18 04:00:00+00:00,308.88680583632095,312.08285325242963,306.5497087361953,307.30877685546875,20009800.0,GOOGL
2026-03-19 04:00:00+00:00,303.63335165234247,307.67832164750223,301.9754046785898,306.7494812011719,25075800.0,GOOGL
2026-03-20 04:00:00+00:00,305.0815409313132,305.62088043111504,297.9004465638477,300.6270751953125,44364100.0,GOOGL
2026-03-23 04:00:00+00:00,301.7357168812967,305.60094814101865,300.5571860375472,301.685791015625,29326900.0,GOOGL
2026-03-24 04:00:00+00:00,298.82932646685043,299.5484356615691,289.97029010977093,290.0801696777344,36864300.0,GOOGL
2026-03-25 04:00:00+00:00,293.07644958925243,295.6332754793409,288.8816409209488,290.5695495605469,29460700.0,GOOGL
2026-03-26 04:00:00+00:00,287.55329025783345,287.5932492331535,278.15494535852446,280.57196044921875,39080600.0,GOOGL
2026-03-27 04:00:00+00:00,276.9364822022131,279.02388928595167,273.6106210828978,274.0001220703125,35890600.0,GOOGL
2026-03-30 04:00:00+00:00,276.07755917965534,276.74671205405957,271.772870758184,273.1611633300781,35141200.0,GOOGL
2026-03-31 04:00:00+00:00,277.6955407888773,287.72308014338427,276.74670556560056,287.2037353515625,43875400.0,GOOGL
2026-04-01 04:00:00+00:00,290.47967248402244,300.14767254424095,290.05021252939383,297.0215759277344,37684500.0,GOOGL
2026-04-02 04:00:00+00:00,290.3298713924274,297.71070019384774,289.0914173614996,295.403564453125,21666500.0,GOOGL
2026-04-06 04:00:00+00:00,295.50342601468935,300.2475409865838,294.8142784540748,299.6183166503906,16945500.0,GOOGL
2026-04-07 04:00:00+00:00,302.3549447988444,305.2513457589993,297.3511421656273,305.08154296875,23205400.0,GOOGL
2026-04-08 04:00:00+00:00,320.0530070056894,321.68096199730417,314.6297110626625,316.9268798828125,33547100.0,GOOGL
2026-04-09 04:00:00+00:00,315.51860784412145,319.1441153425082,310.6746106421415,318.09539794921875,23739200.0,GOOGL
2026-04-10 04:00:00+00:00,319.62350892085055,321.4312640320202,315.9281112234418,316.8469543457031,19152600.0,GOOGL
2026-04-13 04:00:00+00:00,316.74710955552524,321.2315371363443,315.0791651091577,320.91192626953125,18866400.0,GOOGL
2026-04-14 04:00:00+00:00,324.38762340838895,332.8770926852431,323.3489033390031,332.49755859375,27721400.0,GOOGL
2026-04-15 04:00:00+00:00,332.4775916674409,337.0619013824557,330.49003638532656,336.70233154296875,24918800.0,GOOGL
2026-04-16 04:00:00+00:00,338.33029678032364,339.458901613874,334.105526677332,335.6036682128906,20541500.0,GOOGL
2026-04-17 04:00:00+00:00,337.2316773591919,341.89590508018404,335.8234205588037,341.2566833496094,25581900.0,GOOGL
2026-04-20 04:00:00+00:00,340.3378420577138,340.97703331198585,336.1929591105031,337.0019836425781,18784200.0,GOOGL
2026-04-21 04:00:00+00:00,337.2716301294484,338.9195798085849,330.9394885663705,331.8783264160156,23123800.0,GOOGL
2026-04-22 04:00:00+00:00,336.60245884112476,339.3990082413208,334.7547751685775,338.8996276855469,20293000.0,GOOGL
2026-04-23 04:00:00+00:00,340.7572947145818,341.53632713037314,335.7634893621326,338.47015380859375,18650300.0,GOOGL
2026-04-24 04:00:00+00:00,338.3103390739037,344.8422143498026,334.97448084779876,343.9732971191406,26426100.0,GOOGL
2026-04-27 04:00:00+00:00,345.55136124882,352.74242256668157,342.3053878156813,349.90594482421875,28576900.0,GOOGL
2026-04-28 04:00:00+00:00,348.11816206941427,351.9833930501032,345.69117996136276,349.3466491699219,27824100.0,GOOGL
2026-04-29 04:00:00+00:00,347.1394107424554,355.3492283904879,343.78355752060145,349.5064697265625,35376300.0,GOOGL
2026-04-30 04:00:00+00:00,373.6065555628184,385.3619622201579,365.3667768501622,384.3232421875,72040000.0,GOOGL
2026-05-01 04:00:00+00:00,381.1572209075714,386.2808704617397,378.5804000830116,385.2121887207031,30105200.0,GOOGL
2026-05-04 04:00:00+00:00,385.15223320621686,386.90006506467324,379.31947226185457,382.7751770019531,26298600.0,GOOGL
2026-05-05 04:00:00+00:00,385.7515048868787,392.33333678038815,383.5442209432822,387.9487609863281,23878600.0,GOOGL
2026-05-06 04:00:00+00:00,393.7615619135972,399.3546301445318,392.2734176347804,397.546875,31308500.0,GOOGL
2026-05-07 04:00:00+00:00,399.42454979908837,399.6043194807176,392.1934987581594,397.4969177246094,24433500.0,GOOGL
2026-05-08 04:00:00+00:00,396.5081562950806,401.5019617899809,395.86893456144384,400.3034362792969,21461800.0,GOOGL
2026-05-11 04:00:00+00:00,393.16228042470647,396.94759333072534,387.9887055115338,388.15850830078125,30753700.0,GOOGL
2026-05-12 04:00:00+00:00,386.8601198229993,388.0386506028281,382.2957742925754,386.8701171875,26017500.0,GOOGL
2026-05-13 04:00:00+00:00,385.1222825184223,403.1998643489371,384.5230197682841,402.1211853027344,28144600.0,GOOGL
2026-05-14 04:00:00+00:00,396.7878070287349,402.43080112559403,395.349588612008,400.5731201171875,21136700.0,GOOGL
2026-05-15 04:00:00+00:00,395.82900006662373,399.0450119758119,392.69287563304505,396.2884216308594,20309700.0,GOOGL
2026-05-18 04:00:00+00:00,395.1997907850553,408.10376741205215,394.04122422601415,396.4482421875,26837200.0,GOOGL
2026-05-19 04:00:00+00:00,396.4681837278221,396.65795076850566,385.63162007935824,387.1797180175781,39545700.0,GOOGL
2026-05-20 04:00:00+00:00,387.2196997137571,393.37204141137994,382.42562803382646,388.4281921386719,31744400.0,GOOGL
2026-05-21 04:00:00+00:00,385.22215486500835,392.01371791338363,382.5454520468608,387.1797180175781,24852800.0,GOOGL
2026-05-22 04:00:00+00:00,386.87012298265273,388.258385079403,381.29701890681014,382.49554443359375,20442100.0,GOOGL
2026-05-26 04:00:00+00:00,384.0336125447445,388.7777274266938,382.12597532411496,388.398193359375,27747400.0,GOOGL
2026-05-27 04:00:00+00:00,386.1909390913781,393.39199754996946,385.421873594791,388.3482360839844,23087300.0,GOOGL
2026-05-28 04:00:00+00:00,387.5193014898567,391.38450201712897,384.68282366229704,389.64666748046875,24357500.0,GOOGL
2026-05-29 04:00:00+00:00,384.7626974671623,384.7626974671623,377.9910987617443,379.8687744140625,44415800.0,GOOGL
2026-06-01 04:00:00+00:00,376.05352511273605,378.09100632744554,373.05724175924524,375.9037170410156,28672100.0,GOOGL
2026-06-02 04:00:00+00:00,366.13582064636165,373.07722234401785,357.99592394061045,361.4017028808594,50412300.0,GOOGL
2026-06-03 04:00:00+00:00,361.5814692403301,365.9960065843375,357.6363508187865,358.54522705078125,55441600.0,GOOGL
2026-06-04 04:00:00+00:00,358.4553682250688,372.7875967270043,357.76622059782807,371.7289123535156,44055500.0,GOOGL
2026-06-05 04:00:00+00:00,365.88613605551615,371.6190149899659,363.6688852043904,368.07342529296875,37471200.0,GOOGL
2026-06-08 04:00:00+00:00,364.9454235864071,365.9647879200631,360.2984165590168,363.0766296386719,27942500.0,GOOGL
2026-06-09 04:00:00+00:00,366.85420025674074,371.84098522768176,357.0704802123837,364.0260314941406,29535100.0,GOOGL
2026-06-10 04:00:00+00:00,362.95671584537644,368.3232616719084,354.97185779418805,356.1510925292969,32357100.0,GOOGL
2026-06-11 04:00:00+00:00,355.70134679025995,358.5694982511428,346.13748714351743,357.5401611328125,35538200.0,GOOGL
2026-06-12 04:00:00+00:00,362.3870579560934,366.33453278338226,354.7119986974298,359.4489440917969,24704600.0,GOOGL
2026-06-15 04:00:00+00:00,367.69366113705985,372.7504085202595,366.3145426692825,369.1127624511719,27727500.0,GOOGL
2026-06-16 04:00:00+00:00,369.3626044753487,375.7584875251172,366.8242274297617,373.01025390625,24876100.0,GOOGL
2026-06-17 04:00:00+00:00,368.8929017493238,372.0908279957741,361.78745285393074,363.55633544921875,24543600.0,GOOGL
2026-06-18 04:00:00+00:00,365.51504497617543,369.2426598317581,358.4396065335441,367.7935791015625,44470100.0,GOOGL
2026-06-22 04:00:00+00:00,357.72009076397745,358.68946892539066,341.50050477393233,349.45538330078125,52814800.0,GOOGL
2026-06-23 04:00:00+00:00,340.47114598010614,349.0656275102868,339.98147051143604,345.90765380859375,34007700.0,GOOGL
2026-06-24 04:00:00+00:00,348.8157979233392,353.25294826847323,341.7103492701006,345.0682067871094,44997300.0,GOOGL
2026-06-25 04:00:00+00:00,336.51370015420923,345.34801779729577,335.6242572392167,343.48919677734375,44491400.0,GOOGL
2026-06-26 04:00:00+00:00,342.32993723999033,346.1374872957393,329.98789515004995,337.17327880859375,114706300.0,GOOGL
2026-06-29 04:00:00+00:00,341.6104064955248,354.122383587675,340.4511784786947,353.4228210449219,34213900.0,GOOGL
2026-06-30 04:00:00+00:00,353.64269008629407,358.3896389689017,350.1749177879227,357.14044189453125,35237200.0,GOOGL
2026-07-01 04:00:00+00:00,358.1397942573561,362.7368455226467,356.20103798676814,360.97796630859375,26736400.0,GOOGL
2026-07-02 04:00:00+00:00,359.2490860357571,363.97602803095486,353.19298133516355,359.6788024902344,25974800.0,GOOGL
2026-07-06 04:00:00+00:00,361.31772936423556,367.693635754559,357.15042523629825,366.2245788574219,26915800.0,GOOGL
2026-07-07 04:00:00+00:00,368.8329180211536,372.9202869594668,365.26520405735874,366.7942199707031,24045600.0,GOOGL
2026-07-08 04:00:00+00:00,364.525702555654,367.6037106679975,357.79001132287857,361.6875305175781,22094800.0,GOOGL
2026-07-09 04:00:00+00:00,354.08240970637695,359.41897594546776,350.8544734886641,358.65948486328125,24729100.0,GOOGL
2026-07-10 04:00:00+00:00,357.30034280387986,357.5901650645865,352.52341441108456,356.9505615234375,18146100.0,GOOGL
2026-07-13 04:00:00+00:00,355.96119810970276,357.8999543595846,351.52404777471276,352.2835693359375,15901700.0,GOOGL
2026-07-14 04:00:00+00:00,350.97442351070157,359.92865963343,350.86447830880365,359.2790832519531,18259400.0,GOOGL
2026-07-15 04:00:00+00:00,357.74006858863044,373.40998963278184,357.5302120160503,370.6817626953125,28284600.0,GOOGL
2026-07-16 04:00:00+00:00,372.8203579699616,375.02892981037553,352.07368364698067,354.2322998046875,41158500.0,GOOGL
2026-07-17 04:00:00+00:00,345.77774679993126,348.2961170979314,341.1407126662452,346.5472412109375,29959300.0,GOOGL
2026-07-20 04:00:00+00:00,350.6546131580819,359.4489481797366,350.2948285491913,351.7638854980469,24736600.0,GOOGL
2026-07-21 04:00:00+00:00,351.09433677099497,351.09433677099497,346.77710440528256,346.927001953125,23369800.0,GOOGL
2026-07-22 04:00:00+00:00,347.93634723653764,349.7152025525983,341.51048515922605,341.8702392578125,39334100.0,GOOGL
2026-07-23 04:00:00+00:00,320.92372412122546,324.2815511558238,314.69771503877246,317.4859313964844,69419700.0,GOOGL
2026-07-24 04:00:00+00:00,318.2154780071113,323.97175736278774,317.11617848672984,319.53460693359375,31806600.0,GOOGL
2026-07-27 04:00:00+00:00,324.83120713377,330.2077559724587,324.2415898017393,326.3502197265625,28471600.0,GOOGL
2026-07-28 04:00:00+00:00,327.68937042492354,335.66425552638333,324.2316014627561,333.4956359863281,29511900.0,GOOGL
2026-07-29 04:00:00+00:00,334.455045685483,342.2800028423013,331.40698648547414,336.49371337890625,27501600.0,GOOGL
2026-07-30 04:00:00+00:00,333.98534038388266,336.29385412629074,330.12780397797883,333.4456787109375,30168000.0,GOOGL
2026-07-31 04:00:00+00:00,340.611054758666,358.3496530632621,339.78160132747564,355.9012451171875,46498000.0,GOOGL
2026-08-03 04:00:00+00:00,365.2152604560987,376.4480305309448,363.1166033198653,373.27008056640625,38669700.0,GOOGL
2026-08-04 04:00:00+00:00,367.9834743668337,380.2755612380555,367.263935640354,377.40740966796875,35705700.0,GOOGL
2026-08-05 04:00:00+00:00,383.0937455186354,384.2330278418686,356.54080629618977,362.1971740722656,46926300.0,GOOGL
2026-08-06 04:00:00+00:00,360.5382517887205,363.8961093831237,356.65076635274994,357.52020263671875,25235900.0,GOOGL
2026-08-07 04:00:00+00:00,356.49084652154687,358.6694387836589,353.5527327193329,354.0723876953125,19859900.0,GOOGL
2026-08-10 04:00:00+00:00,354.951850943437,357.38028276908574,352.4834362714388,357.29034423828125,18991400.0,GOOGL
2026-08-11 04:00:00+00:00,355.6613923515014,356.5807842683805,343.1694223006263,343.5791320800781,29081800.0,GOOGL
2026-08-12 04:00:00+00:00,346.0875456512855,346.25744987105145,340.66104092628797,343.3193359375,25012000.0,GOOGL
2026-08-13 04:00:00+00:00,345.5478948342235,347.7065110877775,343.5392066313974,346.13751220703125,17866100.0,GOOGL
2026-08-14 04:00:00+00:00,346.5772111705174,350.22489088982945,344.27870083870846,345.67779541015625,17808600.0,GOOGL
2026-08-17 04:00:00+00:00,346.04755304110785,347.0269344906474,341.7103446182459,343.7790222167969,18291300.0,GOOGL
2026-08-18 04:00:00+00:00,342.19005363605754,344.6484648943574,339.97147845233087,343.9789123535156,19248800.0,GOOGL
2026-08-19 04:00:00+00:00,342.2400076559886,346.5072842825429,340.44117610948047,344.4985656738281,19733800.0,GOOGL
2026-08-20 04:00:00+00:00,342.83962071417653,343.6790774504127,338.3525147854226,340.451171875,18570400.0,GOOGL
2026-08-21 04:00:00+00:00,342.359928876986,345.97762917305914,340.1813365286692,344.5985107421875,20849800.0,GOOGL
2026-08-24 04:00:00+00:00,343.39927531721605,351.3741604480826,342.2699962782288,347.83642578125,26338200.0,GOOGL
2026-08-25 04:00:00+00:00,349.41542326154587,349.9350782600912,345.37800981753963,346.73712158203125,20649700.0,GOOGL
2026-08-26 04:00:00+00:00,346.3973312516375,346.65717399060424,339.96146577825954,341.7803039550781,20420300.0,GOOGL
2026-08-27 04:00:00+00:00,339.45183186724313,341.4705233735174,338.3025461528343,340.4311828613281,23391400.0,GOOGL
2026-08-28 04:00:00+00:00,340.49114263603377,348.91575095848634,340.0514228221321,346.36737060546875,25347200.0,GOOGL
2026-08-31 04:00:00+00:00,343.60912172254496,344.3686432833908,336.94342338566804,339.13201904296875,33493600.0,GOOGL
2026-09-01 04:00:00+00:00,335.7841605001305,336.9834018439635,332.8360433203593,334.8047790527344,23342700.0,GOOGL
2026-09-02 04:00:00+00:00,333.84541044728496,339.78159726283246,332.6062167342666,336.9034423828125,22582300.0,GOOGL
2026-09-03 04:00:00+00:00,340.34122971001256,344.4585782378343,339.841550898423,342.260009765625,20726900.0,GOOGL
2026-09-04 04:00:00+00:00,342.4700012207031,343.5299987792969,337.0899963378906,338.4599914550781,23157700.0,GOOGL
