datetime,open,high,low,close,volume,symbol
2021-09-07 04:00:00+00:00,151.6282058814611,152.21957993269015,149.29746438079428,149.86276245117188,6859900.0,JNJ
2021-09-08 04:00:00+00:00,149.2540194848078,150.4367811872432,148.78439956438362,149.49752807617188,4661700.0,JNJ
2021-09-09 04:00:00+00:00,148.88004516959663,149.1322457240835,145.84486689952067,146.16665649414062,7114600.0,JNJ
2021-09-10 04:00:00+00:00,146.58411371923904,147.05373362922987,145.12304893329147,145.21002197265625,6699300.0,JNJ
2021-09-13 04:00:00+00:00,146.03620113374285,146.21013392839572,143.6098074633144,144.19248962402344,6273500.0,JNJ
2021-09-14 04:00:00+00:00,144.71429059371354,144.8360448791682,143.0706011049647,143.32281494140625,5259600.0,JNJ
2021-09-15 04:00:00+00:00,143.49675190354364,144.3316479353348,142.896672454166,143.8620147705078,7935300.0,JNJ
2021-09-16 04:00:00+00:00,144.0620346909581,144.7664844277377,142.79231330611213,143.68807983398438,5665400.0,JNJ
2021-09-17 04:00:00+00:00,142.88796006576814,143.41846366426503,142.24439418998196,143.27931213378906,13419800.0,JNJ
2021-09-20 04:00:00+00:00,142.17484266435036,143.64459943881073,141.0355675135597,142.4618377685547,7270800.0,JNJ
2021-09-21 04:00:00+00:00,143.15757320922023,144.34902679987596,142.83579687194165,143.08799743652344,6663600.0,JNJ
2021-09-22 04:00:00+00:00,143.80113067291987,144.32292903203856,142.3052848237152,142.56617736816406,5657100.0,JNJ
2021-09-23 04:00:00+00:00,142.9749578198974,144.1664248697162,142.75753847207505,143.37501525878906,4697900.0,JNJ
2021-09-24 04:00:00+00:00,143.2793439249902,144.0620482347005,142.53142087050605,142.94017028808594,4399300.0,JNJ
2021-09-27 04:00:00+00:00,142.62707666865947,142.940161026302,141.6269530854743,141.90524291992188,5775500.0,JNJ
2021-09-28 04:00:00+00:00,141.84434636944218,142.5487827272597,140.68767418466996,141.59213256835938,7610400.0,JNJ
2021-09-29 04:00:00+00:00,141.7573956795915,143.20106313946394,141.56606561766998,142.64447021484375,5124100.0,JNJ
2021-09-30 04:00:00+00:00,143.18366699047596,143.84461694665185,140.37461308895067,140.452880859375,6972300.0,JNJ
2021-10-01 04:00:00+00:00,140.47895407790418,140.80073038861568,137.94819029467317,139.55709838867188,8568300.0,JNJ
2021-10-04 04:00:00+00:00,139.13967169541667,140.01804096393533,137.1220140521925,138.4700164794922,8620700.0,JNJ
2021-10-05 04:00:00+00:00,139.0266201659577,140.11371684144834,138.40914341538084,138.78311157226562,5129000.0,JNJ
2021-10-06 04:00:00+00:00,139.03531960893793,139.10489539232265,137.26987557500019,139.0701141357422,7312600.0,JNJ
2021-10-07 04:00:00+00:00,139.16575366331452,141.4182144977366,139.16575366331452,140.313720703125,5309200.0,JNJ
2021-10-08 04:00:00+00:00,140.29635548262462,140.5485560734484,139.36579435497788,139.95716857910156,4343200.0,JNJ
2021-10-11 04:00:00+00:00,139.89630267825618,140.75728805435534,139.0962010879424,139.3657989501953,4101600.0,JNJ
2021-10-12 04:00:00+00:00,139.14837205395742,139.30490760281114,136.8350271837069,137.13941955566406,6686400.0,JNJ
2021-10-13 04:00:00+00:00,137.25247582744746,139.21794171912254,137.1915920476404,138.45262145996094,6901100.0,JNJ
2021-10-14 04:00:00+00:00,138.89616819961776,140.13980037587442,138.8005031652732,139.24403381347656,4579200.0,JNJ
2021-10-15 04:00:00+00:00,140.04411411168218,140.72246124502928,139.50491851087307,140.2789306640625,6918400.0,JNJ
2021-10-18 04:00:00+00:00,139.36577835264538,139.9223712580031,138.45261459239026,139.25271606445312,7465500.0,JNJ
2021-10-19 04:00:00+00:00,139.9310500764665,143.62717801546188,139.78320655133314,142.5139923095703,10081300.0,JNJ
2021-10-20 04:00:00+00:00,142.6096627654795,143.27931792150287,141.98349412326408,142.43572998046875,6003200.0,JNJ
2021-10-21 04:00:00+00:00,142.8879572590515,142.9662250170742,141.13120571440558,142.10523986816406,4524100.0,JNJ
2021-10-22 04:00:00+00:00,141.80960040637527,142.67927784124348,141.72264062502316,142.3835906982422,4304300.0,JNJ
2021-10-25 04:00:00+00:00,142.38354045896796,142.8966467796395,140.6354942089525,142.69662475585938,6715400.0,JNJ
2021-10-26 04:00:00+00:00,143.114053741148,144.39248007087832,142.6705232213264,144.1489715576172,6939100.0,JNJ
2021-10-27 04:00:00+00:00,144.08813332825773,144.15770910692203,142.02700230744165,142.40097045898438,7018800.0,JNJ
2021-10-28 04:00:00+00:00,142.42703930082448,143.6706713318437,141.1660100100773,141.62693786621094,6278800.0,JNJ
2021-10-29 04:00:00+00:00,141.19208731958,141.9747914282481,139.6788443365725,141.65301513671875,8526800.0,JNJ
2021-11-01 04:00:00+00:00,141.89654982201833,142.60967829930655,138.6265547186584,141.77479553222656,5846400.0,JNJ
2021-11-02 04:00:00+00:00,142.36616765428099,145.21870806249404,141.73999895294426,144.00985717773438,8450600.0,JNJ
2021-11-03 04:00:00+00:00,143.53150716074865,144.1663810178381,142.1313264558643,143.5489044189453,6717800.0,JNJ
2021-11-04 04:00:00+00:00,143.44458237398783,143.48806889496913,141.47041109939966,143.14889526367188,8224400.0,JNJ
2021-11-05 04:00:00+00:00,141.3051569166417,143.14888172412273,141.061648346446,142.13134765625,6215900.0,JNJ
2021-11-08 05:00:00+00:00,142.348723348013,142.77486985037498,140.89636436719508,141.644287109375,5578800.0,JNJ
2021-11-09 05:00:00+00:00,141.41827189426468,142.27055220748124,140.9051653066301,141.331298828125,6112800.0,JNJ
2021-11-10 05:00:00+00:00,141.34863433526084,143.357586545175,141.19209880887732,142.86187744140625,6225100.0,JNJ
2021-11-11 05:00:00+00:00,142.18356902870556,142.46185890817813,141.3138915912389,141.80960083007812,4118800.0,JNJ
2021-11-12 05:00:00+00:00,145.61004939177923,145.775290185472,143.15756655182125,143.50543212890625,18995200.0,JNJ
2021-11-15 05:00:00+00:00,143.49674383683322,143.89680120400305,141.9487194194839,142.20962524414062,7496200.0,JNJ
2021-11-16 05:00:00+00:00,141.91391326683728,142.93144722661896,141.426896178181,141.4703826904297,7594700.0,JNJ
2021-11-17 05:00:00+00:00,141.64431419085307,142.5052993528131,140.70506126968402,142.00088500976562,5414500.0,JNJ
2021-11-18 05:00:00+00:00,142.14875957060423,143.03583417931745,141.00079237423108,141.235595703125,6358700.0,JNJ
2021-11-19 05:00:00+00:00,141.79217418577463,141.92263373649766,140.69638561889914,141.66172790527344,7620700.0,JNJ
2021-11-22 05:00:00+00:00,140.9614134384002,142.3707655056687,139.75339356441538,139.7971649169922,7634500.0,JNJ
2021-11-23 05:00:00+00:00,139.63961746635783,140.93516681258535,138.99183611467268,140.66380310058594,7734000.0,JNJ
2021-11-24 05:00:00+00:00,140.1823242427055,140.6024998201343,139.51704513201483,140.26986694335938,5230900.0,JNJ
2021-11-26 05:00:00+00:00,140.58501293055812,141.07522003531525,138.886785919691,139.35948181152344,8523100.0,JNJ
2021-11-29 05:00:00+00:00,139.62209896750292,140.42744113298508,138.67669381050857,139.8409423828125,9188500.0,JNJ
2021-11-30 05:00:00+00:00,138.75547493764344,139.18441284239557,136.42699113837477,136.49700927734375,14981700.0,JNJ
2021-12-01 05:00:00+00:00,137.3286283433069,140.1298214713485,136.77713864600062,138.3790740966797,9835800.0,JNJ
2021-12-02 05:00:00+00:00,137.6612630978497,139.43827063826998,137.2148273199256,137.512451171875,11334700.0,JNJ
2021-12-03 05:00:00+00:00,138.23024384900697,139.77089652591664,137.95011789476484,139.5170440673828,8750500.0,JNJ
2021-12-06 05:00:00+00:00,140.22608466458365,143.14108005492017,139.91094966678673,142.63336181640625,9692000.0,JNJ
2021-12-07 05:00:00+00:00,143.56130682710315,143.79766149907505,142.16946565565263,143.00106811523438,8311300.0,JNJ
2021-12-08 05:00:00+00:00,143.0973463567587,144.06026281368588,142.37078454964876,143.85891723632812,6216400.0,JNJ
2021-12-09 05:00:00+00:00,143.71884351547854,145.29451880152772,143.1148468998734,145.2244873046875,8574200.0,JNJ
2021-12-10 05:00:00+00:00,144.93563208584092,145.91604637020316,144.13027651552298,144.8656005859375,6572200.0,JNJ
2021-12-13 05:00:00+00:00,144.21780064819734,148.11321049807097,143.38619839934765,147.45668029785156,11142300.0,JNJ
2021-12-14 05:00:00+00:00,147.35164274218113,149.66262855975083,146.32745721182945,149.06736755371094,10482400.0,JNJ
2021-12-15 05:00:00+00:00,148.682221003025,149.9515101344064,148.30580338475377,149.8114471435547,8552200.0,JNJ
2021-12-16 05:00:00+00:00,149.91647573896412,151.88606631021224,149.54882043518805,151.44837951660156,8998600.0,JNJ
2021-12-17 05:00:00+00:00,148.49837912068594,149.49630450485506,146.76514310757983,147.26409912109375,16726200.0,JNJ
2021-12-20 05:00:00+00:00,146.8964686527593,147.50922761384908,145.79350252279764,146.8439483642578,7954500.0,JNJ
2021-12-21 05:00:00+00:00,147.11529065300908,147.1503130783351,145.29451189316342,146.37123107910156,7954200.0,JNJ
2021-12-22 05:00:00+00:00,146.23995489509352,147.21162041385065,145.41710132965926,147.00152587890625,4178200.0,JNJ
2021-12-23 05:00:00+00:00,146.95773223560596,147.89437509283843,146.50253419884734,147.2816162109375,3501500.0,JNJ
2021-12-27 05:00:00+00:00,148.06071119780495,148.68223241921763,147.6755446219597,148.524658203125,3704800.0,JNJ
2021-12-28 05:00:00+00:00,148.6296831105,149.37375604060853,148.45461105551612,149.11990356445312,3187000.0,JNJ
2021-12-29 05:00:00+00:00,148.8135022002275,150.555500358083,148.73472178712927,150.1703338623047,3662000.0,JNJ
2021-12-30 05:00:00+00:00,150.6693244346245,151.33461702815774,150.34544042386332,150.8356475830078,4231800.0,JNJ
2021-12-31 05:00:00+00:00,151.0282058199774,151.15950651684324,149.71514542275474,149.7501678466797,4409500.0,JNJ
2022-01-03 05:00:00+00:00,148.99735537182957,150.2141242153573,148.0256900825994,150.16159057617188,6012200.0,JNJ
2022-01-04 05:00:00+00:00,149.7414304355194,150.81813640009295,149.33876599348395,149.75894165039062,6748400.0,JNJ
2022-01-05 05:00:00+00:00,150.5642679245584,151.85106825969427,150.2316216629978,150.75685119628906,7016100.0,JNJ
2022-01-06 05:00:00+00:00,150.69555634824027,151.0019424438813,149.51381003035524,150.24037170410156,7301600.0,JNJ
2022-01-07 05:00:00+00:00,150.09158348508225,152.57764163715723,149.80270855543972,152.27125549316406,6986000.0,JNJ
2022-01-10 05:00:00+00:00,152.04366218728907,152.04366218728907,150.70434147638716,151.5184326171875,7698400.0,JNJ
2022-01-11 05:00:00+00:00,151.43091581396786,151.7810599849675,148.9098350399099,149.9077606201172,8341100.0,JNJ
2022-01-12 05:00:00+00:00,148.4721388470944,148.88356556867583,147.36041047023764,148.62969970703125,8116200.0,JNJ
2022-01-13 05:00:00+00:00,147.93816763420497,149.18119678898424,147.46547167393715,147.7280731201172,6159400.0,JNJ
2022-01-14 05:00:00+00:00,147.61426691583432,147.63176477217132,146.31870426121642,146.92271423339844,5847700.0,JNJ
2022-01-18 05:00:00+00:00,146.27493286132812,146.81766021517856,145.32076549269487,146.27493286132812,7815600.0,JNJ
2022-01-19 05:00:00+00:00,146.36247532730874,147.69304704911528,145.59215557859315,145.8197479248047,5926500.0,JNJ
2022-01-20 05:00:00+00:00,146.44125877037143,146.94022818526136,144.37537632701685,144.65550231933594,6011300.0,JNJ
2022-01-21 05:00:00+00:00,145.4783450568496,147.05402025523784,143.97270135140545,144.32284545898438,10550300.0,JNJ
2022-01-24 05:00:00+00:00,143.56125584037005,143.710067734421,138.5366070773868,142.6596221923828,14054600.0,JNJ
2022-01-25 05:00:00+00:00,142.12568343038797,147.42169732084486,141.44289296989467,146.73890686035156,14081200.0,JNJ
2022-01-26 05:00:00+00:00,146.66010744097574,148.13074223899065,145.5133700028128,147.3954315185547,9963200.0,JNJ
2022-01-27 05:00:00+00:00,148.27952572051032,150.4854708157377,147.93813056886776,149.32997131347656,9066700.0,JNJ
2022-01-28 05:00:00+00:00,149.56634105302058,150.42420348244823,148.20076030821764,150.38043212890625,9783100.0,JNJ
2022-01-31 05:00:00+00:00,150.12660632880642,151.10702070809617,149.5313585577074,150.81814575195312,8054800.0,JNJ
2022-02-01 05:00:00+00:00,150.33668422185093,150.54676536152456,148.3145597524935,149.5838623046875,8154700.0,JNJ
2022-02-02 05:00:00+00:00,148.50718180096956,151.43094087701238,148.50718180096956,151.2383575439453,7382800.0,JNJ
2022-02-03 05:00:00+00:00,150.79183595029215,151.9823444575956,149.7238792000432,151.22952270507812,6240400.0,JNJ
2022-02-04 05:00:00+00:00,149.68888207480407,151.4221180219866,148.91854905066037,150.24037170410156,6392200.0,JNJ
2022-02-07 05:00:00+00:00,150.04785657165823,150.33673158686497,148.82232498982845,149.74147033691406,6065700.0,JNJ
2022-02-08 05:00:00+00:00,149.70640565941684,150.60803945213073,149.23369640748143,150.1353302001953,6296100.0,JNJ
2022-02-09 05:00:00+00:00,150.6255466765584,150.77435859055544,149.90773388971692,150.11782836914062,5387500.0,JNJ
2022-02-10 05:00:00+00:00,149.8727431167756,149.8814920455582,148.2007760764272,148.30581665039062,10355300.0,JNJ
2022-02-11 05:00:00+00:00,148.04319621178286,148.94483005629476,146.66010415972997,146.80892944335938,13125300.0,JNJ
2022-02-14 05:00:00+00:00,146.80889159673964,147.03648389202198,143.39492702466924,144.96185302734375,8967600.0,JNJ
2022-02-15 05:00:00+00:00,145.42583620343217,147.15032345090214,145.32078227719055,146.45877075195312,6631400.0,JNJ
2022-02-16 05:00:00+00:00,145.74096099464956,146.92270738514088,145.05817062935012,146.37123107910156,8482400.0,JNJ
2022-02-17 05:00:00+00:00,146.37124798607488,146.58132913373043,144.3666346545739,145.47836303710938,6227600.0,JNJ
2022-02-18 05:00:00+00:00,145.346241420333,145.68102310822556,143.54902136735282,143.91903686523438,6423200.0,JNJ
2022-02-22 05:00:00+00:00,144.10398456681708,144.25375171493198,141.3464730724706,141.96316528320312,6868900.0,JNJ
2022-02-23 05:00:00+00:00,142.2891581731132,143.28468444997213,141.70771307679448,142.03367614746094,8016900.0,JNJ
2022-02-24 05:00:00+00:00,140.76501797586332,141.0733708099442,137.1881896263599,139.3201904296875,12883400.0,JNJ
2022-02-25 05:00:00+00:00,140.95885495105424,147.11699976616663,140.6945544094442,146.24481201171875,11340400.0,JNJ
2022-02-28 05:00:00+00:00,143.48728690127126,145.52237803142503,143.05560905116755,144.9849853515625,9373500.0,JNJ
2022-03-01 05:00:00+00:00,143.6370747736073,145.1435785293579,143.08205839444418,144.4828338623047,8737800.0,JNJ
2022-03-02 05:00:00+00:00,144.84408070131818,147.6808795960399,144.51810410886935,146.28009033203125,6793300.0,JNJ
2022-03-03 05:00:00+00:00,146.8615211344887,149.18734196985602,146.526752956798,148.4296875,7333700.0,JNJ
2022-03-04 05:00:00+00:00,147.68964527884367,149.64545054010574,146.99366682127737,149.3106689453125,6302500.0,JNJ
2022-03-07 05:00:00+00:00,148.27110440748328,152.51748309921024,147.4429689493385,151.71578979492188,11663400.0,JNJ
2022-03-08 05:00:00+00:00,151.56600252449303,152.51747640638192,148.45609886968109,148.64111328125,11100300.0,JNJ
2022-03-09 05:00:00+00:00,149.77759605475396,149.9714155655516,147.9098954338508,149.2049560546875,7248200.0,JNJ
2022-03-10 05:00:00+00:00,148.50018632566773,149.90096204857795,148.07731342576574,149.4692840576172,6171400.0,JNJ
2022-03-11 05:00:00+00:00,149.0023169826364,151.05503182552596,148.90540723664992,149.19613647460938,5188000.0,JNJ
2022-03-14 04:00:00+00:00,150.36787889560006,153.39849696864232,150.07716303513087,151.2576904296875,7729500.0,JNJ
2022-03-15 04:00:00+00:00,152.70248247014,155.51285163152352,152.0153091668223,155.17807006835938,10554400.0,JNJ
2022-03-16 04:00:00+00:00,154.57900514747024,155.89167583763344,152.024117919683,153.75086975097656,9603300.0,JNJ
2022-03-17 04:00:00+00:00,154.35874623280867,155.79475527964146,153.46893494846023,155.759521484375,7472100.0,JNJ
2022-03-18 04:00:00+00:00,155.93570808061293,155.93570808061293,152.99319568549637,154.0327606201172,13809500.0,JNJ
2022-03-21 04:00:00+00:00,153.87422343865535,156.07670569292597,153.5746890783669,154.9049835205078,7574900.0,JNJ
2022-03-22 04:00:00+00:00,154.90496219315432,155.3806923797088,153.21345766790742,154.17373657226562,8442100.0,JNJ
2022-03-23 04:00:00+00:00,154.37639890243773,154.64950458029585,153.3720674248604,153.59231567382812,5254200.0,JNJ
2022-03-24 04:00:00+00:00,154.1737345083982,154.64946468858426,153.3544176861659,154.3851776123047,5012300.0,JNJ
2022-03-25 04:00:00+00:00,154.7816473712477,156.55243829077645,154.36757962580958,155.86526489257812,4809500.0,JNJ
2022-03-28 04:00:00+00:00,155.62736794885697,156.97528581590467,155.3630808713048,156.6669464111328,5604200.0,JNJ
2022-03-29 04:00:00+00:00,157.36292624932713,158.05009954311504,155.75952637811633,156.58766174316406,5933400.0,JNJ
2022-03-30 04:00:00+00:00,157.2043320819292,158.45534004344228,156.53476905824536,158.21746826171875,6277600.0,JNJ
2022-03-31 04:00:00+00:00,158.21749500292904,158.7637196844991,155.91810323865172,156.1383514404297,11490400.0,JNJ
2022-04-01 04:00:00+00:00,155.97978430524284,157.19554527778416,154.70234738159616,156.98411560058594,6525600.0,JNJ
2022-04-04 04:00:00+00:00,156.98415064437748,156.98415064437748,154.63190086026432,155.46884155273438,6860600.0,JNJ
2022-04-05 04:00:00+00:00,155.4688435166001,158.27039494333044,155.31025777841302,156.47317504882812,7446100.0,JNJ
2022-04-06 04:00:00+00:00,158.0413032903794,160.8692961905216,157.36293504703846,160.54331970214844,10330900.0,JNJ
2022-04-07 04:00:00+00:00,160.04995581990187,161.17762549646275,158.78132407305011,160.12924194335938,7385200.0,JNJ
2022-04-08 04:00:00+00:00,159.75043270662448,161.3890799207523,158.95753108779138,160.4464111328125,7144500.0,JNJ
2022-04-11 04:00:00+00:00,161.2217312345484,162.27892022619747,158.2263601843948,158.4377899169922,5932000.0,JNJ
2022-04-12 04:00:00+00:00,157.87393870851045,159.29233793846535,156.9929457319642,158.49063110351562,5957500.0,JNJ
2022-04-13 04:00:00+00:00,158.49062353393458,159.3187590431977,157.90917841377748,159.16018676757812,5643100.0,JNJ
2022-04-14 04:00:00+00:00,158.57873577832464,159.81212056833502,158.3408639106491,158.49063110351562,6188200.0,JNJ
2022-04-18 04:00:00+00:00,158.34082947098477,158.92228793532877,155.70666964749716,156.51718139648438,6318700.0,JNJ
2022-04-19 04:00:00+00:00,159.21301653233044,163.81179992673526,158.53464832663542,161.2921600341797,14380800.0,JNJ
2022-04-20 04:00:00+00:00,160.5521501800479,162.3846170165724,160.2526023788648,162.0057830810547,8044900.0,JNJ
2022-04-21 04:00:00+00:00,162.04100780917398,162.86914323577105,160.83405191115452,161.53884887695312,6969200.0,JNJ
2022-04-22 04:00:00+00:00,160.7547704247132,161.35383912507172,159.7944914205527,159.93544006347656,8003600.0,JNJ
2022-04-25 04:00:00+00:00,160.64023199581098,164.47255624548924,160.42880231663466,163.87347412109375,11176500.0,JNJ
2022-04-26 04:00:00+00:00,163.07178053259196,164.3668410865667,162.2612552877109,162.70175170898438,10190000.0,JNJ
2022-04-27 04:00:00+00:00,162.3141112031654,162.825088617934,160.11162929961938,160.4287872314453,11090100.0,JNJ
2022-04-28 04:00:00+00:00,160.56096102671202,162.54319511346156,160.2702317475092,161.62696838378906,9403900.0,JNJ
2022-04-29 04:00:00+00:00,160.7811978005225,160.82525013233237,158.75491152322672,158.98397827148438,8463100.0,JNJ
2022-05-02 04:00:00+00:00,158.99280347624727,159.8209390246641,155.96218548752432,157.38058471679688,7145400.0,JNJ
2022-05-03 04:00:00+00:00,157.52150423084478,159.1337225544065,156.53478322320078,157.0721893310547,5898700.0,JNJ
2022-05-04 04:00:00+00:00,156.94887524839223,159.0192138810612,156.06788237370492,158.75491333007812,5923000.0,JNJ
2022-05-05 04:00:00+00:00,158.06776408864096,158.32325958931105,154.41164847782088,155.7243194580078,7089200.0,JNJ
2022-05-06 04:00:00+00:00,154.29708933073218,155.8212032181601,153.90064523136337,155.38070678710938,6434000.0,JNJ
2022-05-09 04:00:00+00:00,154.5702302047868,157.3101191682553,153.81257563294028,156.22650146484375,7855200.0,JNJ
2022-05-10 04:00:00+00:00,157.01934592153694,157.85628640863922,155.49523211299206,156.0150146484375,8186700.0,JNJ
2022-05-11 04:00:00+00:00,155.01949858462038,157.09864212472613,154.94901754766454,155.1692657470703,6138900.0,JNJ
2022-05-12 04:00:00+00:00,155.46882473745796,156.77269052079407,153.91828200708218,156.70220947265625,6898600.0,JNJ
2022-05-13 04:00:00+00:00,157.4334021342878,157.60079290807204,154.87852852998415,155.80357360839844,7732200.0,JNJ
2022-05-16 04:00:00+00:00,155.80355929201127,157.81222150708615,155.20447728524647,156.88717651367188,5516700.0,JNJ
2022-05-17 04:00:00+00:00,157.45104938713396,158.31441864990262,155.57453024149905,157.53915405273438,5751100.0,JNJ
2022-05-18 04:00:00+00:00,157.55680204408398,158.02372730947883,154.32355899528528,154.61428833007812,8608800.0,JNJ
2022-05-19 04:00:00+00:00,153.92705670290073,153.9975377371215,152.13864246855704,153.23988342285156,6874500.0,JNJ
2022-05-20 04:00:00+00:00,154.0416005069286,156.07669177757012,153.33680355982273,155.91810607910156,7522100.0,JNJ
2022-05-23 04:00:00+00:00,157.4697712746739,159.5356633917827,157.3456402436553,159.10121154785156,7040800.0,JNJ
2022-05-24 04:00:00+00:00,158.9327493663901,161.14052297289487,158.79975666147274,160.83905029296875,6419800.0,JNJ
2022-05-25 04:00:00+00:00,160.0676616911054,160.97205265056783,158.76427909723145,159.26080322265625,6558900.0,JNJ
2022-05-26 04:00:00+00:00,160.48439893883995,160.48439893883995,158.3564344198666,159.11895751953125,6897600.0,JNJ
2022-05-27 04:00:00+00:00,159.3849269582587,160.6262507442675,158.02834734579557,160.56417846679688,5853600.0,JNJ
2022-05-31 04:00:00+00:00,157.82442014816317,159.74845780398547,155.17331968075618,159.18099975585938,16391400.0,JNJ
2022-06-01 04:00:00+00:00,158.84406167922262,159.44699344579394,155.96243612496352,157.56729125976562,5175400.0,JNJ
2022-06-02 04:00:00+00:00,157.5939064711116,157.65596522362733,154.80093790547036,157.07077026367188,8666500.0,JNJ
2022-06-03 04:00:00+00:00,156.99984094716962,158.4184793260513,156.18410730596025,156.4235076904297,4234200.0,JNJ
2022-06-06 04:00:00+00:00,157.12394750150543,158.2677251082345,156.051090302797,156.40574645996094,5386500.0,JNJ
2022-06-07 04:00:00+00:00,156.92001978019235,158.97706353652208,156.40575884110993,158.12586975097656,5447800.0,JNJ
2022-06-08 04:00:00+00:00,157.91306734149182,159.1100420066684,156.7604145485601,157.18600463867188,4333100.0,JNJ
2022-06-09 04:00:00+00:00,157.12398029323683,158.40075084304772,153.95861863641477,154.02069091796875,5509600.0,JNJ
2022-06-10 04:00:00+00:00,152.65522411857313,154.2512040930317,151.28090765364306,152.99215698242188,6647300.0,JNJ
2022-06-13 04:00:00+00:00,150.80213288358212,152.72617068172065,150.80213288358212,151.4493865966797,7997000.0,JNJ
2022-06-14 04:00:00+00:00,151.6710820557748,151.71541747653032,148.30179301741893,149.1263885498047,7116800.0,JNJ
2022-06-15 04:00:00+00:00,150.4119862403506,152.00796616977578,149.52533222725506,150.72232055664062,7796100.0,JNJ
2022-06-16 04:00:00+00:00,149.312538168652,150.91739338050758,148.4347593087099,150.8021240234375,7056700.0,JNJ
2022-06-17 04:00:00+00:00,151.2897638418184,152.6818034715161,150.057315424879,150.25238037109375,12486600.0,JNJ
2022-06-21 04:00:00+00:00,151.39617591414932,154.15367049393203,150.34105545173404,153.40000915527344,8219700.0,JNJ
2022-06-22 04:00:00+00:00,152.50451108450184,157.75350193552597,152.229650467579,155.8206024169922,10593100.0,JNJ
2022-06-23 04:00:00+00:00,156.937776738594,159.4381478111897,156.5121865559725,159.29627990722656,10223500.0,JNJ
2022-06-24 04:00:00+00:00,160.28936124020868,161.8410062455437,159.58003510334424,161.62820434570312,9374400.0,JNJ
2022-06-27 04:00:00+00:00,161.05181165540472,162.56799575657527,160.9276806522705,161.47740173339844,5908600.0,JNJ
2022-06-28 04:00:00+00:00,161.52176407982896,162.2310900143296,156.32597088881704,156.8845672607422,9245700.0,JNJ
2022-06-29 04:00:00+00:00,157.13283595041912,158.09042397308212,156.43237165613192,156.9289093017578,7097900.0,JNJ
2022-06-30 04:00:00+00:00,156.81366430539234,158.0815733331276,155.19108547568004,157.38998413085938,10777200.0,JNJ
2022-07-01 04:00:00+00:00,157.33676915596087,159.3494777743972,156.66291690271612,159.17214965820312,5498400.0,JNJ
2022-07-05 04:00:00+00:00,158.56035612268357,158.8263550615504,154.8186746959564,157.9485626220703,5676400.0,JNJ
2022-07-06 04:00:00+00:00,157.88649693582497,159.10120868387406,157.30130200187108,158.09042358398438,5335600.0,JNJ
2022-07-07 04:00:00+00:00,157.7003183360133,158.81749777010634,157.38998395079716,158.2677764892578,5725800.0,JNJ
2022-07-08 04:00:00+00:00,158.11702828222934,159.58887734461544,157.62050414775402,158.07269287109375,3828300.0,JNJ
2022-07-11 04:00:00+00:00,157.5584171338742,158.72880693793033,157.39882590383021,158.13475036621094,3645200.0,JNJ
2022-07-12 04:00:00+00:00,157.80666983582032,158.22339828417626,155.34177288088347,155.91810607910156,4708800.0,JNJ
2022-07-13 04:00:00+00:00,155.7496914855463,156.34374821976928,154.7211692908003,155.55462646484375,5291700.0,JNJ
2022-07-14 04:00:00+00:00,152.97443985082106,156.05999251337298,152.77051318393816,155.76739501953125,5359600.0,JNJ
2022-07-15 04:00:00+00:00,157.56727002701865,158.27658232137912,156.5387482592253,158.0283203125,5691100.0,JNJ
2022-07-18 04:00:00+00:00,157.59389968201364,157.99289130869738,154.19801296157368,154.4817352294922,7605700.0,JNJ
2022-07-19 04:00:00+00:00,156.34373493429533,156.71612807055465,150.6248181150851,152.2296600341797,13256400.0,JNJ
2022-07-20 04:00:00+00:00,152.6818236399988,152.99215796704271,150.5183856083946,151.3607177734375,7455800.0,JNJ
2022-07-21 04:00:00+00:00,150.775520984513,151.963634141449,150.52725893766868,151.8927001953125,5729200.0,JNJ
2022-07-22 04:00:00+00:00,152.14983527070737,152.93895680747673,151.67103452343306,152.6108856201172,4257000.0,JNJ
2022-07-25 04:00:00+00:00,152.6108961046065,153.37341915549842,152.25623988388506,152.91236877441406,4437300.0,JNJ
2022-07-26 04:00:00+00:00,153.00101615394772,155.14671726763484,152.93895740751188,153.9940643310547,4525500.0,JNJ
2022-07-27 04:00:00+00:00,153.06309566317492,154.36647822185705,151.73311456486806,153.5684814453125,4648500.0,JNJ
2022-07-28 04:00:00+00:00,153.7458283738272,156.13093026678644,152.00799376902035,154.4551544189453,5513000.0,JNJ
2022-07-29 04:00:00+00:00,154.091593917827,155.0314585297953,153.3113475915977,154.73886108398438,6451400.0,JNJ
2022-08-01 04:00:00+00:00,154.42853849444148,155.3063308985184,153.86994209827728,154.19801330566406,5461400.0,JNJ
2022-08-02 04:00:00+00:00,155.1733556024746,155.59895938404424,153.1251864472752,153.32025146484375,5794200.0,JNJ
2022-08-03 04:00:00+00:00,152.99215037237457,155.39497513545962,152.3005613348672,154.80091857910156,5010000.0,JNJ
2022-08-04 04:00:00+00:00,154.9960129747294,155.24427505947807,152.14986067126463,152.3183135986328,5651600.0,JNJ
2022-08-05 04:00:00+00:00,151.8838442448768,152.08777089190656,150.54498794619283,151.7153778076172,5235500.0,JNJ
2022-08-08 04:00:00+00:00,151.88387918604408,152.04347046062492,150.2347017023563,150.90855407714844,4629800.0,JNJ
2022-08-09 04:00:00+00:00,151.21000416465472,151.72426523385823,150.4918164138037,150.89080810546875,5532500.0,JNJ
2022-08-10 04:00:00+00:00,151.63559069995006,151.83065568780307,150.31447119663073,151.32525634765625,5603400.0,JNJ
2022-08-11 04:00:00+00:00,149.41894520216803,150.6868540073245,148.05349038048098,148.1953582763672,9328700.0,JNJ
2022-08-12 04:00:00+00:00,148.55001550635185,148.90468524850152,146.43091284060145,146.5639190673828,14606900.0,JNJ
2022-08-15 04:00:00+00:00,147.18457815864474,147.84956872261452,146.41319343380545,147.26437377929688,10072000.0,JNJ
2022-08-16 04:00:00+00:00,147.06046032269427,149.17956323550783,146.82993511037083,148.57664489746094,7453600.0,JNJ
2022-08-17 04:00:00+00:00,147.54811132656118,149.45441222079123,147.54811132656118,148.5854949951172,7406600.0,JNJ
2022-08-18 04:00:00+00:00,148.67418521148952,149.22392007251864,147.1225402002497,147.86734008789062,8312100.0,JNJ
2022-08-19 04:00:00+00:00,148.15990208525312,150.8375876640734,148.07123126560262,150.11940002441406,8128500.0,JNJ
2022-08-22 04:00:00+00:00,150.76206168769212,150.77991772953794,149.21784776217513,149.59274291992188,5462600.0,JNJ
2022-08-23 04:00:00+00:00,149.0661337556404,149.75344848540735,147.99500258442467,148.28956604003906,5566300.0,JNJ
2022-08-24 04:00:00+00:00,148.67336996243375,148.70014721794647,147.3433875380661,147.79861450195312,5684300.0,JNJ
2022-08-25 04:00:00+00:00,148.12887080614465,149.2803472303904,147.01310646801434,149.18215942382812,5678700.0,JNJ
2022-08-26 04:00:00+00:00,149.47673599925963,149.5124344683468,146.56681363239886,146.62930297851562,5667100.0,JNJ
2022-08-29 04:00:00+00:00,145.9151949754636,146.24545685385863,144.6209110956285,145.49566650390625,5259200.0,JNJ
2022-08-30 04:00:00+00:00,145.76347403811087,145.9776921008419,144.62985351552902,144.9868927001953,6973300.0,JNJ
2022-08-31 04:00:00+00:00,145.70098184513273,145.98662408342656,143.95147080618358,144.01394653320312,8741700.0,JNJ
2022-09-01 04:00:00+00:00,144.14786483174709,147.72723275846317,144.1389299980532,147.58441162109375,7509600.0,JNJ
2022-09-02 04:00:00+00:00,148.0485234586334,148.35200805781835,144.61196421086598,145.26358032226562,5803700.0,JNJ
2022-09-06 04:00:00+00:00,146.33475035589666,148.36990374867156,145.3350297054591,145.65635681152344,7394600.0,JNJ
2022-09-07 04:00:00+00:00,145.41534253903058,146.7631809989635,144.74588391492745,146.45077514648438,4590600.0,JNJ
2022-09-08 04:00:00+00:00,146.28118974097967,147.65580557803506,145.56709775464353,147.6290283203125,5838400.0,JNJ
2022-09-09 04:00:00+00:00,147.27197622344266,148.35202851067177,146.73640387561014,147.91465759277344,5500600.0,JNJ
2022-09-12 04:00:00+00:00,148.27168605696238,148.6822933100597,147.47726242438176,147.85215759277344,6365300.0,JNJ
2022-09-13 04:00:00+00:00,146.00447487723213,146.78104255188495,143.54085833115371,144.00502014160156,6726400.0,JNJ
2022-09-14 04:00:00+00:00,144.94226380456792,147.60224233572492,144.94226380456792,146.9774169921875,9555700.0,JNJ
2022-09-15 04:00:00+00:00,146.78996056909497,148.23600048167683,146.4775547116894,147.35231018066406,7174500.0,JNJ
2022-09-16 04:00:00+00:00,147.56656165495792,149.6284923472577,147.05776648663846,149.60171508789062,20201500.0,JNJ
2022-09-19 04:00:00+00:00,148.44130269982648,148.55733293899308,146.4597039797482,148.42344665527344,7380900.0,JNJ
2022-09-20 04:00:00+00:00,147.47725746557114,148.08422668346222,146.6739126489108,147.2541046142578,7143400.0,JNJ
2022-09-21 04:00:00+00:00,147.2987543909455,148.88760178047127,145.7099070014197,145.74560546875,8071200.0,JNJ
2022-09-22 04:00:00+00:00,145.62957079776595,149.2089518759739,145.3439421806004,148.3341827392578,7401100.0,JNJ
2022-09-23 04:00:00+00:00,147.94142198823556,149.49455714563544,146.97740001803768,148.81617736816406,9598600.0,JNJ
2022-09-26 04:00:00+00:00,147.99496726829824,148.92327709644962,146.72746076247205,147.90570068359375,8735500.0,JNJ
2022-09-27 04:00:00+00:00,148.49481659378876,149.6641352189871,146.74529245078276,147.22731018066406,8686700.0,JNJ
2022-09-28 04:00:00+00:00,148.39670047032035,149.40535608610818,147.37020242641486,148.49488830566406,8660900.0,JNJ
2022-09-29 04:00:00+00:00,148.6019482207248,149.21785229149276,146.29008786769487,146.86135864257812,7008100.0,JNJ
2022-09-30 04:00:00+00:00,147.28089893097874,147.9414363506579,145.78131813409072,145.8170166015625,8985200.0,JNJ
2022-10-03 04:00:00+00:00,146.64715296453386,146.72749835942275,144.33529220209087,145.67420959472656,8657000.0,JNJ
2022-10-04 04:00:00+00:00,146.25440743655727,148.17351681470328,145.424271615287,147.83432006835938,6236100.0,JNJ
2022-10-05 04:00:00+00:00,147.29874233663256,148.20919619083915,146.57572925586928,147.3790740966797,4539400.0,JNJ
2022-10-06 04:00:00+00:00,147.0934785919866,147.28093304510236,144.32639044627388,144.52276611328125,5890700.0,JNJ
2022-10-07 04:00:00+00:00,144.39779049577325,144.7994630144101,142.07699475671365,142.9963836669922,6363500.0,JNJ
2022-10-10 04:00:00+00:00,143.38018298359387,143.96037498373818,142.0858854722151,143.18380737304688,5315600.0,JNJ
2022-10-11 04:00:00+00:00,143.1481054523196,146.4864774485056,143.1481054523196,145.25466918945312,6212200.0,JNJ
2022-10-12 04:00:00+00:00,145.4421623393922,147.17383133285065,145.04941098580272,145.21900939941406,4341700.0,JNJ
2022-10-13 04:00:00+00:00,143.61227454765594,148.1645989898918,143.48730947301507,147.414794921875,6465100.0,JNJ
2022-10-14 04:00:00+00:00,146.78103311700994,147.88786262901644,146.0312427469081,146.79888916015625,5684600.0,JNJ
2022-10-17 04:00:00+00:00,147.63795480012388,149.2535932546673,147.28983681713876,148.70016479492188,6710800.0,JNJ
2022-10-18 04:00:00+00:00,147.2808861807905,149.2178513525054,145.5402966135969,148.1824188232422,10883600.0,JNJ
2022-10-19 04:00:00+00:00,148.17349972074814,148.39665258177337,146.29008902888847,147.00418090820312,10044600.0,JNJ
2022-10-20 04:00:00+00:00,147.28088629434336,147.9414236573487,146.68283826926546,147.3790740966797,5659900.0,JNJ
2022-10-21 04:00:00+00:00,147.02203772529396,151.18159672538906,146.77209398907274,150.5924835205078,8487600.0,JNJ
2022-10-24 04:00:00+00:00,151.57437469270278,153.6006068527339,151.0745143723821,152.6187286376953,6855500.0,JNJ
2022-10-25 04:00:00+00:00,151.89568301376903,152.73473992396688,150.42287962555824,152.37770080566406,5661900.0,JNJ
2022-10-26 04:00:00+00:00,152.92222053552305,154.03798499674943,152.20812855630385,153.71664428710938,6123800.0,JNJ
2022-10-27 04:00:00+00:00,153.84162029571849,154.80562887298058,153.2792706088384,153.805908203125,5390900.0,JNJ
2022-10-28 04:00:00+00:00,154.42177861273896,156.55511940252435,154.05580465470044,156.09095764160156,6073900.0,JNJ
2022-10-31 04:00:00+00:00,155.77858254389457,156.3498534315158,154.7967043213398,155.2876434326172,7810000.0,JNJ
2022-11-01 04:00:00+00:00,155.36798590324256,155.87678109545294,152.11887995247216,154.5021514892578,6985000.0,JNJ
2022-11-02 04:00:00+00:00,154.32359198561142,155.26083672570724,152.00279678348554,152.1277618408203,6877300.0,JNJ
2022-11-03 04:00:00+00:00,151.5743930446783,153.05613175944006,150.7978252115975,152.3866729736328,4819900.0,JNJ
2022-11-04 04:00:00+00:00,153.13642825531272,153.97548525272882,151.06557663759088,153.0650177001953,5300900.0,JNJ
2022-11-07 05:00:00+00:00,153.23459665620365,155.18049658120077,153.0292998488523,154.40391540527344,6621000.0,JNJ
2022-11-08 05:00:00+00:00,154.537838524099,155.93031033146207,153.68984667458975,155.1715850830078,5148400.0,JNJ
2022-11-09 05:00:00+00:00,155.55542202083012,156.20702465287692,153.832674609312,153.9308624267578,6150000.0,JNJ
2022-11-10 05:00:00+00:00,155.62682347150812,156.0017186743107,153.56487942583763,155.7339324951172,7877500.0,JNJ
2022-11-11 05:00:00+00:00,154.18077755355424,154.5199742753477,148.90545404348055,151.07449340820312,11074700.0,JNJ
2022-11-14 05:00:00+00:00,151.96712923078343,154.65388532008907,151.96712923078343,153.44886779785156,6581500.0,JNJ
2022-11-15 05:00:00+00:00,153.69878449174254,154.42179766574782,152.20812484233767,153.87730407714844,9351000.0,JNJ
2022-11-16 05:00:00+00:00,154.99306099395923,156.1980919723047,154.53783403022706,154.8323974609375,5500900.0,JNJ
2022-11-17 05:00:00+00:00,154.42180368031242,156.19810563168886,154.40394763502496,156.08206176757812,4464100.0,JNJ
2022-11-18 05:00:00+00:00,156.20705163905117,157.67093432103303,155.86785482560785,157.27818298339844,6555700.0,JNJ
2022-11-21 05:00:00+00:00,158.01479844962773,158.60772781460653,157.06252543149418,158.086669921875,5706600.0,JNJ
2022-11-22 05:00:00+00:00,158.47301302303015,159.1827354649775,158.41013403277998,158.850341796875,4707900.0,JNJ
2022-11-23 05:00:00+00:00,158.50893062387246,159.37136100727162,158.12262311466034,159.02099609375,5389200.0,JNJ
2022-11-25 05:00:00+00:00,159.35338701224646,160.01817417516006,158.88622927294978,159.2276153564453,3058600.0,JNJ
2022-11-28 05:00:00+00:00,158.7874137406887,159.70375795810608,158.61672069245495,159.3084716796875,6183100.0,JNJ
2022-11-29 05:00:00+00:00,159.02097465094639,159.24556786543405,156.90980665961138,158.19447326660156,6700500.0,JNJ
2022-11-30 05:00:00+00:00,158.44601771739843,159.9193486667819,157.01760815285417,159.91036987304688,13288000.0,JNJ
2022-12-01 05:00:00+00:00,160.80875207712543,161.6711961086486,159.7037572279313,160.57518005371094,6282600.0,JNJ
2022-12-02 05:00:00+00:00,159.46118404890183,160.7728144675644,158.97606873180212,160.70094299316406,5823900.0,JNJ
2022-12-05 05:00:00+00:00,160.23381473181087,161.1321877649096,159.91039989157196,160.6111297607422,5120600.0,JNJ
2022-12-06 05:00:00+00:00,161.63523777244083,161.70710924374117,158.05072524929525,158.20346069335938,7943500.0,JNJ
2022-12-07 05:00:00+00:00,158.62571834163583,159.80258471269602,158.32026112053052,159.16473388671875,5702600.0,JNJ
2022-12-08 05:00:00+00:00,158.85030851532642,159.43424543825788,158.41907963787727,159.19168090820312,4798500.0,JNJ
2022-12-09 05:00:00+00:00,159.11979587904904,159.81154681647942,157.80817918572492,157.8800506591797,4561000.0,JNJ
2022-12-12 05:00:00+00:00,158.06869276316706,159.79356690887187,157.75427050534074,159.76661682128906,4882400.0,JNJ
2022-12-13 05:00:00+00:00,160.89858444309957,161.88678636261585,160.18886220834756,160.99740600585938,9177500.0,JNJ
2022-12-14 05:00:00+00:00,160.43142745644823,162.6414170220336,160.43142745644823,161.4915008544922,9533600.0,JNJ
2022-12-15 05:00:00+00:00,160.98843484663666,161.56339300398565,158.47298776770347,159.4522247314453,7602400.0,JNJ
2022-12-16 05:00:00+00:00,159.01199144354297,159.01199144354297,157.08947412921546,157.81715393066406,18841800.0,JNJ
2022-12-19 05:00:00+00:00,157.52970521081343,158.26636391538221,156.37978890996197,157.646484375,5736000.0,JNJ
2022-12-20 05:00:00+00:00,158.1136186105286,158.50890485034796,157.36796751415687,157.81715393066406,6174700.0,JNJ
2022-12-21 05:00:00+00:00,158.3561988845497,160.07208074835145,157.79919835111312,159.62289428710938,5472000.0,JNJ
2022-12-22 05:00:00+00:00,158.80539890239046,159.470186148606,157.5207183853668,159.03897094726562,5709100.0,JNJ
2022-12-23 05:00:00+00:00,158.71552698464768,159.47914937700568,157.94292579885644,159.44320678710938,3683400.0,JNJ
2022-12-27 05:00:00+00:00,160.0091855657277,160.22479998019563,159.00301238104046,159.39828491210938,3067300.0,JNJ
2022-12-28 05:00:00+00:00,159.6947601828739,160.31463967100999,158.69756572545555,158.70655822753906,2645400.0,JNJ
2022-12-29 05:00:00+00:00,159.50612740616577,160.179907149891,159.07491220844517,159.51510620117188,2828800.0,JNJ
2022-12-30 05:00:00+00:00,159.4522451342589,159.70378850353023,157.5746349526532,158.69760131835938,4216600.0,JNJ
2023-01-03 05:00:00+00:00,158.25735896298235,160.25174771627144,158.12259481538743,160.0810546875,6344900.0,JNJ
2023-01-04 05:00:00+00:00,160.70997171343004,161.87785954611041,160.34163543323095,161.82395935058594,9788800.0,JNJ
2023-01-05 05:00:00+00:00,160.82673250499602,161.69815538025253,160.2787244464129,160.62908935546875,6255300.0,JNJ
2023-01-06 05:00:00+00:00,161.8239318050351,162.5426192338089,161.15913085452695,161.93173217773438,5706000.0,JNJ
2023-01-09 05:00:00+00:00,161.07829226075484,161.49153619147097,157.37698593524783,157.73634338378906,7925300.0,JNJ
2023-01-10 05:00:00+00:00,157.84412414920214,158.23941043943321,156.60437880303044,157.3590087890625,5047500.0,JNJ
2023-01-11 05:00:00+00:00,157.7273471871394,157.86209764792312,154.61897071358734,157.1074676513672,6494800.0,JNJ
2023-01-12 05:00:00+00:00,156.5504512835907,156.95473004127825,155.238834570819,156.31687927246094,4269400.0,JNJ
2023-01-13 05:00:00+00:00,155.5892393171557,156.32589813064277,154.86155929975405,155.80484008789062,6088000.0,JNJ
2023-01-17 05:00:00+00:00,156.31689802877798,156.83795600051064,154.60100235243004,154.84356689453125,6053300.0,JNJ
2023-01-18 05:00:00+00:00,154.2057216817711,154.52015771850176,152.46288955717878,152.50779724121094,7047800.0,JNJ
2023-01-19 05:00:00+00:00,151.85199146558233,153.87333077378216,151.56451922550897,152.30117797851562,6939500.0,JNJ
2023-01-20 05:00:00+00:00,152.8132489795524,152.82222777441865,150.45950245664244,151.59146118164062,8620600.0,JNJ
2023-01-23 05:00:00+00:00,151.91489208171805,152.39102871361763,150.8817548232285,151.20516967773438,8425400.0,JNJ
2023-01-24 05:00:00+00:00,151.8430205909295,153.61281664085257,149.1389088688405,151.20516967773438,10541800.0,JNJ
2023-01-25 05:00:00+00:00,150.1809985353342,152.28318786621094,150.10014826293497,152.28318786621094,7099800.0,JNJ
2023-01-26 05:00:00+00:00,152.3191103658158,152.64252512083152,151.51056662423596,151.72618103027344,6946100.0,JNJ
2023-01-27 05:00:00+00:00,151.41176367147003,151.70822837566624,150.72002640309486,151.13327026367188,6058100.0,JNJ
2023-01-30 05:00:00+00:00,150.86373628522443,151.4117442363209,144.70989088876675,145.53639221191406,23259100.0,JNJ
2023-01-31 05:00:00+00:00,145.2668705315343,146.8210515464725,144.68293372888175,146.81207275390625,11612500.0,JNJ
2023-02-01 05:00:00+00:00,146.42581472353626,149.1119411198087,145.8957642552345,148.15966796875,9865300.0,JNJ
2023-02-02 05:00:00+00:00,146.43476812105712,149.3275296677024,146.27306759503554,148.7166290283203,10099000.0,JNJ
2023-02-03 05:00:00+00:00,149.15686782228184,149.43536125848226,147.2343501540991,147.8811798095703,6868500.0,JNJ
2023-02-06 05:00:00+00:00,147.8272752583016,148.0967898914711,146.5246371907467,146.75820922851562,7021000.0,JNJ
2023-02-07 05:00:00+00:00,145.17705305124855,147.22534198217056,145.0153388156066,146.7941131591797,7310800.0,JNJ
2023-02-08 05:00:00+00:00,146.7042794553388,147.8362242366531,146.3449221142288,146.98277282714844,6054700.0,JNJ
2023-02-09 05:00:00+00:00,147.00077232440952,148.05186704616474,144.70093973238954,144.9973907470703,7949500.0,JNJ
2023-02-10 05:00:00+00:00,145.32977023903837,146.24610061604454,144.95245531178625,145.671142578125,7028000.0,JNJ
2023-02-13 05:00:00+00:00,144.9345019433015,146.27308250236368,144.7727876927177,146.21018981933594,6414700.0,JNJ
2023-02-14 05:00:00+00:00,146.20119860467744,146.40782051634733,145.32078336558035,145.57232666015625,6316000.0,JNJ
2023-02-15 05:00:00+00:00,145.49152563339302,145.51847573064086,143.10184981812031,143.17372131347656,12621800.0,JNJ
2023-02-16 05:00:00+00:00,142.90420534160836,143.42524963910114,141.87106812589826,142.15855407714844,11177000.0,JNJ
2023-02-17 05:00:00+00:00,142.07710104653742,145.77787042092962,141.71515900331403,145.1263885498047,12401900.0,JNJ
2023-02-21 05:00:00+00:00,144.4567770863282,145.09017208297558,142.86427383629982,142.96380615234375,9423900.0,JNJ
2023-02-22 05:00:00+00:00,143.41628303709672,143.73298066742169,142.39381552853683,142.76480102539062,9820200.0,JNJ
2023-02-23 05:00:00+00:00,142.70142619392175,143.49767100425788,141.76039077260268,142.71951293945312,9385100.0,JNJ
2023-02-24 05:00:00+00:00,141.74229488871114,141.92327280339336,140.43934502706375,141.12701416015625,8689700.0,JNJ
2023-02-27 05:00:00+00:00,141.56132340122707,141.9684960746836,140.32170482899764,140.81936645507812,7267100.0,JNJ
2023-02-28 05:00:00+00:00,140.23121230028383,140.49362197219617,138.4758315948786,138.67489624023438,9062300.0,JNJ
2023-03-01 05:00:00+00:00,138.44871370342452,138.65683556694998,137.45340409617444,138.05059814453125,6767000.0,JNJ
2023-03-02 05:00:00+00:00,137.30858964746443,138.2224672177137,136.83807199828968,137.9419708251953,8762500.0,JNJ
2023-03-03 05:00:00+00:00,138.77447436425032,139.45310029557191,138.29491314398413,139.3626251220703,5747200.0,JNJ
2023-03-06 05:00:00+00:00,139.94168184124095,140.9098474021325,139.86025006453235,140.7560272216797,8148200.0,JNJ
2023-03-07 05:00:00+00:00,141.2356181525598,141.3803949906332,138.75638038227873,139.4259490966797,7457700.0,JNJ
2023-03-08 05:00:00+00:00,139.32637866704786,139.52544331332265,137.96912724608816,138.40345764160156,6230500.0,JNJ
2023-03-09 05:00:00+00:00,138.85591704650636,138.9825933320863,136.36762201736647,136.84718322753906,7439400.0,JNJ
2023-03-10 05:00:00+00:00,137.40813911990546,138.8830234660363,136.72047001345243,137.1819305419922,8504300.0,JNJ
2023-03-13 04:00:00+00:00,137.61626700602835,141.0727412025742,137.14576303687386,138.49395751953125,10799600.0,JNJ
2023-03-14 04:00:00+00:00,138.69301651831657,139.3716423221862,137.44434062105967,139.27210998535156,8421200.0,JNJ
2023-03-15 04:00:00+00:00,138.29486997073568,140.14978303194576,138.01437354909095,139.6611785888672,7757700.0,JNJ
2023-03-16 04:00:00+00:00,138.84683745181007,139.67928345220068,138.07773648732402,139.37164306640625,7605500.0,JNJ
2023-03-17 04:00:00+00:00,139.77880595262732,140.20407919992874,137.80627370486874,137.878662109375,20540700.0,JNJ
2023-03-20 04:00:00+00:00,137.9601165325295,139.40785724694226,137.87868474159694,139.24497985839844,7129000.0,JNJ
2023-03-21 04:00:00+00:00,139.3445122050978,139.46214510756394,137.68866342274228,139.24497985839844,8376800.0,JNJ
2023-03-22 04:00:00+00:00,139.20880196941968,139.3988094944475,136.65716189418077,136.67526245117188,7943500.0,JNJ
2023-03-23 04:00:00+00:00,136.7928655648665,137.25433997077897,135.82469988254837,136.7476348876953,9051500.0,JNJ
2023-03-24 04:00:00+00:00,137.06431595196437,138.22250292088427,136.47617909358456,138.1229705810547,5696200.0,JNJ
2023-03-27 04:00:00+00:00,139.5254507198136,139.83309107795964,138.53918461516392,138.7111053466797,6772300.0,JNJ
2023-03-28 04:00:00+00:00,137.88771192299342,138.8468341658168,137.29051791293006,137.37196350097656,6115300.0,JNJ
2023-03-29 04:00:00+00:00,137.75200337316292,138.78351410688597,137.59818317152718,138.7201690673828,6012000.0,JNJ
2023-03-30 04:00:00+00:00,138.96448406926356,139.16354876365816,138.26775763888253,138.82875061035156,4555700.0,JNJ
2023-03-31 04:00:00+00:00,139.15447294078166,140.4212493541981,138.6568250781406,140.24932861328125,9890000.0,JNJ
2023-04-03 04:00:00+00:00,140.20410026705468,142.06805709147102,139.290222410362,141.9232940673828,6841900.0,JNJ
2023-04-04 04:00:00+00:00,142.03182890310256,143.84149734673596,141.68798748067636,143.4071807861328,8314500.0,JNJ
2023-04-05 04:00:00+00:00,148.72762501414257,149.894869114852,147.27084108664903,149.84962463378906,16704200.0,JNJ
2023-04-06 04:00:00+00:00,150.19345143713656,151.31543714040706,149.11669640382954,149.43338012695312,9615400.0,JNJ
2023-04-10 04:00:00+00:00,148.96291532267378,149.15292284507868,148.0671241541553,148.6824188232422,5354000.0,JNJ
2023-04-11 04:00:00+00:00,148.77288090180033,149.55103909304324,148.42903938737166,148.6371612548828,5903800.0,JNJ
2023-04-12 04:00:00+00:00,148.3385656432121,149.15291114585935,147.57850799985087,148.32046508789062,5764100.0,JNJ
2023-04-13 04:00:00+00:00,148.55569501850505,150.50109712964127,148.2209107315074,150.30203247070312,5640600.0,JNJ
2023-04-14 04:00:00+00:00,150.1753568816476,150.31107651030902,148.44711997441817,150.05772399902344,7225100.0,JNJ
2023-04-17 04:00:00+00:00,149.9672604413296,150.41967764740818,149.2433901502684,149.90391540527344,8046400.0,JNJ
2023-04-18 04:00:00+00:00,148.6190307128985,149.01716000576369,144.4567874959858,145.68736267089844,14571500.0,JNJ
2023-04-19 04:00:00+00:00,146.57412439753764,147.19844851450858,145.83215358778912,147.06272888183594,6752000.0,JNJ
2023-04-20 04:00:00+00:00,146.9722495066497,148.22998261592733,145.64215559968912,148.0128173828125,9498800.0,JNJ
2023-04-21 04:00:00+00:00,148.7909798257599,149.27054098184868,146.55603761983167,147.20751953125,7014200.0,JNJ
2023-04-24 04:00:00+00:00,147.20747919782852,148.2208890905134,146.46550852163116,148.10325622558594,5278900.0,JNJ
2023-04-25 04:00:00+00:00,148.67333925526552,149.61437477060235,148.53761961684066,149.46054077148438,6263100.0,JNJ
2023-04-26 04:00:00+00:00,148.47428810225367,148.7457412105012,146.80035258030475,147.14418029785156,5518200.0,JNJ
2023-04-27 04:00:00+00:00,147.39750238007187,147.85897671069915,146.70078990783293,147.4879913330078,5739700.0,JNJ
2023-04-28 04:00:00+00:00,147.31609680546723,148.1756867845272,147.08988818957363,148.12139892578125,6024900.0,JNJ
2023-05-01 04:00:00+00:00,148.0309295654297,148.66431095342114,146.8003540944697,148.0309295654297,4893400.0,JNJ
2023-05-02 04:00:00+00:00,148.7004759231456,149.7319865448465,147.99470622443852,149.32481384277344,7541700.0,JNJ
2023-05-03 04:00:00+00:00,149.79533999585485,150.3653762881221,147.04463564561388,147.37037658691406,5937200.0,JNJ
2023-05-04 04:00:00+00:00,147.19845353863226,147.39751821113106,145.9045469740673,146.7008056640625,5128000.0,JNJ
2023-05-05 04:00:00+00:00,147.3432173565614,147.6056270411024,146.30266341122217,147.1984405517578,5194500.0,JNJ
2023-05-08 04:00:00+00:00,146.5741229040828,147.09892848953103,145.98597228624823,146.86366271972656,4994900.0,JNJ
2023-05-09 04:00:00+00:00,146.35695304774526,146.7007945116816,145.48830601499733,145.72357177734375,5520500.0,JNJ
2023-05-10 04:00:00+00:00,145.85929154536635,146.5560178468198,144.82778095923612,146.26646423339844,6756600.0,JNJ
2023-05-11 04:00:00+00:00,146.4293231766972,146.7550640474908,144.22152547539332,145.6692657470703,5867600.0,JNJ
2023-05-12 04:00:00+00:00,146.00406887686947,146.18503298257016,144.78253700170632,145.47926330566406,3904200.0,JNJ
2023-05-15 04:00:00+00:00,145.49739139967323,145.70549947028832,143.81439866539546,144.36634826660156,5104500.0,JNJ
2023-05-16 04:00:00+00:00,143.92294753881797,144.99970260969923,143.44338644439333,144.17630004882812,5599200.0,JNJ
2023-05-17 04:00:00+00:00,144.5834602440633,144.82776935998632,142.75570498076158,143.85960388183594,6840700.0,JNJ
2023-05-18 04:00:00+00:00,143.56104022575835,143.80533559168313,142.56571678676679,143.39816284179688,5173000.0,JNJ
2023-05-19 04:00:00+00:00,143.49766259487828,144.7101371948733,143.090489937468,143.78721618652344,6527100.0,JNJ
2023-05-22 04:00:00+00:00,144.04251100515998,145.08180451547207,142.93028290858126,143.0123291015625,5675900.0,JNJ
2023-05-23 04:00:00+00:00,143.22203123405924,144.28867354969393,142.55650830456807,142.9576416015625,5793000.0,JNJ
2023-05-24 04:00:00+00:00,143.20377319071005,143.25847064851945,142.14624263689856,142.8208770751953,5015100.0,JNJ
2023-05-25 04:00:00+00:00,142.2647621793048,142.48355200917356,140.14058947895313,140.76963806152344,6886100.0,JNJ
2023-05-26 04:00:00+00:00,141.02488153153624,141.5627583325052,140.57816250941042,140.7149200439453,6845400.0,JNJ
2023-05-30 04:00:00+00:00,140.36849533119317,141.6539411381206,139.77592103424823,140.733154296875,5593100.0,JNJ
2023-05-31 04:00:00+00:00,141.03402970076735,141.93657958364508,140.2591257808878,141.3622283935547,11324600.0,JNJ
2023-06-01 04:00:00+00:00,140.8881072998047,141.34393787253853,139.6208988640384,140.8881072998047,7901300.0,JNJ
2023-06-02 04:00:00+00:00,141.05223200283126,143.41343134006178,140.47788095453578,143.1034698486328,7659700.0,JNJ
2023-06-05 04:00:00+00:00,142.90291354959587,144.62595290773126,142.90291354959587,144.334228515625,6430500.0,JNJ
2023-06-06 04:00:00+00:00,145.48293840272098,145.51028713383093,143.49550917334733,144.20660400390625,5073600.0,JNJ
2023-06-07 04:00:00+00:00,144.1336597025058,144.77181984188414,143.53195989501438,144.5165557861328,6504300.0,JNJ
2023-06-08 04:00:00+00:00,144.49831016474752,146.2486981201545,143.87838718320305,146.1028289794922,5818400.0,JNJ
2023-06-09 04:00:00+00:00,146.24870818816623,146.53132097337567,145.38263271098788,145.8749237060547,6264400.0,JNJ
2023-06-12 04:00:00+00:00,145.8658299111593,146.0937452703955,144.7080159912016,145.774658203125,6510600.0,JNJ
2023-06-13 04:00:00+00:00,145.6196945051431,146.63163937525772,145.09092914040423,146.5404815673828,6066800.0,JNJ
2023-06-14 04:00:00+00:00,147.3244838886607,147.76207745399233,146.75924437630664,147.2880096435547,6699100.0,JNJ
2023-06-15 04:00:00+00:00,147.7347423291816,149.43043320068776,147.16950276477962,149.26632690429688,7138300.0,JNJ
2023-06-16 04:00:00+00:00,149.9500680673941,150.41502429950143,149.3939540388232,149.72215270996094,13426600.0,JNJ
2023-06-20 04:00:00+00:00,149.74951850288122,150.706765895342,149.3392735949269,149.63101196289062,7995800.0,JNJ
2023-06-21 04:00:00+00:00,149.1295749669805,150.35119791654694,148.31819686933125,149.403076171875,7177500.0,JNJ
2023-06-22 04:00:00+00:00,149.42132092031895,151.08055160120094,149.3210375944321,150.9893798828125,5485900.0,JNJ
2023-06-23 04:00:00+00:00,151.43606067115883,151.58192981927616,150.4514647876382,150.86170959472656,9450700.0,JNJ
2023-06-26 04:00:00+00:00,150.40590553734214,150.40590553734214,147.07834673370914,149.1751708984375,6978800.0,JNJ
2023-06-27 04:00:00+00:00,149.22072070422334,149.4030640999856,148.09026955124617,148.86517333984375,4927500.0,JNJ
2023-06-28 04:00:00+00:00,148.78313614424863,148.78313614424863,147.60709907130226,148.56434631347656,6780400.0,JNJ
2023-06-29 04:00:00+00:00,148.27262108567945,149.80421959058776,147.89883654396877,149.60365295410156,4547500.0,JNJ
2023-06-30 04:00:00+00:00,150.29649351855736,151.28108946420937,149.83155122929745,150.898193359375,7580000.0,JNJ
2023-07-03 04:00:00+00:00,149.8224272168611,149.86801306783798,148.56434397715975,148.91989135742188,4033700.0,JNJ
2023-07-05 04:00:00+00:00,148.5916880633296,149.4395264394481,148.35464720999462,148.42758178710938,7224600.0,JNJ
2023-07-06 04:00:00+00:00,147.91708309656718,148.02647802858692,146.77750618519147,147.3245086669922,6332500.0,JNJ
2023-07-07 04:00:00+00:00,146.29429581474798,146.81393554303182,145.13648202208864,145.18206787109375,7022200.0,JNJ
2023-07-10 04:00:00+00:00,145.34616332260245,146.13931816176876,144.9541556166953,145.41909790039062,5739200.0,JNJ
2023-07-11 04:00:00+00:00,145.07266719809547,146.1393092503645,143.67782652121693,144.61683654785156,6606700.0,JNJ
2023-07-12 04:00:00+00:00,144.8994620831422,144.8994620831422,143.9331032452763,144.1154327392578,6940400.0,JNJ
2023-07-13 04:00:00+00:00,144.04251649632602,145.07269843919596,143.50463955181095,144.7809600830078,6401700.0,JNJ
2023-07-14 04:00:00+00:00,145.11826581440238,146.07551313807377,144.93593630295305,145.747314453125,5362200.0,JNJ
2023-07-17 04:00:00+00:00,145.63792853050973,145.74732346197115,144.17926452705314,145.01800537109375,5486800.0,JNJ
2023-07-18 04:00:00+00:00,145.0179756139728,146.67719201436032,144.21570918560852,145.00885009765625,6332500.0,JNJ
2023-07-19 04:00:00+00:00,143.96048231114983,146.239636243335,143.43171692958066,144.7171630859375,7522600.0,JNJ
2023-07-20 04:00:00+00:00,147.63445243449075,154.19841186982762,147.05098968270192,153.50555419921875,21892900.0,JNJ
2023-07-21 04:00:00+00:00,153.32319152333378,155.72999072178015,153.32319152333378,155.1556396484375,12080000.0,JNJ
2023-07-24 04:00:00+00:00,156.34993715159226,158.46499837219187,155.88499482452838,155.967041015625,15155400.0,JNJ
2023-07-25 04:00:00+00:00,155.39267540218756,157.42567633173857,154.75451523493481,157.1613006591797,13790100.0,JNJ
2023-07-26 04:00:00+00:00,156.80574568673296,158.49232467851652,156.2587433351146,157.46214294433594,14288200.0,JNJ
2023-07-27 04:00:00+00:00,156.96984848860737,158.8934545416139,156.84221645285166,158.34646606445312,12446400.0,JNJ
2023-07-28 04:00:00+00:00,158.62907210416415,159.86893207474557,157.9270889819991,159.06666564941406,14138800.0,JNJ
2023-07-31 04:00:00+00:00,154.6997976916536,155.1829770348937,151.98305109763155,152.73060607910156,22632700.0,JNJ
2023-08-01 04:00:00+00:00,151.67309893543032,154.1528189952981,151.3904861341183,153.97048950195312,15810300.0,JNJ
2023-08-02 04:00:00+00:00,153.93401661054895,156.11288656877565,153.93401661054895,154.90037536621094,14595600.0,JNJ
2023-08-03 04:00:00+00:00,154.9368541102576,156.18583970345452,154.68159002789233,155.56590270996094,17424800.0,JNJ
2023-08-04 04:00:00+00:00,155.29240138580778,157.42568574859604,153.0588337113919,154.10723876953125,23415100.0,JNJ
2023-08-07 04:00:00+00:00,154.51751048335183,158.0273988627869,154.3989900385361,157.80860900878906,17736400.0,JNJ
2023-08-08 04:00:00+00:00,157.70831152102463,158.21883968229002,156.24964770811,157.8815155029297,27378700.0,JNJ
2023-08-09 04:00:00+00:00,157.71742702284084,158.85700380768796,156.8513514485269,157.78125,42974400.0,JNJ
2023-08-10 04:00:00+00:00,158.62909656215942,160.4250707797829,156.47757492591683,156.96075439453125,48213800.0,JNJ
2023-08-11 04:00:00+00:00,157.24332423237396,158.58346734632755,156.4592950222436,158.4923095703125,45905600.0,JNJ
2023-08-14 04:00:00+00:00,158.19151064061234,160.08776826905918,156.57786585726345,158.1185760498047,64036900.0,JNJ
2023-08-15 04:00:00+00:00,157.5350724446197,159.1395912943878,156.93337265938894,157.66270446777344,88958100.0,JNJ
2023-08-16 04:00:00+00:00,157.28893269263023,159.29458489435956,156.92427371444248,157.1613006591797,85832700.0,JNJ
2023-08-17 04:00:00+00:00,157.58977862483303,159.89628068512874,157.49860692716723,158.63818359375,70904200.0,JNJ
2023-08-18 04:00:00+00:00,157.87241028614335,158.61997934600097,156.17671944711347,157.2524871826172,49631700.0,JNJ
2023-08-21 04:00:00+00:00,154.6998279545972,154.8456971198061,151.2993347669038,152.56654357910156,151319500.0,JNJ
2023-08-22 04:00:00+00:00,152.11982668602045,153.0132509919115,150.7979203953874,151.35403442382812,56834800.0,JNJ
2023-08-23 04:00:00+00:00,151.2446229300974,151.79162534251822,149.02929237257635,149.9956512451172,119011400.0,JNJ
2023-08-24 04:00:00+00:00,149.53980577365334,151.9465911111438,149.38482501796753,150.50616455078125,70755100.0,JNJ
2023-08-25 04:00:00+00:00,150.87349455482223,154.06910689016874,150.65310218237283,152.6641387939453,18185500.0,JNJ
2023-08-28 04:00:00+00:00,151.51628893677844,152.62741455419504,149.8358338689668,150.8643035888672,18458000.0,JNJ
2023-08-29 04:00:00+00:00,151.39691003782835,152.1407150426269,149.46852928684118,150.88267517089844,12208600.0,JNJ
2023-08-30 04:00:00+00:00,151.61726797809823,152.27843094594004,150.3041198015791,150.35003662109375,9939100.0,JNJ
2023-08-31 04:00:00+00:00,150.0194866797382,150.20315399641402,148.10028372237767,148.46759033203125,15333000.0,JNJ
2023-09-01 04:00:00+00:00,148.22884759686147,149.2022227569912,146.9340686332099,147.36566162109375,8610100.0,JNJ
2023-09-05 04:00:00+00:00,147.43911197339338,148.73389081607974,147.181994559337,147.54930114746094,9019800.0,JNJ
2023-09-06 04:00:00+00:00,146.77795873845986,146.92488698829195,144.491449152288,145.09750366210938,9753800.0,JNJ
2023-09-07 04:00:00+00:00,146.13513886059798,147.89823550573448,145.98821063720828,146.95240783691406,9931800.0,JNJ
2023-09-08 04:00:00+00:00,146.54836904341906,147.54929133959462,146.18106247971068,147.43910217285156,6957000.0,JNJ
2023-09-11 04:00:00+00:00,147.8982233277671,149.3950247051287,147.3380717825827,149.3674774169922,6309300.0,JNJ
2023-09-12 04:00:00+00:00,148.96344887591985,150.53370052664096,148.32983315263527,150.21231079101562,6045800.0,JNJ
2023-09-13 04:00:00+00:00,150.37760681156865,151.4703628279419,149.67971868894077,150.5888214111328,7397500.0,JNJ
2023-09-14 04:00:00+00:00,151.22240947654882,151.76420556130253,150.08375074865614,150.35923767089844,7758400.0,JNJ
2023-09-15 04:00:00+00:00,150.57964212569536,151.35100844417988,148.0360150660639,148.2563934326172,13392100.0,JNJ
2023-09-18 04:00:00+00:00,148.871619924035,149.81744765295187,147.6135802094625,149.19302368164062,5789000.0,JNJ
2023-09-19 04:00:00+00:00,148.9910004422415,149.54197430747567,148.19210094831465,148.94508361816406,5550800.0,JNJ
2023-09-20 04:00:00+00:00,148.93591334921862,150.17558359057688,148.44922581558308,149.59707641601562,3837400.0,JNJ
2023-09-21 04:00:00+00:00,149.28487265486805,150.13886682303638,148.38494764592963,148.44923400878906,4526700.0,JNJ
2023-09-22 04:00:00+00:00,148.11864513521317,148.2104647766677,147.15444782292732,147.38401794433594,4976700.0,JNJ
2023-09-25 04:00:00+00:00,146.98917372012403,147.25546891324356,145.75866713951035,147.16363525390625,6722500.0,JNJ
2023-09-26 04:00:00+00:00,146.75038344600947,146.99832306881797,145.87801989831613,146.0249481201172,4904800.0,JNJ
2023-09-27 04:00:00+00:00,145.6209152507886,145.7861990058842,142.5722174351137,144.2710418701172,10211600.0,JNJ
2023-09-28 04:00:00+00:00,144.62917437970808,145.05158956215718,143.45377649617322,144.05984497070312,7861900.0,JNJ
2023-09-29 04:00:00+00:00,144.5097807714085,144.72099535004872,142.65486446853254,143.0221710205078,7680700.0,JNJ
2023-10-02 04:00:00+00:00,142.7191463106435,142.7191463106435,140.79076576663044,142.47120666503906,7259700.0,JNJ
2023-10-03 04:00:00+00:00,142.03962241913092,142.79261916226554,141.31418698216945,142.64569091796875,5740800.0,JNJ
2023-10-04 04:00:00+00:00,142.8569214716217,143.18748904041996,141.93864086002606,142.81100463867188,4955200.0,JNJ
2023-10-05 04:00:00+00:00,143.49968450638667,145.1250307538907,143.31603122558843,144.298583984375,5993300.0,JNJ
2023-10-06 04:00:00+00:00,144.24351657698725,145.36382001632452,143.7935540441879,144.75775146484375,5802200.0,JNJ
2023-10-09 04:00:00+00:00,144.3353358401083,145.89642404641884,144.25269395017887,145.58419799804688,4414100.0,JNJ
2023-10-10 04:00:00+00:00,145.4372690693235,146.25453814820506,144.99648434383693,145.4188995361328,5273500.0,JNJ
2023-10-11 04:00:00+00:00,145.51074582083297,146.05252799627516,143.28849450285895,143.41705322265625,6922900.0,JNJ
2023-10-12 04:00:00+00:00,143.17829593826372,143.7659949062441,142.3977659091445,143.55479431152344,5792400.0,JNJ
2023-10-13 04:00:00+00:00,143.92209966775584,144.5006208698679,143.29767564985906,144.0323028564453,5359800.0,JNJ
2023-10-16 04:00:00+00:00,144.92301692165333,145.31787076106806,144.02309205684665,144.65670776367188,6408100.0,JNJ
2023-10-17 04:00:00+00:00,143.2334154453829,145.9607101650298,141.97537540721652,143.3344268798828,12244400.0,JNJ
2023-10-18 04:00:00+00:00,142.70997670167318,143.20584200935713,139.62455364317165,140.2489776611328,9097300.0,JNJ
2023-10-19 04:00:00+00:00,139.27562199851045,140.59794835261792,137.8798315123025,139.8725128173828,7733800.0,JNJ
2023-10-20 04:00:00+00:00,140.25816983679383,141.29581728278131,139.88167146566855,140.49691772460938,7207000.0,JNJ
2023-10-23 04:00:00+00:00,140.36833638486323,140.95603525476756,138.853179395658,139.01846313476562,5874000.0,JNJ
2023-10-24 04:00:00+00:00,138.4308112322368,139.54193700999525,137.86148169968428,138.87158203125,6155300.0,JNJ
2023-10-25 04:00:00+00:00,138.88074262048872,139.73473672755688,137.95327038292467,139.18377685546875,5880800.0,JNJ
2023-10-26 04:00:00+00:00,139.5510856501333,139.5510856501333,136.7136023301106,136.82379150390625,7612500.0,JNJ
2023-10-27 04:00:00+00:00,136.35550607538755,136.5116121128373,133.10478455341791,133.70167541503906,11385800.0,JNJ
2023-10-30 04:00:00+00:00,134.15156950044394,135.20760028275015,134.06892763392355,135.01475524902344,8205300.0,JNJ
2023-10-31 04:00:00+00:00,135.48307009684746,136.4013504022701,134.65662342670527,136.2176971435547,7576900.0,JNJ
2023-11-01 04:00:00+00:00,136.99826376413353,137.52167633900675,136.32792295314408,136.53912353515625,5733000.0,JNJ
2023-11-02 04:00:00+00:00,135.63922990380186,138.1093928806954,135.48310987561806,137.9624786376953,5349100.0,JNJ
2023-11-03 04:00:00+00:00,138.85318251705314,139.8265574786029,137.87979354365675,138.97254943847656,4926800.0,JNJ
2023-11-06 05:00:00+00:00,139.37662574914643,139.97350252328096,139.00012734732016,139.30316162109375,4851400.0,JNJ
2023-11-07 05:00:00+00:00,139.51433968948862,139.80819615421873,138.36648914635052,138.56851196289062,4840400.0,JNJ
2023-11-08 05:00:00+00:00,138.98177240803034,139.4225431663482,138.0543000478378,138.06349182128906,5460000.0,JNJ
2023-11-09 05:00:00+00:00,138.2012463207656,138.2012463207656,135.22601178760013,135.37294006347656,6973600.0,JNJ
2023-11-10 05:00:00+00:00,136.1350926915737,136.36466283101987,133.7383798752818,135.21681213378906,6930700.0,JNJ
2023-11-13 05:00:00+00:00,135.21679906005946,135.81367576016942,134.66582517392104,135.5657501220703,5889300.0,JNJ
2023-11-14 05:00:00+00:00,135.57490744761046,136.40135414040174,134.95966130753766,135.59327697753906,6713600.0,JNJ
2023-11-15 05:00:00+00:00,135.308647949909,137.20948144864374,135.23518382269395,136.64015197753906,6729100.0,JNJ
2023-11-16 05:00:00+00:00,137.2829189808146,137.8981651637217,136.49319728105309,137.83389282226562,6875600.0,JNJ
2023-11-17 05:00:00+00:00,138.2471423115521,138.46752068028331,136.8880909942616,137.5492401123047,7023300.0,JNJ
2023-11-20 05:00:00+00:00,136.9105571715328,139.21537727767472,136.5680629150258,138.76182556152344,8851700.0,JNJ
2023-11-21 05:00:00+00:00,138.93771437758645,140.0392073327395,138.48414848495264,139.88185119628906,5916300.0,JNJ
2023-11-22 05:00:00+00:00,140.3539025937841,140.7334018391259,139.20611122928594,139.60414123535156,4633500.0,JNJ
2023-11-24 05:00:00+00:00,139.6411707389825,141.32581757528126,139.6411707389825,141.15921020507812,3351400.0,JNJ
2023-11-27 05:00:00+00:00,140.96480782144414,140.9925898379735,139.74297818041498,140.02992248535156,6449700.0,JNJ
2023-11-28 05:00:00+00:00,140.1410063271629,140.5205197229502,139.62265345684682,140.35391235351562,5909000.0,JNJ
2023-11-29 05:00:00+00:00,140.0762242322516,140.88152146109968,139.83556442654194,140.7982177734375,5190000.0,JNJ
2023-11-30 05:00:00+00:00,140.93706912696013,143.60290034920348,140.6223568643503,143.15859985351562,12481900.0,JNJ
2023-12-01 05:00:00+00:00,144.80622649679424,146.67601166451072,143.90836013093354,146.60195922851562,10342900.0,JNJ
2023-12-04 05:00:00+00:00,146.2501805546485,148.1199652987534,146.2501805546485,147.0647430419922,8920300.0,JNJ
2023-12-05 05:00:00+00:00,146.99070113262064,147.7589791473781,146.4538316479447,146.75929260253906,7268200.0,JNJ
2023-12-06 05:00:00+00:00,146.73153755369032,146.86112577691787,144.55629153088088,144.9728240966797,6642900.0,JNJ
2023-12-07 05:00:00+00:00,144.93579198138076,144.93579198138076,143.20486069934313,143.84353637695312,6532400.0,JNJ
2023-12-08 05:00:00+00:00,143.8620507298547,144.2600807390312,142.39954715084056,142.93641662597656,6254700.0,JNJ
2023-12-11 05:00:00+00:00,143.01048621080156,143.91760378672305,142.87164672818096,143.52883911132812,6090400.0,JNJ
2023-12-12 05:00:00+00:00,143.4732847712825,143.76949446132465,142.22367309300722,143.5380859375,5324400.0,JNJ
2023-12-13 05:00:00+00:00,142.23295284947693,144.3433976701454,140.48350479750025,144.2045440673828,10764600.0,JNJ
2023-12-14 05:00:00+00:00,144.83400606464082,145.4726960180095,143.5196069989521,145.20425415039062,9240700.0,JNJ
2023-12-15 05:00:00+00:00,143.9268446006741,145.03760264420976,142.32548751282155,143.6213836669922,21727800.0,JNJ
2023-12-18 05:00:00+00:00,143.66767756575695,144.80620357534028,143.25113091371276,143.8805694580078,7231400.0,JNJ
2023-12-19 05:00:00+00:00,143.75099845441596,144.86175670336831,143.4177695673245,144.82473754882812,6651500.0,JNJ
2023-12-20 05:00:00+00:00,144.8987617031925,145.0098474040763,141.72384339037978,141.8719482421875,7008300.0,JNJ
2023-12-21 05:00:00+00:00,142.26070649279313,143.59362185105726,141.8997097602679,143.32518005371094,4598600.0,JNJ
2023-12-22 05:00:00+00:00,143.70468900035306,144.8894994770016,143.49179711953238,143.89907836914062,3798900.0,JNJ
2023-12-26 05:00:00+00:00,143.47329628837332,144.72290806695918,143.33445681255557,144.5285186767578,4170000.0,JNJ
2023-12-27 05:00:00+00:00,143.93612091440693,144.88027177160404,143.86206848207215,144.72291564941406,5288100.0,JNJ
2023-12-28 05:00:00+00:00,144.39892153554206,145.54671291958718,144.38967027907805,144.935791015625,4377500.0,JNJ
2023-12-29 05:00:00+00:00,144.8709715751573,145.23196826850025,144.380386687385,145.08387756347656,4313700.0,JNJ
2024-01-02 05:00:00+00:00,145.25976415261727,149.6195073269326,145.13017593321388,148.07369995117188,9622100.0,JNJ
2024-01-03 05:00:00+00:00,148.6938981072756,149.43440839559455,147.91636866036723,148.99935913085938,8232000.0,JNJ
2024-01-04 05:00:00+00:00,149.57321695176958,149.9342137005842,148.49022670532577,148.6846160888672,6766600.0,JNJ
2024-01-05 05:00:00+00:00,148.56429160318703,149.34182095451408,147.61088949104754,149.14744567871094,5602500.0,JNJ
2024-01-08 05:00:00+00:00,149.1196690267337,149.63802189718376,147.74046904181336,149.51768493652344,6569800.0,JNJ
2024-01-09 05:00:00+00:00,149.61024475097656,151.13753537297228,148.65684275376978,149.61024475097656,6357000.0,JNJ
2024-01-10 05:00:00+00:00,149.78611179795084,150.52660775377248,149.21220907091757,149.83238220214844,4945100.0,JNJ
2024-01-11 05:00:00+00:00,150.01753518797625,150.1378580244959,148.82345921133077,149.1659393310547,4946000.0,JNJ
2024-01-12 05:00:00+00:00,149.80463433120465,150.38778839220424,149.66579485194612,150.31373596191406,4496900.0,JNJ
2024-01-16 05:00:00+00:00,149.55472820731845,150.18415269948522,148.26808307810143,148.5828094482422,6923200.0,JNJ
2024-01-17 05:00:00+00:00,148.3328738322646,149.3047925230595,147.98112833249627,148.49948120117188,5072100.0,JNJ
2024-01-18 05:00:00+00:00,148.10147297804963,149.36958732072588,147.81452863400378,149.22149658203125,5368500.0,JNJ
2024-01-19 05:00:00+00:00,149.16593968185595,149.87868194192987,148.3606424799382,149.65652465820312,7071300.0,JNJ
2024-01-22 05:00:00+00:00,149.95275288388012,151.41525673652345,149.3418308712459,150.38780212402344,6824200.0,JNJ
2024-01-23 05:00:00+00:00,147.78677390965177,148.57355458053743,145.2412796159673,147.9256134033203,9149800.0,JNJ
2024-01-24 05:00:00+00:00,147.8700846298328,148.65687946215036,146.398329430803,147.1388397216797,7247900.0,JNJ
2024-01-25 05:00:00+00:00,147.17586089370067,147.74974966805263,146.6852758206464,147.6942138671875,5478900.0,JNJ
2024-01-26 05:00:00+00:00,148.49948965267026,148.78644812221387,147.50906839166683,147.63865661621094,5591900.0,JNJ
2024-01-29 05:00:00+00:00,147.18508610757323,148.166270204117,147.13881569774614,147.50906372070312,6483200.0,JNJ
2024-01-30 05:00:00+00:00,147.49980589759576,147.8793051608134,146.3705311165729,146.9629364013672,7200500.0,JNJ
2024-01-31 05:00:00+00:00,148.47170309474942,148.67534372544543,146.87036006614477,147.083251953125,8256800.0,JNJ
2024-02-01 05:00:00+00:00,146.3982958006264,146.7037567550957,145.37084136252275,146.5834197998047,8012000.0,JNJ
2024-02-02 05:00:00+00:00,146.22244038779462,146.53715263610195,144.34340403152896,144.9635772705078,8295900.0,JNJ
2024-02-05 05:00:00+00:00,144.96358290644991,145.22275937090376,143.78802343435405,144.2138214111328,9121600.0,JNJ
2024-02-06 05:00:00+00:00,144.2415950750863,146.9259289031153,144.0287031402158,146.30575561523438,9229900.0,JNJ
2024-02-07 05:00:00+00:00,146.06505159102502,147.51828966199812,145.96323128357687,146.23165893554688,8690300.0,JNJ
2024-02-08 05:00:00+00:00,145.6392479870792,145.6392479870792,143.76021212517045,144.76914978027344,9755000.0,JNJ
2024-02-09 05:00:00+00:00,144.64883483612698,145.50966771051117,144.09344876461464,145.10238647460938,6529200.0,JNJ
2024-02-12 05:00:00+00:00,144.9357992979085,146.62971151529834,144.7229073946248,146.11135864257812,6701500.0,JNJ
2024-02-13 05:00:00+00:00,145.91697469389686,146.66673613589802,144.16752662120854,144.833984375,8621000.0,JNJ
2024-02-14 05:00:00+00:00,144.72290154312319,144.82472186215185,143.32518497063379,144.15826416015625,9098800.0,JNJ
2024-02-15 05:00:00+00:00,144.3803998273031,146.69448502704086,144.2970961498858,146.17613220214844,7462500.0,JNJ
2024-02-16 05:00:00+00:00,146.0549062199334,146.67045245617985,145.18752297361556,146.00827026367188,8541000.0,JNJ
2024-02-20 05:00:00+00:00,146.01757791258814,147.92953808759427,145.90566301321226,147.23004150390625,9501700.0,JNJ
2024-02-21 05:00:00+00:00,147.37928105007472,148.00416300029775,146.54921228260886,147.9948272705078,7472500.0,JNJ
2024-02-22 05:00:00+00:00,148.27461546844899,149.9161098591395,147.14610230614338,149.6456298828125,8065000.0,JNJ
2024-02-23 05:00:00+00:00,150.04669937615225,151.32444203687112,149.3751814532631,150.94204711914062,6726000.0,JNJ
2024-02-26 05:00:00+00:00,150.90475125369008,151.10060235193652,149.75758069864375,149.96275329589844,5465400.0,JNJ
2024-02-27 05:00:00+00:00,149.5430503878831,150.19591106702242,148.89018970874383,150.13995361328125,5078600.0,JNJ
2024-02-28 05:00:00+00:00,150.15861801372034,150.7275425394217,149.49642157313178,150.6715850830078,6071100.0,JNJ
2024-02-29 05:00:00+00:00,151.0912770182107,151.2684851139431,150.10265735917295,150.51303100585938,9849100.0,JNJ
2024-03-01 05:00:00+00:00,150.93272026836178,151.622895395551,150.24254514117254,151.20318603515625,5670100.0,JNJ
2024-03-04 05:00:00+00:00,150.45708688067094,150.72755268196988,147.61246406074784,149.0767364501953,8532900.0,JNJ
2024-03-05 05:00:00+00:00,149.80419224344263,150.38245246246427,148.47981367817857,149.19796752929688,8298200.0,JNJ
2024-03-06 05:00:00+00:00,148.72232648452152,150.09332687929597,148.4984824245092,148.6103973388672,5773700.0,JNJ
2024-03-07 05:00:00+00:00,149.2259557129169,149.56171468252282,147.58447532334145,148.1720428466797,5188700.0,JNJ
2024-03-08 05:00:00+00:00,148.1720659752202,149.5897167605404,147.76169225594606,148.77830505371094,5284000.0,JNJ
2024-03-11 04:00:00+00:00,148.75030004198456,150.4570735830917,148.18137552828216,150.3731231689453,4620800.0,JNJ
2024-03-12 04:00:00+00:00,150.69957196948877,152.12654411047785,150.2798767923679,151.78146362304688,8018700.0,JNJ
2024-03-13 04:00:00+00:00,151.5856076521117,151.72550130936548,149.04876497105897,150.2519073486328,6260000.0,JNJ
2024-03-14 04:00:00+00:00,150.10265257741497,150.66224134310053,148.00416268567943,148.48915100097656,6988300.0,JNJ
2024-03-15 04:00:00+00:00,147.41655801093643,148.4704706576073,146.52121043271654,147.52847290039062,13165500.0,JNJ
2024-03-18 04:00:00+00:00,147.89223187032877,148.00414676516834,145.96161454658295,146.2041015625,6602300.0,JNJ
2024-03-19 04:00:00+00:00,146.1201787329609,146.29738682016622,145.17819507570042,145.691162109375,7840600.0,JNJ
2024-03-20 04:00:00+00:00,145.21551165737887,145.90568685600016,144.75851625605245,145.27146911621094,5982300.0,JNJ
2024-03-21 04:00:00+00:00,145.1129013768952,146.38132247778574,144.65590602867186,145.2621307373047,5915800.0,JNJ
2024-03-22 04:00:00+00:00,145.20617624784992,145.8310581971082,144.66523047879903,144.7771453857422,7248600.0,JNJ
2024-03-25 04:00:00+00:00,144.9357099006424,145.47665572065048,144.46937876939026,144.76783752441406,7498100.0,JNJ
2024-03-26 04:00:00+00:00,145.1315628715314,145.70980887099935,144.33879432343232,145.28079223632812,6864100.0,JNJ
2024-03-27 04:00:00+00:00,145.48595785135367,147.5657902316382,144.9729908791866,147.32330322265625,8461600.0,JNJ
2024-03-28 04:00:00+00:00,147.54716329599404,148.4238680772601,147.46322711003359,147.537841796875,6181500.0,JNJ
2024-04-01 04:00:00+00:00,147.0994990819811,147.50053703992424,146.21347274331598,147.15545654296875,4364700.0,JNJ
2024-04-02 04:00:00+00:00,146.02693304737934,147.20208234087585,145.44867278407153,147.1088104248047,6102300.0,JNJ
2024-04-03 04:00:00+00:00,147.16476349579548,147.4072647778344,143.86314554220485,143.87246704101562,8098200.0,JNJ
2024-04-04 04:00:00+00:00,144.85176609157293,145.02897418913292,142.14705136513,142.23098754882812,6947400.0,JNJ
2024-04-05 04:00:00+00:00,141.79264372361794,142.70664876315846,141.4009272781006,142.12840270996094,6783000.0,JNJ
2024-04-08 04:00:00+00:00,141.75536721024412,142.73465137222314,141.35431496690384,141.38229370117188,5935400.0,JNJ
2024-04-09 04:00:00+00:00,141.34494960080787,142.25895450960823,140.77602512841997,142.0351104736328,6135300.0,JNJ
2024-04-10 04:00:00+00:00,141.326303654087,141.59678366472573,139.67548755632419,140.0858612060547,6809500.0,JNJ
2024-04-11 04:00:00+00:00,140.64545779539762,140.71073674689092,138.3977385547712,138.7707977294922,8374400.0,JNJ
2024-04-12 04:00:00+00:00,138.08996556389576,139.03196351103986,137.2412395309646,137.58633422851562,7100200.0,JNJ
2024-04-15 04:00:00+00:00,138.37908670903346,139.4236780552141,137.44642450465895,137.651611328125,8502300.0,JNJ
2024-04-16 04:00:00+00:00,135.24532621957619,136.40183234873913,133.73441816911202,134.72303771972656,12774900.0,JNJ
2024-04-17 04:00:00+00:00,135.23600793747912,135.6184028237096,133.87431497509763,135.02149963378906,9378100.0,JNJ
2024-04-18 04:00:00+00:00,135.21734568282452,135.9821354268504,133.49192935689524,135.92617797851562,9887700.0,JNJ
2024-04-19 04:00:00+00:00,136.30857861664762,138.15526007037997,134.80699186376418,137.9500732421875,9750800.0,JNJ
2024-04-22 04:00:00+00:00,138.50968864494124,140.15118358579218,137.3811751044051,139.07861328125,10118700.0,JNJ
2024-04-23 04:00:00+00:00,139.7687388461227,140.35632050619856,138.22051638924285,139.4889373779297,10110400.0,JNJ
2024-04-24 04:00:00+00:00,138.16456739220152,138.95733589535283,136.97076100410416,138.52830505371094,9756300.0,JNJ
2024-04-25 04:00:00+00:00,139.31173339204193,139.5075986949085,136.47644686840596,136.93345642089844,7642700.0,JNJ
2024-04-26 04:00:00+00:00,136.82152861661461,137.26920244440964,136.12203203449357,136.2992401123047,6183000.0,JNJ
2024-04-29 04:00:00+00:00,136.29923879231103,137.30651556856566,136.1593451697594,136.93345642089844,6149600.0,JNJ
2024-04-30 04:00:00+00:00,136.9894423184373,136.9894423184373,134.7976802346712,134.8536376953125,8817700.0,JNJ
2024-05-01 04:00:00+00:00,138.72419390027466,141.62477418645875,137.67960245998168,140.9998779296875,14470900.0,JNJ
2024-05-02 04:00:00+00:00,141.80194622407853,142.0724262155775,139.09723169685856,139.82470703125,8459800.0,JNJ
2024-05-03 04:00:00+00:00,139.79676725499527,139.79676725499527,137.86616347776592,139.21852111816406,6532700.0,JNJ
2024-05-06 04:00:00+00:00,139.77809453753338,139.94598115203684,137.9500843965679,138.57496643066406,5042800.0,JNJ
2024-05-07 04:00:00+00:00,139.3210657580507,139.64748894655654,138.4536826252852,138.70550537109375,7333500.0,JNJ
2024-05-08 04:00:00+00:00,139.07857954916457,139.64750404748654,138.68686314182256,138.92002868652344,7735100.0,JNJ
2024-05-09 04:00:00+00:00,138.9480193478948,139.9926107551576,138.86408316010397,139.7594451904297,6546200.0,JNJ
2024-05-10 04:00:00+00:00,139.8993506235736,139.98328681843626,139.14389640721396,139.81541442871094,5710600.0,JNJ
2024-05-13 04:00:00+00:00,139.9366065413659,141.76463040573526,139.62884059099687,141.0371551513672,5628500.0,JNJ
2024-05-14 04:00:00+00:00,141.62478433021528,141.96054334734055,140.55221408295202,141.18643188476562,8254200.0,JNJ
2024-05-15 04:00:00+00:00,141.59677209163476,142.65067062634543,141.11178379692942,142.3895263671875,5548000.0,JNJ
2024-05-16 04:00:00+00:00,142.6973220172222,143.98440045609826,142.07244002725528,143.89112854003906,7591000.0,JNJ
2024-05-17 04:00:00+00:00,144.43206975834843,144.43206975834843,143.35951391420488,144.2268829345703,6521800.0,JNJ
2024-05-20 04:00:00+00:00,143.94481312545295,144.21746516801264,142.2148319701704,142.2242431640625,7742300.0,JNJ
2024-05-21 04:00:00+00:00,142.70376260742418,143.46532342073158,141.77295808764052,142.19606018066406,5492400.0,JNJ
2024-05-22 04:00:00+00:00,141.8199685522801,144.86622609872316,141.3310741783948,144.32090759277344,6609800.0,JNJ
2024-05-23 04:00:00+00:00,143.61573982856947,143.70035449729633,140.4472662313613,140.7481231689453,8000400.0,JNJ
2024-05-24 04:00:00+00:00,140.58829417137412,140.85154937817387,137.9839326473197,138.18138122558594,9520600.0,JNJ
2024-05-28 04:00:00+00:00,138.01212020133946,138.01212020133946,135.52998974449417,135.74624633789062,10499800.0,JNJ
2024-05-29 04:00:00+00:00,135.21975314496305,136.72406656479484,135.11633043171008,135.80267333984375,8263800.0,JNJ
2024-05-30 04:00:00+00:00,135.97190147015198,136.90270588113495,135.40778932261634,136.59243774414062,8490300.0,JNJ
2024-05-31 04:00:00+00:00,136.86510969086308,138.66088326492417,136.50782860717555,137.89932250976562,14621200.0,JNJ
2024-06-03 04:00:00+00:00,138.4446611230051,139.99598775019564,137.9933684517682,138.90536499023438,7329200.0,JNJ
2024-06-04 04:00:00+00:00,138.66089015837102,139.4412589952385,137.4480367373284,138.96176147460938,8876400.0,JNJ
2024-06-05 04:00:00+00:00,139.12158295841903,139.1403910007772,137.12836085843855,137.24118041992188,5891300.0,JNJ
2024-06-06 04:00:00+00:00,136.79926230079656,138.20956397400064,136.0094968069216,137.66424560546875,5016300.0,JNJ
2024-06-07 04:00:00+00:00,137.90873139720793,139.43186738682493,137.58906637144105,138.28482055664062,5111600.0,JNJ
2024-06-10 04:00:00+00:00,137.76769112568175,138.7360972873424,136.89331082967726,138.33181762695312,5749900.0,JNJ
2024-06-11 04:00:00+00:00,138.03093016364866,138.3600063085613,136.7428591637866,137.98391723632812,5661200.0,JNJ
2024-06-12 04:00:00+00:00,138.26598689404835,138.40702568257927,136.12232929463147,136.71466064453125,6180500.0,JNJ
2024-06-13 04:00:00+00:00,136.39502204694153,137.26940245028146,135.27618010141953,136.75228881835938,6840400.0,JNJ
2024-06-14 04:00:00+00:00,136.4608240004936,137.241192846187,135.84028766348428,136.83689880371094,4075300.0,JNJ
2024-06-17 04:00:00+00:00,136.3480012389224,137.67367421436646,136.08474601356232,137.22238159179688,6666600.0,JNJ
2024-06-18 04:00:00+00:00,137.23178205835944,137.6360617134377,136.57362970007802,136.9403076171875,6156600.0,JNJ
2024-06-20 04:00:00+00:00,136.58303228259436,139.22499535805204,136.3385707890465,138.94293212890625,8749700.0,JNJ
2024-06-21 04:00:00+00:00,139.0463762212983,140.1652181163211,138.5574675053358,139.85494995117188,15172300.0,JNJ
2024-06-24 04:00:00+00:00,140.08996976074644,140.76691572877328,139.3096010935396,140.20278930664062,6914700.0,JNJ
2024-06-25 04:00:00+00:00,140.25923620982869,140.27804425456696,138.1531942818489,138.38824462890625,5912500.0,JNJ
2024-06-26 04:00:00+00:00,137.45744013943937,138.3882446788026,137.06255727780078,138.04037475585938,5267800.0,JNJ
2024-06-27 04:00:00+00:00,138.0215458509615,138.54805625357113,136.17874509549534,137.0813446044922,5739200.0,JNJ
2024-06-28 04:00:00+00:00,137.3069964067593,138.27541697871374,136.94031846061495,137.41983032226562,10495700.0,JNJ
2024-07-01 04:00:00+00:00,137.33523551591364,139.80795562482666,136.91213337763213,137.68310546875,5144400.0,JNJ
2024-07-02 04:00:00+00:00,137.67368223821228,138.3506283846871,137.02495533198066,137.297607421875,5492000.0,JNJ
2024-07-03 04:00:00+00:00,137.45743331068405,137.88052104525434,136.08474738551527,136.97793579101562,3246200.0,JNJ
2024-07-05 04:00:00+00:00,137.0531529506968,137.78650884606003,135.85909323539153,137.72068786621094,4888500.0,JNJ
2024-07-08 04:00:00+00:00,137.6454705726362,138.4164425584336,136.56424476910803,136.78048706054688,5260200.0,JNJ
2024-07-09 04:00:00+00:00,136.95910952689133,138.3318096157773,136.49840576598922,138.256591796875,5890400.0,JNJ
2024-07-10 04:00:00+00:00,138.45402775092865,140.53187877840037,137.9087093168124,140.4942626953125,6093200.0,JNJ
2024-07-11 04:00:00+00:00,140.63530361064286,141.57550485338308,139.75151214705386,140.7481231689453,6350400.0,JNJ
2024-07-12 04:00:00+00:00,141.03019322097674,141.8575749453664,140.3156454066704,140.91737365722656,5336400.0,JNJ
2024-07-15 04:00:00+00:00,141.1054089376664,141.2652414327025,139.9677590836255,140.31564331054688,6711400.0,JNJ
2024-07-16 04:00:00+00:00,140.7387239451206,142.0456030766123,140.24041844258772,141.9797821044922,6469600.0,JNJ
2024-07-17 04:00:00+00:00,142.48750921207176,148.0723072031384,142.3652784528217,147.2167205810547,13801400.0,JNJ
2024-07-18 04:00:00+00:00,146.29531179055414,147.67740869595008,145.37390428940236,146.12606811523438,10166200.0,JNJ
2024-07-19 04:00:00+00:00,147.1508865289918,147.1508865289918,144.90380620611083,145.43972778320312,7398000.0,JNJ
2024-07-22 04:00:00+00:00,145.5149375471613,145.83460249843523,144.40549271829207,145.01663208007812,6840600.0,JNJ
2024-07-23 04:00:00+00:00,144.14223963375454,144.3208801521572,142.50629877329098,143.23965454101562,6261900.0,JNJ
2024-07-24 04:00:00+00:00,143.62513427046403,147.05687735678046,143.22085462909735,146.9346466064453,7168200.0,JNJ
2024-07-25 04:00:00+00:00,147.12271015113313,150.97754160598373,146.67141749887952,150.09375,10019600.0,JNJ
2024-07-26 04:00:00+00:00,150.19715696766903,151.91772706012625,149.93390175261544,151.033935546875,8356900.0,JNJ
2024-07-29 04:00:00+00:00,150.40401070735362,150.4322156000719,148.59882584171282,149.0783233642578,5625000.0,JNJ
2024-07-30 04:00:00+00:00,149.05952354326377,151.88953893701284,148.89029417761842,151.6826934814453,6545700.0,JNJ
2024-07-31 04:00:00+00:00,150.29116901984605,150.76126962441694,148.30734389470362,148.4107666015625,8293200.0,JNJ
2024-08-01 04:00:00+00:00,149.0031162137646,151.1937872320034,148.27917145366553,151.1467742919922,7213400.0,JNJ
2024-08-02 04:00:00+00:00,152.21858984861427,154.9921952539215,151.37241438870163,154.32464599609375,11280400.0,JNJ
2024-08-05 04:00:00+00:00,153.9955572682671,155.86656293069092,150.97751927318905,151.60745239257812,12032200.0,JNJ
2024-08-06 04:00:00+00:00,151.41942663473694,151.8237063192459,149.43560126023073,149.46380615234375,7607100.0,JNJ
2024-08-07 04:00:00+00:00,149.36977484524152,151.01512710818054,148.73044485216803,149.39797973632812,5993000.0,JNJ
2024-08-08 04:00:00+00:00,149.08769673587733,151.09031534248234,148.57998010308762,150.63902282714844,5094800.0,JNJ
2024-08-09 04:00:00+00:00,150.5450360422789,151.30659684274863,149.8116801346907,151.01513671875,4579200.0,JNJ
2024-08-12 04:00:00+00:00,151.34416691629198,152.0305096782913,149.2193176693598,150.31935119628906,7605400.0,JNJ
2024-08-13 04:00:00+00:00,150.68608607359545,150.7800976080896,147.08511290212655,148.9185028076172,9711400.0,JNJ
2024-08-14 04:00:00+00:00,148.39198762585863,150.00913517003877,147.98769356664621,149.00311279296875,5141200.0,JNJ
2024-08-15 04:00:00+00:00,148.89966832782923,149.96210033797803,148.40136280983597,149.5766143798828,7237800.0,JNJ
2024-08-16 04:00:00+00:00,149.62363802365533,150.3758019516,148.721038440855,149.8586883544922,5012800.0,JNJ
2024-08-19 04:00:00+00:00,149.92451807321106,150.70487259230651,149.6142498968593,150.0843505859375,4408400.0,JNJ
2024-08-20 04:00:00+00:00,150.4321907089449,151.30657093120143,150.1219225940479,150.58262634277344,7275100.0,JNJ
2024-08-21 04:00:00+00:00,150.80828143939502,151.8237005559186,150.72366676626802,151.7766876220703,5019400.0,JNJ
2024-08-22 04:00:00+00:00,152.31264735985835,152.7733512727268,151.1749971999058,152.6417236328125,6552100.0,JNJ
2024-08-23 04:00:00+00:00,152.7826836316605,154.39983072303744,152.03051985836154,154.31521606445312,7093400.0,JNJ
2024-08-26 04:00:00+00:00,154.35286486734637,155.80078308309896,153.76053338396258,154.7665557861328,6870600.0,JNJ
2024-08-27 04:00:00+00:00,154.88967558193858,155.40123145292043,153.62024684764583,154.36863708496094,4388700.0,JNJ
2024-08-28 04:00:00+00:00,154.41601834033486,156.3106934119954,154.14129681524247,155.28756713867188,5187000.0,JNJ
2024-08-29 04:00:00+00:00,155.96018147636997,156.04543838442643,154.75705877130923,155.58123779296875,7390100.0,JNJ
2024-08-30 04:00:00+00:00,155.47703939012942,157.23908787151527,155.18336705243584,157.1254119873047,7971000.0,JNJ
2024-09-03 04:00:00+00:00,156.53807756865928,158.97272779811422,156.0928277193615,158.35696411132812,6956500.0,JNJ
2024-09-04 04:00:00+00:00,158.97273155413544,159.95797082254163,157.29593983642295,158.5464324951172,6939100.0,JNJ
2024-09-05 04:00:00+00:00,158.39484705741881,158.55589271807435,156.14966152532847,156.30123901367188,4600400.0,JNJ
2024-09-06 04:00:00+00:00,156.48121666447486,157.20120248645824,155.477041128787,155.72335815429688,6016900.0,JNJ
2024-09-09 04:00:00+00:00,156.15911550121905,158.59377990001585,155.80860523961158,157.83590698242188,7538200.0,JNJ
2024-09-10 04:00:00+00:00,158.67904453619045,159.58849497263685,157.96854135170003,158.56536865234375,6559600.0,JNJ
2024-09-11 04:00:00+00:00,158.00643961773903,158.00643961773903,155.4486308645566,156.14019775390625,5920200.0,JNJ
2024-09-12 04:00:00+00:00,155.55281944276598,156.40543189239477,154.1412957752456,155.9696502685547,4540900.0,JNJ
2024-09-13 04:00:00+00:00,156.06439208165418,157.0211977964731,155.19284327647554,156.80331420898438,3693400.0,JNJ
2024-09-16 04:00:00+00:00,157.59906509083913,158.44219487699812,157.0496076131412,158.19589233398438,5187800.0,JNJ
2024-09-17 04:00:00+00:00,157.4854060642255,158.88746164906118,157.19171926912577,158.27169799804688,5066500.0,JNJ
2024-09-18 04:00:00+00:00,157.8548483633593,159.48426997965126,157.01171858733105,157.40011596679688,4722800.0,JNJ
2024-09-19 04:00:00+00:00,157.47593284880938,157.60855954104179,155.76125402236698,156.14019775390625,4956100.0,JNJ
2024-09-20 04:00:00+00:00,155.64758030736854,156.18755525642916,154.93707706292398,155.51495361328125,11839000.0,JNJ
2024-09-23 04:00:00+00:00,155.7422867906515,155.8370263273473,154.15076665177324,154.6244354248047,4671600.0,JNJ
2024-09-24 04:00:00+00:00,154.21707925596306,154.88022713030526,153.0423899007328,154.20761108398438,6041600.0,JNJ
2024-09-25 04:00:00+00:00,154.41603001287783,154.7191849857668,151.91505930744265,152.14242553710938,5420000.0,JNJ
2024-09-26 04:00:00+00:00,151.80139084450875,153.03291823023363,151.59297540426059,152.8908233642578,6122000.0,JNJ
2024-09-27 04:00:00+00:00,153.4686615280912,154.82334709566604,152.84341536372352,152.90025329589844,7553800.0,JNJ
2024-09-30 04:00:00+00:00,153.06134178504044,153.63920383954925,152.218197450555,153.52552795410156,6010000.0,JNJ
2024-10-01 04:00:00+00:00,153.87602963190776,154.1791845831131,152.69185770730627,153.45921325683594,4408000.0,JNJ
2024-10-02 04:00:00+00:00,153.00449488828522,153.58237141879576,152.18978395109374,152.68240356445312,4684400.0,JNJ
2024-10-03 04:00:00+00:00,152.31290651469368,152.9381526699957,151.7823998817907,152.0476531982422,4791200.0,JNJ
2024-10-04 04:00:00+00:00,151.22349258946696,152.0476716042672,150.41824991726156,151.84872436523438,5331100.0,JNJ
2024-10-07 04:00:00+00:00,151.8108531617248,152.38872968644645,150.83509657239193,151.12876892089844,4266000.0,JNJ
2024-10-08 04:00:00+00:00,151.09088509488237,151.8108564959117,150.57931467541465,151.2803497314453,4766300.0,JNJ
2024-10-09 04:00:00+00:00,151.49825156564998,152.72979353429892,151.1098396180744,152.18980407714844,6047200.0,JNJ
2024-10-10 04:00:00+00:00,152.86238686048964,152.89080583042565,151.57400722090298,152.05714416503906,4793900.0,JNJ
2024-10-11 04:00:00+00:00,153.63919252039454,154.09392493913253,152.71080579544542,152.95712280273438,5253500.0,JNJ
2024-10-14 04:00:00+00:00,152.9002731251471,153.60130810840406,152.42660435529817,153.08975219726562,5964000.0,JNJ
2024-10-15 04:00:00+00:00,151.5739947099147,157.96852261173925,150.62665724297776,155.4580841064453,10548000.0,JNJ
2024-10-16 04:00:00+00:00,155.3633629672865,156.30123237444536,154.07498328154392,155.6286163330078,5982100.0,JNJ
2024-10-17 04:00:00+00:00,155.6096312830976,156.31066614118615,155.0128185691998,155.80857849121094,4798000.0,JNJ
2024-10-18 04:00:00+00:00,156.2064786067396,156.5854078217635,155.29702825337003,156.4243621826172,5908000.0,JNJ
2024-10-21 04:00:00+00:00,156.4054191708211,156.54751400658986,153.76233958374297,154.2549591064453,6082700.0,JNJ
2024-10-22 04:00:00+00:00,153.7718340994137,155.10756902458775,153.37393961805077,154.84231567382812,5680300.0,JNJ
2024-10-23 04:00:00+00:00,154.2455120972498,157.25803867062515,153.8665683911739,157.1254119873047,7441600.0,JNJ
2024-10-24 04:00:00+00:00,156.3106807702244,156.79381767054318,154.73809711867662,155.05072021484375,5386300.0,JNJ
2024-10-25 04:00:00+00:00,155.06021815707746,155.28758439482306,152.15189911561126,152.40768432617188,6400400.0,JNJ
2024-10-28 04:00:00+00:00,152.64450239718974,153.44026246128226,152.52134389135745,153.08975219726562,4842500.0,JNJ
2024-10-29 04:00:00+00:00,152.95713356745705,153.6297351611049,151.63085226896612,151.65927124023438,5216900.0,JNJ
2024-10-30 04:00:00+00:00,151.0529557996391,152.78658509402717,150.6550757992386,152.15187072753906,5820500.0,JNJ
2024-10-31 04:00:00+00:00,151.5645495062466,152.39819677392538,151.06246172910465,151.44139099121094,8613900.0,JNJ
2024-11-01 04:00:00+00:00,152.123457798311,152.57817575178618,151.4603244379882,151.69715881347656,5256400.0,JNJ
2024-11-04 05:00:00+00:00,151.28978177238818,151.83923920585505,149.74563162071544,149.90667724609375,4644000.0,JNJ
2024-11-05 05:00:00+00:00,149.36671296968024,150.23826179970078,148.11623489364177,150.0109100341797,6547100.0,JNJ
2024-11-06 05:00:00+00:00,151.47927003240187,152.37925227840577,149.06357081905168,149.56565856933594,8926600.0,JNJ
2024-11-07 05:00:00+00:00,150.12456867590407,150.38982200869847,148.26778089112085,148.4761962890625,7522800.0,JNJ
2024-11-08 05:00:00+00:00,148.7319720652374,148.80776079199913,147.2257090658044,147.2825469970703,8926100.0,JNJ
2024-11-11 05:00:00+00:00,147.42467115998508,149.2814591970599,146.75206956587456,146.87521362304688,7146800.0,JNJ
2024-11-12 05:00:00+00:00,146.39206028460006,146.8751971976869,144.34580784936847,144.60159301757812,7181400.0,JNJ
2024-11-13 05:00:00+00:00,144.46897842689697,145.42578416210594,143.44585212373863,145.17001342773438,7161900.0,JNJ
2024-11-14 05:00:00+00:00,145.11317185307055,145.50158375230595,142.82061651317335,143.87216186523438,7716400.0,JNJ
2024-11-15 05:00:00+00:00,142.95321696333576,146.29731704145308,142.95321696333576,145.8899688720703,11328500.0,JNJ
2024-11-18 05:00:00+00:00,144.55425734018812,147.14996786301492,144.30795474008204,146.6194610595703,7510600.0,JNJ
2024-11-19 05:00:00+00:00,145.84259462159346,145.88049621376047,144.04265928465654,144.942626953125,8233700.0,JNJ
2024-11-20 05:00:00+00:00,144.97105574817172,145.1794711535539,143.8153028474972,145.04684448242188,9061300.0,JNJ
2024-11-21 05:00:00+00:00,145.52999015592064,147.84149609632505,144.76264905140786,147.3109893798828,10141100.0,JNJ
2024-11-22 05:00:00+00:00,147.68991968024426,148.84567265875356,145.99419180976938,146.9983673095703,8266000.0,JNJ
2024-11-25 05:00:00+00:00,146.99838686161718,148.76990370707318,146.9699678874824,147.57626342773438,12256200.0,JNJ
2024-11-26 05:00:00+00:00,148.1682890785715,148.25423006267735,146.25841171866583,147.55712890625,5683500.0,JNJ
2024-11-27 05:00:00+00:00,147.66219903188156,149.57207673179872,147.63355203207965,148.39749145507812,4140400.0,JNJ
2024-11-29 05:00:00+00:00,147.91045169393615,148.65530269930215,147.22289467802784,148.02503967285156,5687800.0,JNJ
2024-12-02 05:00:00+00:00,147.77677407322818,148.0155087647843,146.99371729074375,147.82452392578125,6946500.0,JNJ
2024-12-03 05:00:00+00:00,147.8245138212813,147.8245138212813,145.4467112102812,145.4944610595703,8674400.0,JNJ
2024-12-04 05:00:00+00:00,144.4727091196942,144.73054671932016,143.00210952985245,143.68966674804688,10333100.0,JNJ
2024-12-05 05:00:00+00:00,143.24080668700697,143.60368806006738,142.23811812595625,142.78244018554688,7898100.0,JNJ
2024-12-06 05:00:00+00:00,142.6583212988134,143.288584468184,141.69383825808168,142.58192443847656,8389600.0,JNJ
2024-12-09 05:00:00+00:00,142.5627976939758,144.0907055022871,141.75110850991754,142.8588409423828,8410300.0,JNJ
2024-12-10 05:00:00+00:00,143.1739933076605,144.03344712656786,141.64609969273468,142.5055389404297,9398700.0,JNJ
2024-12-11 05:00:00+00:00,141.80839788021038,141.80839788021038,139.77437377308132,140.03221130371094,13446700.0,JNJ
2024-12-12 05:00:00+00:00,140.567001729442,141.11132389106152,139.43062211865976,139.6502685546875,6176300.0,JNJ
2024-12-13 05:00:00+00:00,139.09640462696132,140.30916654702332,138.50433259646894,140.0131378173828,8324900.0,JNJ
2024-12-16 05:00:00+00:00,140.11816423961312,140.61473648915697,137.05281889096622,137.36795043945312,8732400.0,JNJ
2024-12-17 05:00:00+00:00,137.35839187155833,140.05132624991293,137.23425973744799,139.81259155273438,10343000.0,JNJ
2024-12-18 05:00:00+00:00,139.11548789025048,140.12773533447105,138.15100487508684,138.22740173339844,9336100.0,JNJ
2024-12-19 05:00:00+00:00,137.64487079028004,138.67620638843644,136.90956387311863,137.110107421875,9516700.0,JNJ
2024-12-20 05:00:00+00:00,136.60399539479687,138.91494549387807,136.31751084655173,137.9600067138672,17702800.0,JNJ
2024-12-23 05:00:00+00:00,138.1127930433353,138.78124723941912,136.98595776604373,138.7239532470703,8720800.0,JNJ
2024-12-24 05:00:00+00:00,138.46612820981196,139.27783203125,137.8263209521463,139.27783203125,3164100.0,JNJ
2024-12-26 05:00:00+00:00,138.9531668079514,139.77441491994625,138.55209418179751,139.02001953125,4656300.0,JNJ
2024-12-27 05:00:00+00:00,138.341973685197,139.99402823349809,138.16053298915855,138.5138702392578,5588300.0,JNJ
2024-12-30 05:00:00+00:00,138.31335940852995,138.3515651278969,136.50852530557603,136.88095092773438,6268700.0,JNJ
2024-12-31 05:00:00+00:00,137.2820082055642,138.15100608384984,136.8522886236111,138.10325622558594,5811400.0,JNJ
2025-01-02 05:00:00+00:00,138.68575647298846,139.20143157976784,137.30109814091938,137.53028869628906,6051300.0,JNJ
2025-01-03 05:00:00+00:00,137.5780542067936,138.0555236564105,137.1483200451694,137.69264221191406,5878800.0,JNJ
2025-01-06 05:00:00+00:00,137.04327386231438,138.29425603894032,136.48940756159422,137.1865234375,7910500.0,JNJ
2025-01-07 05:00:00+00:00,137.28201621475606,140.547905627831,137.1196783441566,139.64071655273438,8422000.0,JNJ
2025-01-08 05:00:00+00:00,138.93406580051453,139.02955094778358,135.0665603414427,135.85916137695312,11175600.0,JNJ
2025-01-10 05:00:00+00:00,134.6463670848387,137.19605186194266,134.3407796830898,135.65859985351562,8821500.0,JNJ
2025-01-13 05:00:00+00:00,136.53714268601559,138.53297581035747,135.89733545195344,137.9600067138672,10376400.0,JNJ
2025-01-14 05:00:00+00:00,137.98866701537875,138.28469573432943,136.42256784801805,138.22740173339844,8681700.0,JNJ
2025-01-15 05:00:00+00:00,138.76217574415674,139.46883580897895,137.7594869378262,138.4375,7434600.0,JNJ
2025-01-16 05:00:00+00:00,137.8167768665148,141.3977974251432,137.56848344887553,141.11131286621094,8964000.0,JNJ
2025-01-17 05:00:00+00:00,140.7961762245112,141.69382101018803,140.00357528760955,140.40464782714844,10773100.0,JNJ
2025-01-21 05:00:00+00:00,140.91077171513027,142.1521951109424,140.4237581564577,141.47418212890625,11111700.0,JNJ
2025-01-22 05:00:00+00:00,137.51117698125555,138.91493807863588,135.7063433662249,138.7239532470703,16834700.0,JNJ
2025-01-23 05:00:00+00:00,138.88628777043573,141.2449875406046,138.28467172270274,140.03221130371094,10506400.0,JNJ
2025-01-24 05:00:00+00:00,140.1945733657901,140.9776302344464,139.7839566453075,140.20413208007812,9887300.0,JNJ
2025-01-27 05:00:00+00:00,141.76064959984566,146.5353431840184,141.33093009151182,146.00057983398438,15152300.0,JNJ
2025-01-28 05:00:00+00:00,145.7809734783312,146.07700220087548,143.5273171300188,143.6037139892578,10320600.0,JNJ
2025-01-29 05:00:00+00:00,143.71830007896412,145.03612038367163,143.24083064348582,144.33900451660156,7156400.0,JNJ
2025-01-30 05:00:00+00:00,145.06475799198023,147.19426745640064,144.53953873271692,145.9814910888672,8911000.0,JNJ
2025-01-31 05:00:00+00:00,145.74276775349273,146.27753119691954,145.20800431006592,145.2939453125,8457800.0,JNJ
2025-02-03 05:00:00+00:00,145.15069699924203,145.5995193990812,143.98567050236713,145.02655029296875,6687500.0,JNJ
2025-02-04 05:00:00+00:00,144.53952325485915,147.23244283120735,144.147994887952,146.57354736328125,9645000.0,JNJ
2025-02-05 05:00:00+00:00,146.8886903448681,147.75767356179773,146.4016622407942,147.719482421875,8947000.0,JNJ
2025-02-06 05:00:00+00:00,147.8149718773712,147.86272173207726,146.4685192304036,146.5926513671875,7418100.0,JNJ
2025-02-07 05:00:00+00:00,146.61175852291703,147.52850621804473,145.9146572516367,146.22023010253906,6204900.0,JNJ
2025-02-10 05:00:00+00:00,146.68814830303756,147.4138965387337,145.42762210443897,147.28976440429688,6936200.0,JNJ
2025-02-11 05:00:00+00:00,147.16563903311925,149.34289862705256,147.00330116362204,149.09461975097656,7554500.0,JNJ
2025-02-12 05:00:00+00:00,148.273337399185,148.6457629127784,147.31839869036008,148.26377868652344,7746000.0,JNJ
2025-02-13 05:00:00+00:00,148.26379011250998,151.0044743264707,147.81496771907698,150.16412353515625,10704700.0,JNJ
2025-02-14 05:00:00+00:00,150.20230755602577,150.3742041057425,149.02773698926163,149.11367797851562,6411800.0,JNJ
2025-02-18 05:00:00+00:00,148.37250314054714,149.6334841814593,147.5061845486089,149.19070434570312,9670700.0,JNJ
2025-02-19 05:00:00+00:00,149.2003143954194,152.37684015560075,148.95966872703968,151.982177734375,7974700.0,JNJ
2025-02-20 05:00:00+00:00,151.07736850559772,153.96511692439032,151.07736850559772,153.70521545410156,7224000.0,JNJ
2025-02-21 05:00:00+00:00,153.89772451433902,157.39188967625117,153.32016902768856,156.2271728515625,12546900.0,JNJ
2025-02-24 05:00:00+00:00,156.5929616695029,158.70102033561508,155.9865444978259,157.61331176757812,10201900.0,JNJ
2025-02-25 05:00:00+00:00,157.95985100517953,160.20265611249306,157.80583422463695,159.87538146972656,12303700.0,JNJ
2025-02-26 05:00:00+00:00,158.90316232854656,158.95129440367535,156.47744968295726,156.97799682617188,11396400.0,JNJ
2025-02-27 05:00:00+00:00,156.23680248198454,157.81543759112859,155.67850272916147,157.60366821289062,8364600.0,JNJ
2025-02-28 05:00:00+00:00,158.16198817011426,159.73100293989833,156.61222917022448,158.84542846679688,12037200.0,JNJ
2025-03-03 05:00:00+00:00,158.78764408501763,161.06896031825443,158.67212417660656,161.0208282470703,9191500.0,JNJ
2025-03-04 05:00:00+00:00,161.79089639230924,163.62943281091233,159.13417351966388,159.2304229736328,11999700.0,JNJ
2025-03-05 05:00:00+00:00,158.35448955976102,160.23153775130362,157.41116253777426,158.94166564941406,8744800.0,JNJ
2025-03-06 05:00:00+00:00,158.82616132836026,159.66360366070757,157.39190767480014,159.62510681152344,8037900.0,JNJ
2025-03-07 05:00:00+00:00,158.95129984256383,162.15670227623963,158.5373816077096,160.4529266357422,9637600.0,JNJ
2025-03-10 04:00:00+00:00,161.21337097965346,163.54281970506986,160.79946740592737,161.42514038085938,17559000.0,JNJ
2025-03-11 04:00:00+00:00,160.9438184258578,161.04008256736182,158.8742715741339,159.65396118164062,9890300.0,JNJ
2025-03-12 04:00:00+00:00,157.6036698897816,158.06572018604263,156.15979576162204,156.75660705566406,8010700.0,JNJ
2025-03-13 04:00:00+00:00,157.3148967662903,158.38336424015475,156.5737186005587,156.89137268066406,5286700.0,JNJ
2025-03-14 04:00:00+00:00,156.053894235926,157.04535318860698,155.07207050994884,156.71807861328125,6235800.0,JNJ
2025-03-17 04:00:00+00:00,156.3330752082224,157.3822869293345,155.67851127016266,156.74697875976562,6669800.0,JNJ
2025-03-18 04:00:00+00:00,157.32454303124157,158.69140891289507,156.872127917642,158.10423278808594,7348800.0,JNJ
2025-03-19 04:00:00+00:00,157.8346996929528,158.21010638983233,156.14055928690502,156.89137268066406,5936400.0,JNJ
2025-03-20 04:00:00+00:00,156.90098654218272,157.09350015251783,155.871015960727,156.9202423095703,7485900.0,JNJ
2025-03-21 04:00:00+00:00,156.9009839554719,157.98870713331098,156.40043682657515,157.50741577148438,17047100.0,JNJ
2025-03-24 04:00:00+00:00,156.74697070710167,158.2389768997674,156.419696098809,157.1801300048828,8046400.0,JNJ
2025-03-25 04:00:00+00:00,157.4015281757977,158.0464568261863,154.55227690378203,154.9950714111328,7456200.0,JNJ
2025-03-26 04:00:00+00:00,155.17797236003315,156.4100771111182,154.6292931396444,155.66888427734375,7223500.0,JNJ
2025-03-27 04:00:00+00:00,156.27532488979918,157.93096849602637,155.2838657717251,157.02613830566406,6752500.0,JNJ
2025-03-28 04:00:00+00:00,157.46893745851557,158.36414721805548,156.81438811850776,157.58445739746094,5760300.0,JNJ
2025-03-31 04:00:00+00:00,158.21973715363262,160.39518377834594,158.08497614316929,159.63473510742188,12481400.0,JNJ
2025-04-01 04:00:00+00:00,154.7159230442836,155.75551418857998,147.40030287427382,147.51580810546875,23303100.0,JNJ
2025-04-02 04:00:00+00:00,148.24735200031822,149.96074798114105,147.70830805415093,149.54684448242188,10356900.0,JNJ
2025-04-03 04:00:00+00:00,152.81002565026958,154.6389271687397,151.58754133246984,153.83999633789062,13249300.0,JNJ
2025-04-04 04:00:00+00:00,153.20466769183372,153.83997580569581,147.20776683159517,147.5061798095703,16601700.0,JNJ
2025-04-07 04:00:00+00:00,145.619515284852,146.99601623650406,141.8846895650138,144.9842071533203,18083000.0,JNJ
2025-04-08 04:00:00+00:00,147.8430737728905,147.8430737728905,142.46223999023437,144.3874053955078,12018400.0,JNJ
2025-04-09 04:00:00+00:00,136.8792949984455,147.45808709561322,136.20548985897472,145.32115173339844,18773700.0,JNJ
2025-04-10 04:00:00+00:00,144.74356632852965,145.54251178964003,139.6996420173064,143.12643432617188,13830500.0,JNJ
2025-04-11 04:00:00+00:00,143.74248066567873,146.64948461948305,142.64513694227333,146.05267333984375,9943900.0,JNJ
2025-04-14 04:00:00+00:00,145.91791595445713,148.88267259526904,145.51363296087104,148.5842742919922,10685300.0,JNJ
2025-04-15 04:00:00+00:00,149.87412200134395,150.45167749089057,146.40883312760283,147.8719482421875,10847700.0,JNJ
2025-04-16 04:00:00+00:00,149.55648571702037,149.80676664655024,146.54361152502074,148.151123046875,7986900.0,JNJ
2025-04-17 04:00:00+00:00,148.39174979061875,153.47418517683928,148.39174979061875,151.57789611816406,10981100.0,JNJ
2025-04-21 04:00:00+00:00,152.0495867769091,152.30947355975457,149.67200606670647,151.04849243164062,6285400.0,JNJ
2025-04-22 04:00:00+00:00,151.65491375756463,152.78113380181065,150.41317379668138,151.84742736816406,7136300.0,JNJ
2025-04-23 04:00:00+00:00,150.63458380115318,151.2217598816267,148.5554014813275,149.5661163330078,9099400.0,JNJ
2025-04-24 04:00:00+00:00,149.97039152900174,150.06664098881706,147.698695709936,149.1329345703125,8310400.0,JNJ
2025-04-25 04:00:00+00:00,148.54578478495054,149.10406988379015,146.745744960744,148.79605102539062,8643600.0,JNJ
2025-04-28 04:00:00+00:00,149.68161297819137,149.98001127137218,148.06448105856123,149.5372314453125,5815200.0,JNJ
2025-04-29 04:00:00+00:00,149.63349937674354,151.14476148405763,148.51689975848137,150.0762939453125,5246700.0,JNJ
2025-04-30 04:00:00+00:00,152.2805999207859,152.2805999207859,149.2195935885917,150.46131896972656,9598200.0,JNJ
2025-05-01 04:00:00+00:00,149.2003302283948,149.28695915312142,147.6216950638147,148.6805419921875,7325800.0,JNJ
2025-05-02 04:00:00+00:00,150.23029447876922,150.8559673812853,149.23882074905086,150.27841186523438,5974500.0,JNJ
2025-05-05 04:00:00+00:00,150.80782871723414,150.92333394025843,148.9404159431616,149.2003173828125,5464100.0,JNJ
2025-05-06 04:00:00+00:00,149.02706485891864,150.06664127887538,147.939341677191,148.69015502929688,8644200.0,JNJ
2025-05-07 04:00:00+00:00,148.95005151506132,152.03031320155694,148.7190263806318,151.4142608642578,7853100.0,JNJ
2025-05-08 04:00:00+00:00,149.9896643616522,151.1543813665103,148.98856998831212,149.8356475830078,7606100.0,JNJ
2025-05-09 04:00:00+00:00,149.60460499664083,150.2206573516432,148.05484622560948,148.4495086669922,6520400.0,JNJ
2025-05-12 04:00:00+00:00,146.33184197306454,149.54686501326165,145.52326125496006,148.3725128173828,9023800.0,JNJ
2025-05-13 04:00:00+00:00,146.02380248964167,146.02380248964167,142.53925758100854,142.8857879638672,10549600.0,JNJ
2025-05-14 04:00:00+00:00,143.10716966603283,143.25156588517302,140.65258081911486,140.88360595703125,10216000.0,JNJ
2025-05-15 04:00:00+00:00,142.46226491587166,144.0505207779698,141.8173361548079,144.01202392578125,7945800.0,JNJ
2025-05-16 04:00:00+00:00,144.0697574363664,145.8312856192595,143.63659813942314,145.6676483154297,8051200.0,JNJ
2025-05-19 04:00:00+00:00,146.20670042818765,146.9478932943705,145.39813440390523,146.7842559814453,12639900.0,JNJ
2025-05-20 04:00:00+00:00,146.63022467034673,148.27623286458655,146.42807584039545,147.91046142578125,7351500.0,JNJ
2025-05-21 04:00:00+00:00,147.45804526134245,148.65163840182188,147.27515219940543,147.4484100341797,7032200.0,JNJ
2025-05-22 04:00:00+00:00,146.93824660207738,147.58318995096408,145.7061418932477,146.89974975585938,7535300.0,JNJ
2025-05-23 04:00:00+00:00,147.27515984115055,147.7371954457021,146.514725935996,147.2174072265625,6727300.0,JNJ
2025-05-27 04:00:00+00:00,148.07173598904868,149.54739430031267,147.49893216707943,148.7804412841797,6990700.0,JNJ
2025-05-28 04:00:00+00:00,148.80957534869594,149.15907651243762,147.49894228122335,147.98435974121094,8459300.0,JNJ
2025-05-29 04:00:00+00:00,147.32420038153927,149.5474058494708,147.13973937494478,149.100830078125,6810600.0,JNJ
2025-05-30 04:00:00+00:00,149.41148243505967,151.1687060152862,148.75132182581495,150.68328857421875,15529700.0,JNJ
2025-06-02 04:00:00+00:00,149.97458565876332,151.0036683817444,147.85817248338967,150.8677520751953,6669300.0,JNJ
2025-06-03 04:00:00+00:00,150.28525809293072,151.1201767695379,149.58625572117742,149.9163360595703,8209800.0,JNJ
2025-06-04 04:00:00+00:00,150.41144693088043,150.41144693088043,148.66395592721838,148.75132751464844,6983900.0,JNJ
2025-06-05 04:00:00+00:00,149.19788808616187,149.595933917823,148.1882263910175,149.17848205566406,5295400.0,JNJ
2025-06-06 04:00:00+00:00,149.50858608317324,151.47937989644106,149.50858608317324,150.508544921875,5391500.0,JNJ
2025-06-09 04:00:00+00:00,150.3337753429122,151.4405264270542,149.94543253300756,150.7026824951172,5319000.0,JNJ
2025-06-10 04:00:00+00:00,150.89687490281506,152.84826270728874,150.49884381664958,151.8871307373047,6791600.0,JNJ
2025-06-11 04:00:00+00:00,151.74150341105252,152.03275685451254,150.21728545141227,150.73182678222656,6016000.0,JNJ
2025-06-12 04:00:00+00:00,151.68323930786653,152.11039418988705,150.64443892823047,152.0909881591797,7075500.0,JNJ
2025-06-13 04:00:00+00:00,151.4211098589502,153.07152610979966,151.4211098589502,152.51815795898438,6587500.0,JNJ
2025-06-16 04:00:00+00:00,151.8580074487937,151.93567602569203,149.94546133225077,150.69300842285156,7024000.0,JNJ
2025-06-17 04:00:00+00:00,150.45029579748117,150.7512522666013,147.6640041867375,147.9358367919922,6407100.0,JNJ
2025-06-18 04:00:00+00:00,148.12028605196923,148.19793980693774,146.31453256677307,146.3339385986328,8325200.0,JNJ
2025-06-20 04:00:00+00:00,146.8484847191876,146.98440101548601,144.69323001090936,145.42135620117188,22605500.0,JNJ
2025-06-23 04:00:00+00:00,145.37281742317523,147.01351589474922,145.37281742317523,146.90673828125,7397900.0,JNJ
2025-06-24 04:00:00+00:00,147.08149480585575,148.26591462899756,146.57665648441028,147.75137329101562,9544200.0,JNJ
2025-06-25 04:00:00+00:00,146.96501475561422,148.60572836194925,146.33396308422607,147.83876037597656,7153700.0,JNJ
2025-06-26 04:00:00+00:00,148.24649286087973,148.75133117918787,147.11061775501065,147.5766143798828,7156900.0,JNJ
2025-06-27 04:00:00+00:00,147.57660771353423,148.85811689125123,146.6057728142086,147.96495056152344,10010800.0,JNJ
2025-06-30 04:00:00+00:00,147.7222244598142,148.50859826556277,147.1008907898852,148.29501342773438,9039300.0,JNJ
2025-07-01 04:00:00+00:00,148.53773775923037,153.1492034739777,148.35327676043812,151.37257385253906,10896700.0,JNJ
2025-07-02 04:00:00+00:00,151.4502563076398,151.74150976329233,150.54738689025967,151.02308654785156,5544000.0,JNJ
2025-07-03 04:00:00+00:00,150.89685966551806,151.72207524655835,150.36291232765473,151.45994567871094,3482500.0,JNJ
2025-07-07 04:00:00+00:00,151.46965750988292,151.79003478817216,150.37260938850739,150.7415313720703,6270900.0,JNJ
2025-07-08 04:00:00+00:00,149.97456187968828,152.18806412896572,149.71244713889567,151.24635314941406,6438200.0,JNJ
2025-07-09 04:00:00+00:00,151.24637719479634,152.12013757764228,150.54738962779254,151.7220916748047,6147400.0,JNJ
2025-07-10 04:00:00+00:00,151.54734881194418,154.59577010705152,151.27551619814605,153.09097290039062,6732900.0,JNJ
2025-07-11 04:00:00+00:00,152.50846614661378,152.59583774105315,150.65416774675793,152.32400512695312,7872000.0,JNJ
2025-07-14 04:00:00+00:00,152.29485252152176,152.877359335388,150.98423441096818,152.24632263183594,10185600.0,JNJ
2025-07-15 04:00:00+00:00,151.79975089790832,152.60554567091353,150.2852507708202,150.6444549560547,6873200.0,JNJ
2025-07-16 04:00:00+00:00,155.62483084994489,161.2750820257859,155.13941342047767,159.9741668701172,22134800.0,JNJ
2025-07-17 04:00:00+00:00,158.42083333055885,159.896506540005,157.5665086840501,158.22666931152344,11295700.0,JNJ
2025-07-18 04:00:00+00:00,159.148947043396,160.28483683397772,158.59557889181167,158.9256591796875,9792600.0,JNJ
2025-07-21 04:00:00+00:00,158.993632484751,160.1100866715211,158.03250062035818,159.56642150878906,8254000.0,JNJ
2025-07-22 04:00:00+00:00,160.18776361914905,163.1585161378835,159.90622800720854,163.0323028564453,9288000.0,JNJ
2025-07-23 04:00:00+00:00,163.68278015192368,164.187603665121,161.7313924018662,164.16819763183594,10617600.0,JNJ
2025-07-24 04:00:00+00:00,164.5565136294213,165.03222805782448,163.95460073885116,164.61476135253906,6636900.0,JNJ
2025-07-25 04:00:00+00:00,164.79923298520387,164.92544626927946,162.5566066178758,163.3915252685547,6254900.0,JNJ
2025-07-28 04:00:00+00:00,162.9643457562342,163.04201432533776,160.23630207669302,161.37217712402344,8014600.0,JNJ
2025-07-29 04:00:00+00:00,161.80905708881554,163.8575193973813,161.5178036451124,163.20706176757812,7663400.0,JNJ
2025-07-30 04:00:00+00:00,162.809020951837,163.6924843268324,161.9158545601304,162.38185119628906,6189200.0,JNJ
2025-07-31 04:00:00+00:00,161.09062961083353,162.1973956301704,159.44021322550935,159.9353485107422,11036200.0,JNJ
2025-08-01 04:00:00+00:00,160.65376326107594,162.73134946001136,159.98388477586158,162.44981384277344,8927800.0,JNJ
2025-08-04 04:00:00+00:00,162.158562363645,166.1972393570305,161.77993732137548,166.05160522460938,12679100.0,JNJ
2025-08-05 04:00:00+00:00,165.56616664050682,166.55642232243915,164.7021242278321,165.76034545898438,7934400.0,JNJ
2025-08-06 04:00:00+00:00,164.95455498052752,167.15833945166182,164.7312522963263,165.61471557617188,8957200.0,JNJ
2025-08-07 04:00:00+00:00,166.17779684066866,166.61466955343286,164.9642532975659,166.5272979736328,9315900.0,JNJ
2025-08-08 04:00:00+00:00,166.03218459824058,168.88644150314138,165.4205538861148,168.27481079101562,7686800.0,JNJ
2025-08-11 04:00:00+00:00,168.3427855742368,169.50779944254944,168.00300220745123,168.75054931640625,7256800.0,JNJ
2025-08-12 04:00:00+00:00,168.92526443239652,169.6630935877668,166.7991337339934,167.7408447265625,7916700.0,JNJ
2025-08-13 04:00:00+00:00,167.9544392779886,169.4495185199788,167.6631858424992,169.33302307128906,5878700.0,JNJ
2025-08-14 04:00:00+00:00,169.22622173103392,170.5951024361437,167.68259786208765,169.624267578125,8241700.0,JNJ
2025-08-15 04:00:00+00:00,170.449495579225,172.09991199561782,169.85728568003967,171.48828125,9477600.0,JNJ
2025-08-18 04:00:00+00:00,171.35235838112257,172.39115882582487,170.9640303499574,171.10964965820312,9284000.0,JNJ
2025-08-19 04:00:00+00:00,170.90579230056213,172.983378673882,170.847544568918,172.61447143554688,9274200.0,JNJ
2025-08-20 04:00:00+00:00,173.29401944019594,175.34248155105917,172.80860201879483,173.6240997314453,9030000.0,JNJ
2025-08-21 04:00:00+00:00,173.34257961657462,174.82795587353638,172.96395458663858,173.71148681640625,8859600.0,JNJ
2025-08-22 04:00:00+00:00,174.78911558281357,175.87646078588406,172.29407749726226,174.0609893798828,9524000.0,JNJ
2025-08-25 04:00:00+00:00,174.28429241400747,175.00270078812704,173.09015477301065,173.2066650390625,6229100.0,JNJ
2025-08-26 04:00:00+00:00,172.85459100282205,173.25555855769375,171.8961934884329,172.60032653808594,9145000.0,JNJ
2025-08-27 04:00:00+00:00,173.06974800353566,173.77388107111656,172.27760203313207,172.89370727539062,5951100.0,JNJ
2025-08-28 04:00:00+00:00,172.48295893045014,172.6003243855948,170.78131651709248,171.58323669433594,6424700.0,JNJ
2025-08-29 04:00:00+00:00,172.0917849589202,173.50005107682512,171.5832411002324,173.2653350830078,6942300.0,JNJ
2025-09-02 04:00:00+00:00,173.55871833290118,175.2505864747156,172.99149923256772,174.13571166992188,9049000.0,JNJ
2025-09-03 04:00:00+00:00,173.754312735633,174.36064372340013,172.63943789740028,174.07704162597656,7111700.0,JNJ
2025-09-04 04:00:00+00:00,174.0770522777431,174.9572111798103,173.6369728267095,174.82029724121094,7854800.0,JNJ
2025-09-05 04:00:00+00:00,174.07704256383926,175.5537581707923,172.66877646111618,174.49755859375,9733800.0,JNJ
2025-09-08 04:00:00+00:00,173.45114379394553,175.49507846966029,172.8056860260886,174.2041778564453,8382500.0,JNJ
2025-09-09 04:00:00+00:00,174.07705515729546,174.16506806445807,172.5612126475493,173.0599822998047,6005700.0,JNJ
2025-09-10 04:00:00+00:00,172.41451057887036,172.71767607189588,170.4879264017414,171.91574096679688,6891600.0,JNJ
2025-09-11 04:00:00+00:00,171.87663224164177,174.9083170723718,171.75928170606494,174.56602478027344,5792500.0,JNJ
2025-09-12 04:00:00+00:00,173.79343431588362,174.85940809224365,172.8252476738922,174.13571166992188,7220200.0,JNJ
2025-09-15 04:00:00+00:00,173.84233142809236,175.04523412922416,173.03062205669843,173.49026489257812,4768100.0,JNJ
2025-09-16 04:00:00+00:00,173.65653641793406,173.7054225283811,171.7788382257642,172.5709991455078,7959300.0,JNJ
2025-09-17 04:00:00+00:00,172.81548641822724,174.57580419407594,172.69812095667075,173.294677734375,6714900.0,JNJ
2025-09-18 04:00:00+00:00,172.7079129408542,173.118654756769,170.0380687536577,170.32168579101562,8200900.0,JNJ
2025-09-19 04:00:00+00:00,170.8400043448543,173.25556913608068,169.50997682791382,172.30694580078125,25621000.0,JNJ
2025-09-22 04:00:00+00:00,172.20913129583226,172.74701277532031,170.2825471290745,170.37057495117188,7193900.0,JNJ
2025-09-23 04:00:00+00:00,171.0355829083302,173.06974339129886,170.97690764134543,172.68833923339844,8350400.0,JNJ
2025-09-24 04:00:00+00:00,172.25803221713883,173.05017815802412,171.86685382639274,172.79591369628906,6676800.0,JNJ
2025-09-25 04:00:00+00:00,173.29467019297286,174.46822029996832,172.03310718551506,173.81298828125,8475000.0,JNJ
2025-09-26 04:00:00+00:00,174.66382193974036,175.94494832549813,173.41203318705345,175.74935913085938,8634400.0,JNJ
2025-09-29 04:00:00+00:00,175.86672025116357,177.861754032588,175.83738261632647,177.6172637939453,8597100.0,JNJ
2025-09-30 04:00:00+00:00,177.69551050190114,181.89097154345833,177.07940521994215,181.33352661132812,11569000.0,JNJ
2025-10-01 04:00:00+00:00,181.90071445249654,182.44837012991513,179.85677989838146,181.94961547851562,13063800.0,JNJ
2025-10-02 04:00:00+00:00,180.13063621234386,182.47773660731235,180.032834144845,181.8811798095703,7728100.0,JNJ
2025-10-03 04:00:00+00:00,182.9373639295453,185.59741877662566,182.79067576325374,184.4825439453125,8675100.0,JNJ
2025-10-06 04:00:00+00:00,183.85664523656718,185.7343283333897,183.2405251076493,184.01312255859375,5806100.0,JNJ
2025-10-07 04:00:00+00:00,179.71988044308327,185.05953865015417,178.90817109783274,184.72703552246094,8776800.0,JNJ
2025-10-08 04:00:00+00:00,184.70746433960892,186.0277174802343,184.12069677238543,185.5093994140625,5751200.0,JNJ
2025-10-09 04:00:00+00:00,185.81257482959435,187.86629873092122,185.54852120285247,186.8687744140625,7484800.0,JNJ
2025-10-10 04:00:00+00:00,187.77827139842617,187.83696158868858,185.6658871464611,186.51670837402344,9598000.0,JNJ
2025-10-13 04:00:00+00:00,185.64632333935597,187.08392708636944,185.1084418485517,186.69273376464844,7979500.0,JNJ
2025-10-14 04:00:00+00:00,188.66821591723416,190.1155938776849,181.78337771502342,186.6438446044922,13613300.0,JNJ
2025-10-15 04:00:00+00:00,187.25995260668918,189.303902268661,185.1280049658996,186.956787109375,9473000.0,JNJ
2025-10-16 04:00:00+00:00,187.12304066781874,188.7953604231518,186.23309264058008,187.88584899902344,10611800.0,JNJ
2025-10-17 04:00:00+00:00,188.2574910371791,189.33325409782032,187.4555558606101,188.9616241455078,7764400.0,JNJ
2025-10-20 04:00:00+00:00,189.23543944319755,190.19383697370563,188.0912269488921,189.45059204101562,8034700.0,JNJ
2025-10-21 04:00:00+00:00,188.75623930068377,189.28434657507717,187.5435772620767,187.65115356445312,6716000.0,JNJ
2025-10-22 04:00:00+00:00,187.76851941189366,189.18655993336867,187.55336678960077,188.68780517578125,6343100.0,JNJ
2025-10-23 04:00:00+00:00,188.31616232011413,189.72442850694094,187.31863795069512,188.2281494140625,8882500.0,JNJ
2025-10-24 04:00:00+00:00,187.9640678233363,188.0716441111252,185.24533792012375,186.2037353515625,6903400.0,JNJ
2025-10-27 04:00:00+00:00,185.8027915483585,186.59493746752628,185.35292298108493,186.10595703125,7126000.0,JNJ
2025-10-28 04:00:00+00:00,185.08889260909982,185.33338285793897,182.50707617825827,182.81024169921875,8329500.0,JNJ
2025-10-29 04:00:00+00:00,182.58530545154946,182.97649878305907,180.59027168959963,182.48751831054688,10551100.0,JNJ
2025-10-30 04:00:00+00:00,182.95693020337183,185.2062432977132,182.79067863812693,184.88351440429688,7072500.0,JNJ
2025-10-31 04:00:00+00:00,183.32856020199483,185.32359390824723,182.64397562159022,184.7074737548828,8791700.0,JNJ
2025-11-03 05:00:00+00:00,184.83461711915595,184.86395475347013,181.43131723621426,182.15499877929688,7542600.0,JNJ
2025-11-04 05:00:00+00:00,182.71243787931192,183.68062454846097,181.52909861701866,182.7417755126953,7209400.0,JNJ
2025-11-05 05:00:00+00:00,182.52662069373764,183.69039654541731,181.31394381284895,181.90072631835938,5049400.0,JNJ
2025-11-06 05:00:00+00:00,182.64398686311296,183.38724675672773,181.28462170071253,182.849365234375,6767400.0,JNJ
2025-11-07 05:00:00+00:00,183.6023881426973,184.1989448996594,181.607339513103,182.4581756591797,6959200.0,JNJ
2025-11-10 05:00:00+00:00,181.90073988239695,184.26740363210232,181.0401294561404,184.25762939453125,5323800.0,JNJ
2025-11-11 05:00:00+00:00,185.2160176409071,189.64617940511584,184.88351451022683,189.55816650390625,7465600.0,JNJ
2025-11-12 05:00:00+00:00,189.09850598598646,191.24024258336118,188.814903912235,190.10580444335938,8803000.0,JNJ
2025-11-13 05:00:00+00:00,189.92979610949115,191.68033958366678,189.18653626274676,190.94686889648438,8631600.0,JNJ
2025-11-14 05:00:00+00:00,190.7023809412554,192.8343286012861,189.2843405802947,191.61187744140625,8824800.0,JNJ
2025-11-17 05:00:00+00:00,192.6192044832797,195.86602723274726,191.58255329183768,195.18145751953125,13257000.0,JNJ
2025-11-18 05:00:00+00:00,194.62399168982054,195.88556959674344,194.1545746400929,195.59217834472656,12468600.0,JNJ
2025-11-19 05:00:00+00:00,195.59218321397532,198.99548302359867,194.9858522212118,198.04685974121094,14690800.0,JNJ
2025-11-20 05:00:00+00:00,197.54808768840363,200.00276399995727,197.1275716942422,198.59451293945312,10612600.0,JNJ
2025-11-21 05:00:00+00:00,199.46492493399532,202.37924443061647,198.51630160439882,199.40623474121094,13189100.0,JNJ
2025-11-24 05:00:00+00:00,199.2204100458954,201.5772843382305,198.52605128093478,201.5088348388672,14803900.0,JNJ
2025-11-25 05:00:00+00:00,201.93204890821323,204.43184980513072,201.93204890821323,203.39846801757812,10275300.0,JNJ
2025-11-26 05:00:00+00:00,203.22131396059922,204.52041084092286,202.68001733661194,204.2743682861328,6729000.0,JNJ
2025-11-28 05:00:00+00:00,203.723236152328,204.17596106247692,201.39075752943597,203.64450073242188,5638300.0,JNJ
2025-12-01 05:00:00+00:00,203.23114910855648,204.41215036142825,202.08950805664062,202.08950805664062,8473700.0,JNJ
2025-12-02 05:00:00+00:00,201.99109997809214,202.35523815148406,199.88497632238054,202.16824340820312,8393600.0,JNJ
2025-12-03 05:00:00+00:00,202.6406353348706,203.74291615515872,201.7450518785209,202.0796661376953,8363300.0,JNJ
2025-12-04 05:00:00+00:00,201.35139543875005,201.61712562110287,198.51699522355807,199.27479553222656,9049900.0,JNJ
2025-12-05 05:00:00+00:00,199.7668717489871,200.2294329646455,197.63122412342938,198.73348999023438,7785300.0,JNJ
2025-12-08 05:00:00+00:00,199.45193591844364,200.04242902685974,197.80837348995507,198.4283905029297,7785700.0,JNJ
2025-12-09 05:00:00+00:00,199.70781308614636,202.28633417756814,196.74546622144234,196.794677734375,7509400.0,JNJ
2025-12-10 05:00:00+00:00,197.41469808815052,203.5264016771889,197.01118469940698,203.2705078125,11599800.0,JNJ
2025-12-11 05:00:00+00:00,204.60897767896304,207.89611754570484,204.54009357423172,206.68557739257812,9009000.0,JNJ
2025-12-12 05:00:00+00:00,206.95131907907103,208.90982328382495,205.65222215734576,208.23074340820312,6922700.0,JNJ
2025-12-15 05:00:00+00:00,207.020201869705,211.78358190224785,205.7014024249555,210.77972412109375,8467000.0,JNJ
2025-12-16 05:00:00+00:00,210.61241313043203,211.33085313861852,205.50456762418247,205.98681640625,9949800.0,JNJ
2025-12-17 05:00:00+00:00,206.0753812226996,208.17166838785204,205.16011021761543,207.00050354003906,8457600.0,JNJ
2025-12-18 05:00:00+00:00,206.4789006202035,207.71894960387675,204.47118510311947,205.01248168945312,7499900.0,JNJ
2025-12-19 05:00:00+00:00,204.27437545387346,205.9277892890467,202.76859616710203,203.10321044921875,24803900.0,JNJ
2025-12-22 05:00:00+00:00,202.86699735291168,204.78612613749658,202.24696535433628,204.0381622314453,8187800.0,JNJ
2025-12-23 05:00:00+00:00,201.77458850774815,203.26068017644639,200.06212686952762,202.52255249023438,7047300.0,JNJ
2025-12-24 05:00:00+00:00,202.73906868364486,204.64836134488127,202.31588269030175,204.4908905029297,2376500.0,JNJ
2025-12-26 05:00:00+00:00,204.24483869267678,204.74676008426138,203.43782694440864,204.34326171875,2316700.0,JNJ
2025-12-29 05:00:00+00:00,204.70740558532265,206.1541370088678,204.09722485496195,204.2743682861328,4348900.0,JNJ
2025-12-30 05:00:00+00:00,204.22513661756275,204.40229504849634,203.25081780778308,203.6346435546875,3937400.0,JNJ
2025-12-31 05:00:00+00:00,203.63466628756984,204.21532312025465,203.10320595268348,203.6740264892578,4083800.0,JNJ
2026-01-02 05:00:00+00:00,203.54607900663632,204.10704818695953,200.4557702982002,204.06768798828125,6325500.0,JNJ
2026-01-05 05:00:00+00:00,202.6111087313451,202.68000785174,197.72963308240787,201.0758056640625,9477000.0,JNJ
2026-01-06 05:00:00+00:00,201.36123804146013,203.43783785814668,200.88882551165975,201.5482177734375,8107900.0,JNJ
2026-01-07 05:00:00+00:00,202.01076455260576,204.96327507524262,201.78440961736555,204.20547485351562,7545900.0,JNJ
2026-01-08 05:00:00+00:00,203.6543250611801,205.67187690313673,201.72535994719092,202.49301147460938,6557800.0,JNJ
2026-01-09 05:00:00+00:00,202.65049925535806,203.4279871432506,200.78056677486651,201.15455627441406,6154300.0,JNJ
2026-01-12 05:00:00+00:00,202.2962039964493,206.57733570281036,200.62311752440314,206.4001922607422,11794300.0,JNJ
2026-01-13 05:00:00+00:00,206.58717261624787,210.99625095714939,205.5537908911432,210.26795959472656,11379600.0,JNJ
2026-01-14 05:00:00+00:00,211.33085581905067,215.3954834155094,210.76003531994849,215.09039306640625,11858800.0,JNJ
2026-01-15 05:00:00+00:00,214.7754540862871,216.27139696408693,212.49218707861442,216.09425354003906,8492100.0,JNJ
2026-01-16 05:00:00+00:00,215.57262862976077,216.62569792580305,214.68688147872595,215.1986541748047,10021500.0,JNJ
2026-01-20 05:00:00+00:00,213.6535022600511,215.2675407658023,211.10450508023746,214.7557830810547,14057100.0,JNJ
2026-01-21 05:00:00+00:00,207.65991685181098,215.2183369488501,207.16783174078773,214.55894470214844,14762900.0,JNJ
2026-01-22 05:00:00+00:00,215.30692327179185,218.65309601347732,214.6475310263463,215.03135681152344,13160000.0,JNJ
2026-01-23 05:00:00+00:00,216.3206133966017,217.70829698551927,214.39163319315116,216.6552276611328,6950600.0,JNJ
2026-01-26 05:00:00+00:00,216.7241195858665,218.51530148499805,216.51743724272882,217.98385620117188,6856700.0,JNJ
2026-01-27 05:00:00+00:00,218.48578357321077,221.9303792601758,217.20635931460325,220.8871612548828,8154100.0,JNJ
2026-01-28 05:00:00+00:00,222.81613770071385,224.95180034983713,222.5012110309432,224.11524963378906,9026500.0,JNJ
2026-01-29 05:00:00+00:00,225.18797472711546,226.3591396349424,223.4853645338204,223.69203186035156,9645300.0,JNJ
2026-01-30 05:00:00+00:00,224.6466706191826,224.88287685885288,221.76305931894166,223.6526641845703,11045500.0,JNJ
2026-02-02 05:00:00+00:00,224.70576348874965,227.53032736107303,223.65269409047434,227.0972900390625,8187500.0,JNJ
2026-02-03 05:00:00+00:00,227.83540162689715,231.47682836867276,226.83154381662808,229.4100799560547,9346600.0,JNJ
2026-02-04 05:00:00+00:00,231.27998605513156,232.09684908454457,229.25259794183296,230.7583770751953,8641400.0,JNJ
2026-02-05 05:00:00+00:00,231.2799897072634,235.78749088320203,231.27015341178193,234.02581787109375,10267500.0,JNJ
2026-02-06 05:00:00+00:00,235.17731542623193,237.125968199395,234.21281782672844,236.19100952148438,8274000.0,JNJ
2026-02-09 05:00:00+00:00,236.44688027649968,236.9291290597546,233.28768746417705,234.86236572265625,9378500.0,JNJ
2026-02-10 05:00:00+00:00,236.1811678557945,236.69294058079808,234.1144193808212,234.5769805908203,6723300.0,JNJ
2026-02-11 05:00:00+00:00,235.55129826274083,237.4409032943991,233.6420056217357,237.0472412109375,6803900.0,JNJ
2026-02-12 05:00:00+00:00,236.67323795430343,242.45032705605877,235.8858988159272,240.67881774902344,10254300.0,JNJ
2026-02-13 05:00:00+00:00,240.71819063332237,241.0724925134001,238.76953780151774,239.5962371826172,13268500.0,JNJ
2026-02-17 05:00:00+00:00,240.26547331078993,240.61977517991008,238.04123907016248,239.47813415527344,12703000.0,JNJ
2026-02-18 05:00:00+00:00,239.38956433634297,241.1905976005163,238.97621465530662,241.1118621826172,8129700.0,JNJ
2026-02-19 05:00:00+00:00,240.74770670245476,243.05067635662348,240.4032561468311,243.00146484375,7553900.0,JNJ
2026-02-20 05:00:00+00:00,242.56842126641303,242.97193463736588,236.47640555492436,238.65142822265625,13565800.0,JNJ
2026-02-23 05:00:00+00:00,239.77340219692624,242.90305637560647,238.7597080434106,241.9484100341797,9622700.0,JNJ
2026-02-24 05:00:00+00:00,242.74983087068327,244.62968897361037,241.9484024234396,243.6699676513672,7246300.0,JNJ
2026-02-25 05:00:00+00:00,242.26501930596683,244.62968992113937,241.13710142042595,242.5717315673828,7698200.0,JNJ
2026-02-26 05:00:00+00:00,242.51237425588351,242.86855965236887,239.4551250760139,240.88975524902344,7172600.0,JNJ
2026-02-27 05:00:00+00:00,241.44381655451372,246.3017849576054,239.93003240320007,245.79718017578125,16428600.0,JNJ
2026-03-02 05:00:00+00:00,246.54912469567304,249.04242234613034,244.2537044562187,245.92579650878906,9042400.0,JNJ
2026-03-03 05:00:00+00:00,243.84805926874753,245.25300850282142,241.7703087256774,244.13497924804688,6178700.0,JNJ
2026-03-04 05:00:00+00:00,243.1455911306439,243.95690818284584,240.6028202250193,242.7003631591797,5768000.0,JNJ
2026-03-05 05:00:00+00:00,240.05866070262033,240.42473468568537,233.42965388259424,237.0904541015625,9375400.0,JNJ
2026-03-06 05:00:00+00:00,235.59644388499382,238.23814591204697,232.93494958702288,237.85227966308594,7179800.0,JNJ
2026-03-09 04:00:00+00:00,238.3172853623119,241.5031614171852,237.49607978572496,240.01905822753906,7844000.0,JNJ
2026-03-10 04:00:00+00:00,239.732151823879,242.40353469704283,238.26784082105456,241.12721252441406,7214100.0,JNJ
2026-03-11 04:00:00+00:00,240.29608691960013,241.10740390076984,238.80209516039704,240.41482543945312,6933200.0,JNJ
2026-03-12 04:00:00+00:00,238.9010440853151,241.80987365541034,237.75333399538243,239.47488403320312,7710200.0,JNJ
2026-03-13 04:00:00+00:00,241.6218975517249,242.98726220669954,238.94061117286776,238.9604034423828,6415300.0,JNJ
2026-03-16 04:00:00+00:00,241.3349607287423,242.4628785296478,239.1088059824489,240.61270141601562,7571500.0,JNJ
2026-03-17 04:00:00+00:00,240.99857884994995,241.55264164150105,234.70598053704475,235.5865478515625,7281800.0,JNJ
2026-03-18 04:00:00+00:00,235.349078713635,236.57594278395305,232.9250465260699,234.7653350830078,6811500.0,JNJ
2026-03-19 04:00:00+00:00,235.81410287893596,236.72435103784144,233.80561773863002,235.0819549560547,7511500.0,JNJ
2026-03-20 04:00:00+00:00,234.32011361954207,235.76463230802105,232.01480479225953,232.87557983398438,17156600.0,JNJ
2026-03-23 04:00:00+00:00,234.88406082839504,235.78442039461373,231.7674501417346,232.925048828125,7313700.0,JNJ
2026-03-24 04:00:00+00:00,231.65861261497415,233.49890116874656,229.77875461897233,232.77664184570312,9046200.0,JNJ
2026-03-25 04:00:00+00:00,234.29043431536925,238.90105200048887,233.2317667584392,237.3872528076172,6456400.0,JNJ
2026-03-26 04:00:00+00:00,237.45653008741147,239.0890376929306,236.3978624775069,236.70458984375,5171400.0,JNJ
2026-03-27 04:00:00+00:00,238.63391169766768,240.10811126821832,236.59574564385582,237.90174865722656,7617600.0,JNJ
2026-03-30 04:00:00+00:00,240.90953765922094,241.62190842303258,237.96110834902544,239.92013549804688,7241300.0,JNJ
2026-03-31 04:00:00+00:00,240.43461907362286,242.73003938495026,240.0784336838334,241.84947204589844,7554200.0,JNJ
2026-04-01 04:00:00+00:00,242.99717824988343,244.58021265880902,241.1568896154117,241.53285217285156,6314600.0,JNJ
2026-04-02 04:00:00+00:00,242.5123641523277,244.59011472810894,239.30669571751412,240.46429443359375,6878700.0,JNJ
2026-04-06 04:00:00+00:00,240.0784175573595,240.93920766482614,237.9512090454724,238.41622924804688,4442400.0,JNJ
2026-04-07 04:00:00+00:00,238.22825540792763,238.22825540792763,233.50880278778567,235.8833770751953,6241100.0,JNJ
2026-04-08 04:00:00+00:00,234.13213423473948,238.77243293320464,231.42116679227811,238.7427520751953,8771100.0,JNJ
2026-04-09 04:00:00+00:00,238.7427511835681,241.61201149233705,237.9907958579282,238.7526397705078,6216500.0,JNJ
2026-04-10 04:00:00+00:00,239.43532307826192,239.69256220529843,235.38867186110593,235.93284606933594,7354500.0,JNJ
2026-04-13 04:00:00+00:00,235.19079033309842,235.8635765445355,232.68758901903882,235.43814086914062,7663600.0,JNJ
2026-04-14 04:00:00+00:00,232.5193972079424,239.62331259842583,230.77805483364233,237.5554656982422,10318700.0,JNJ
2026-04-15 04:00:00+00:00,237.3971547010872,237.8720635067345,234.24095942154312,236.14060974121094,6463500.0,JNJ
2026-04-16 04:00:00+00:00,234.90386545418738,235.61623623667953,229.66003084303983,232.05438232421875,8668900.0,JNJ
2026-04-17 04:00:00+00:00,231.87629665489436,233.0437839864675,229.58087633934963,231.6981964111328,8946300.0,JNJ
2026-04-20 04:00:00+00:00,232.32152567058696,232.7667536363879,227.09748331847635,228.2451934814453,7810500.0,JNJ
2026-04-21 04:00:00+00:00,226.91937872287346,227.25577181512992,222.31864987835766,223.76318359375,11681200.0,JNJ
2026-04-22 04:00:00+00:00,223.7829810531976,225.06920692516337,221.40842182578342,223.70384216308594,9003400.0,JNJ
2026-04-23 04:00:00+00:00,224.8416507297823,228.93777524810503,224.62398103726102,228.2056121826172,7097600.0,JNJ
2026-04-24 04:00:00+00:00,226.6027733404394,227.55260604771448,224.61408045271432,225.0889892578125,6067500.0,JNJ
2026-04-27 04:00:00+00:00,223.37733983631023,225.49465994910125,221.972390518204,222.95188903808594,7897800.0,JNJ
2026-04-28 04:00:00+00:00,225.31655381218496,228.58158401963007,223.97096624596244,225.37591552734375,7179800.0,JNJ
2026-04-29 04:00:00+00:00,223.12997454989514,226.2861697879244,222.47696551504524,224.94058227539062,7071100.0,JNJ
2026-04-30 04:00:00+00:00,225.53421985117495,228.71020743451083,225.3957041523519,227.41409301757812,8157200.0,JNJ
2026-05-01 04:00:00+00:00,226.63244949097316,227.33493164601464,224.61407578841013,224.7822723388672,6863600.0,JNJ
2026-05-04 04:00:00+00:00,223.12007375353997,224.66355379145187,221.2105348477109,221.82395935058594,8215200.0,JNJ
2026-05-05 04:00:00+00:00,223.00135999434525,224.12927789209027,222.51654748413543,223.15966796875,5556700.0,JNJ
2026-05-06 04:00:00+00:00,222.86284542864004,223.94129020275372,220.58721735046336,222.23951721191406,7982300.0,JNJ
2026-05-07 04:00:00+00:00,222.39781787364097,222.39781787364097,218.29180491973372,220.15187072753906,7269700.0,JNJ
2026-05-08 04:00:00+00:00,220.5773139289545,221.00274959951292,218.578717393272,218.9744873046875,5550600.0,JNJ
2026-05-11 04:00:00+00:00,218.97449324390374,220.91371302266228,218.034549114472,219.08331298828125,6223200.0,JNJ
2026-05-12 04:00:00+00:00,220.63667479230432,225.23738865385062,219.30097587916978,221.88331604003906,8632500.0,JNJ
2026-05-13 04:00:00+00:00,223.42680175059942,228.35402025227188,223.0508241008666,227.97804260253906,7464500.0,JNJ
2026-05-14 04:00:00+00:00,228.55191184757024,229.30385209662222,226.73141539381513,228.35403442382812,6974400.0,JNJ
2026-05-15 04:00:00+00:00,228.324343449484,229.6798195939985,224.0402302332647,224.307373046875,12167000.0,JNJ
2026-05-18 04:00:00+00:00,224.30737192600984,227.26567474324526,223.46637404521803,226.4939422607422,10141600.0,JNJ
2026-05-19 04:00:00+00:00,226.5137209227187,228.40348257147707,225.62324996765844,227.56248474121094,9677900.0,JNJ
2026-05-20 04:00:00+00:00,229.2345877493695,229.54130000194294,226.74129009113187,226.88970947265625,7353800.0,JNJ
2026-05-21 04:00:00+00:00,226.88970696918975,229.43246262946704,224.94058353722363,229.27415466308594,5239000.0,JNJ
2026-05-22 04:00:00+00:00,230.53071103197314,233.0042165151488,230.25367962562382,231.85650634765625,5462300.0,JNJ
2026-05-26 04:00:00+00:00,231.85650632452897,232.0953339431715,227.9557463234551,229.0503387451172,6619600.0,JNJ
2026-05-27 04:00:00+00:00,228.85132348090337,231.74704572535882,227.89604337347495,230.15489196777344,5835500.0,JNJ
2026-05-28 04:00:00+00:00,228.90107206919134,230.7320381891827,228.60254135347682,229.66729736328125,7193400.0,JNJ
2026-05-29 04:00:00+00:00,230.09517449736785,230.36385365376995,223.48776262843438,224.22413635253906,13897700.0,JNJ
2026-06-01 04:00:00+00:00,222.10459450044488,223.3385143974124,219.75617610550876,222.41307067871094,8041000.0,JNJ
2026-06-02 04:00:00+00:00,221.48763589098954,224.39330345287865,220.08455216761314,221.79611206054688,5669000.0,JNJ
2026-06-03 04:00:00+00:00,221.35827776443833,223.82610240207563,220.91048926891716,222.1444091796875,6507200.0,JNJ
2026-06-04 04:00:00+00:00,225.97549994238426,227.5477475509985,224.79133771170055,227.05020141601562,7274800.0,JNJ
2026-06-05 04:00:00+00:00,228.87122983792332,234.06561287765282,227.87613753428016,231.6276397705078,8034900.0,JNJ
2026-06-08 04:00:00+00:00,231.62763678757383,233.7969306933057,229.42847614392605,231.0206298828125,7559800.0,JNJ
2026-06-09 04:00:00+00:00,231.23954685180908,236.5433904796373,229.2792138627353,235.8368682861328,8354500.0,JNJ
2026-06-10 04:00:00+00:00,237.67779864975017,239.7475772433621,235.886629497679,237.31956481933594,8350800.0,JNJ
2026-06-11 04:00:00+00:00,238.822141602048,240.41429528628944,236.97126939727602,237.16033935546875,7399000.0,JNJ
2026-06-12 04:00:00+00:00,238.82214080935248,239.72767840405794,236.35431627248195,239.6878662109375,6459400.0,JNJ
2026-06-15 04:00:00+00:00,237.8270530309927,238.32459916704082,232.43365473829965,234.50344848632812,7732000.0,JNJ
2026-06-16 04:00:00+00:00,235.20994955683125,235.20994955683125,229.88621514589735,234.02578735351562,7718100.0,JNJ
2026-06-17 04:00:00+00:00,232.88144953454835,234.27457267967245,229.5677903566066,233.0506134033203,8548000.0,JNJ
2026-06-18 04:00:00+00:00,230.64248139608736,231.60772209709037,226.48300306302522,227.2691192626953,18989800.0,JNJ
2026-06-22 04:00:00+00:00,227.8263796240252,230.31411038031268,226.3834988221592,230.15489196777344,8518300.0,JNJ
2026-06-23 04:00:00+00:00,234.48354214543076,238.62312963718077,233.19987979667957,237.9066619873047,11802000.0,JNJ
2026-06-24 04:00:00+00:00,238.71267722908183,241.84721171654783,237.5782726810186,239.81723022460938,8139200.0,JNJ
2026-06-25 04:00:00+00:00,240.0859235854152,246.97196048258556,239.70778365238823,243.67820739746094,10130400.0,JNJ
2026-06-26 04:00:00+00:00,247.05156300573913,253.85799051268404,246.6535169859773,253.4102020263672,16316800.0,JNJ
2026-06-29 04:00:00+00:00,251.94740453022743,257.3109358669097,250.7930938975173,257.2413024902344,8608400.0,JNJ
2026-06-30 04:00:00+00:00,257.7288999793201,258.62447695588,251.92751017702224,252.7235870361328,8469500.0,JNJ
2026-07-01 04:00:00+00:00,252.00712264580847,252.95245728529045,249.8477741968348,252.73353576660156,6516500.0,JNJ
2026-07-02 04:00:00+00:00,254.52470472933535,261.8087875806335,252.753441667793,261.74908447265625,7998700.0,JNJ
2026-07-06 04:00:00+00:00,258.9528582650781,260.0972082397536,254.67394351620698,258.0572509765625,6803700.0,JNJ
2026-07-07 04:00:00+00:00,263.5899938466549,268.1076906797339,262.75408965465317,265.9284362792969,9089700.0,JNJ
2026-07-08 04:00:00+00:00,267.28179179450893,267.28179179450893,261.8386358221884,262.1072998046875,6769400.0,JNJ
2026-07-09 04:00:00+00:00,259.35088953644544,262.1570568783993,256.8631589924022,257.8283996582031,6426100.0,JNJ
2026-07-10 04:00:00+00:00,258.91306402533775,260.01760188497747,254.26598487714244,255.7188262939453,6534700.0,JNJ
2026-07-13 04:00:00+00:00,256.68405301110437,258.2562853735001,254.89286877547602,256.5049133300781,5272200.0,JNJ
2026-07-14 04:00:00+00:00,254.27593479130442,255.13172996253974,250.9025724938729,252.60418701171875,8770600.0,JNJ
2026-07-15 04:00:00+00:00,248.86261881363527,255.5695309055475,244.84245277781295,245.8076934814453,10547300.0,JNJ
2026-07-16 04:00:00+00:00,247.67845384783817,252.30564190006208,245.09122311970796,248.7432098388672,11097600.0,JNJ
2026-07-17 04:00:00+00:00,251.35035299448896,254.40529355359888,250.7134945486414,251.7981414794922,10167700.0,JNJ
2026-07-20 04:00:00+00:00,250.7731932271148,252.93254159418385,247.40979173683036,247.59886169433594,8114700.0,JNJ
2026-07-21 04:00:00+00:00,246.2355858738711,250.10649430212794,244.28521347459443,249.3800811767578,7793100.0,JNJ
2026-07-22 04:00:00+00:00,251.51951735745217,255.03220704893891,249.97713648203677,254.3754425048828,9100200.0,JNJ
2026-07-23 04:00:00+00:00,253.98735319581928,258.9230174724852,253.17137025663587,257.99755859375,8063300.0,JNJ
2026-07-24 04:00:00+00:00,260.14696680341433,262.41577598127003,258.33589157019617,262.1072998046875,6351800.0,JNJ
2026-07-27 04:00:00+00:00,261.26146783773044,267.48079463226605,260.0673753138636,264.6448059082031,9647900.0,JNJ
2026-07-28 04:00:00+00:00,268.67490010822394,273.55084592551594,264.87364052953075,265.42095947265625,10491000.0,JNJ
2026-07-29 04:00:00+00:00,267.1822622796963,268.0181361041443,263.49047862976664,264.2268371582031,6105600.0,JNJ
2026-07-30 04:00:00+00:00,257.75875187348953,259.2414296518399,253.31068817063203,254.56451416015625,8216500.0,JNJ
2026-07-31 04:00:00+00:00,254.75357596655473,257.2114550322676,252.04690865509698,255.09190368652344,6782100.0,JNJ
2026-08-03 04:00:00+00:00,253.71867195954576,256.4850271972422,249.67859985775465,253.1614227294922,8136300.0,JNJ
2026-08-04 04:00:00+00:00,253.16142648061836,254.2659795008061,249.21090897857138,253.67886352539062,7362400.0,JNJ
2026-08-05 04:00:00+00:00,253.9972934738065,258.04732616634374,253.2211227437212,256.3258056640625,6472600.0,JNJ
2026-08-06 04:00:00+00:00,260.42559336590404,260.8236242062839,254.02715726257253,255.7188262939453,6931800.0,JNJ
2026-08-07 04:00:00+00:00,254.63416238175625,258.32596141364326,253.86793707628854,257.96771240234375,6532100.0,JNJ
2026-08-10 04:00:00+00:00,257.78861210678537,260.71418593564044,257.28110530959395,260.5251159667969,8985100.0,JNJ
2026-08-11 04:00:00+00:00,259.9479684253454,262.85362089025904,257.09202805973007,258.52496337890625,5945900.0,JNJ
2026-08-12 04:00:00+00:00,254.7436088096904,260.1270613743755,254.00723509927005,259.5797424316406,4629300.0,JNJ
2026-08-13 04:00:00+00:00,260.44550421552646,261.3311205223152,258.37569533996134,260.79376220703125,4852700.0,JNJ
2026-08-14 04:00:00+00:00,259.37078114396394,260.42557646804266,257.8881034534354,259.072265625,4998100.0,JNJ
2026-08-17 04:00:00+00:00,257.5995438259766,262.98299691726805,256.7437790079673,261.0823669433594,5515500.0,JNJ
2026-08-18 04:00:00+00:00,266.3563600087168,270.3964321763198,265.02290964957547,269.7794494628906,7838200.0,JNJ
2026-08-19 04:00:00+00:00,271.6601848020655,275.1131561312948,269.2321572777068,272.06817626953125,7728500.0,JNJ
2026-08-20 04:00:00+00:00,272.05823633214175,272.05823633214175,266.0578308105469,266.0578308105469,6475900.0,JNJ
2026-08-21 04:00:00+00:00,266.51555077860934,271.32186347512464,265.68963755179993,268.9137268066406,6186800.0,JNJ
2026-08-24 04:00:00+00:00,268.4161893708204,272.635401405727,267.2519483767422,271.70001220703125,5436100.0,JNJ
2026-08-25 04:00:00+00:00,271.0,273.79998779296875,270.17999267578125,273.1400146484375,4687000.0,JNJ
2026-08-26 04:00:00+00:00,271.9700012207031,272.9100036621094,269.54998779296875,270.0,7214100.0,JNJ
2026-08-27 04:00:00+00:00,268.45001220703125,268.45001220703125,263.8299865722656,265.7699890136719,7306200.0,JNJ
2026-08-28 04:00:00+00:00,265.7799987792969,268.3800048828125,264.2699890136719,268.0400085449219,5765600.0,JNJ
2026-08-31 04:00:00+00:00,267.1300048828125,267.7699890136719,265.1700134277344,265.8500061035156,7900100.0,JNJ
2026-09-01 04:00:00+00:00,270.8299865722656,271.9100036621094,267.0199890136719,271.19000244140625,6033600.0,JNJ
2026-09-02 04:00:00+00:00,274.739990234375,281.07000732421875,273.5299987792969,275.2099914550781,7910600.0,JNJ
2026-09-03 04:00:00+00:00,277.32000732421875,278.8900146484375,273.1600036621094,278.42999267578125,5940300.0,JNJ
2026-09-04 04:00:00+00:00,275.1300048828125,277.79998779296875,274.75,275.2300109863281,4320100.0,JNJ
