datetime,open,high,low,close,volume,symbol
2021-09-07 04:00:00+00:00,141.17623688678793,142.402781523127,140.2673591652647,140.4879608154297,9285600.0,JPM
2021-09-08 04:00:00+00:00,140.20554235180816,140.81440487866988,139.45549157955347,139.8614044189453,7852700.0,JPM
2021-09-09 04:00:00+00:00,139.65849395415765,141.9174526570591,139.4908345487233,140.47030639648438,7904300.0,JPM
2021-09-10 04:00:00+00:00,141.6791664782873,141.82035473081487,138.73193239515157,138.85546875,8311600.0,JPM
2021-09-13 04:00:00+00:00,139.887875616442,141.22913701958183,139.481976241257,141.0614776611328,10052800.0,JPM
2021-09-14 04:00:00+00:00,141.582087728084,142.36742879420936,137.88480318758363,138.5995635986328,11685600.0,JPM
2021-09-15 04:00:00+00:00,138.29071885960727,140.02906037851577,138.0701172807047,139.56138610839844,11691500.0,JPM
2021-09-16 04:00:00+00:00,140.66441677718925,141.9350842317079,138.73194447881332,139.4996337890625,10880900.0,JPM
2021-09-17 04:00:00+00:00,138.87313672681844,140.31145013956012,138.53781795435447,139.13784790039062,25581600.0,JPM
2021-09-20 04:00:00+00:00,135.79350124661838,136.3847118356804,132.7933252946273,134.97286987304688,15819900.0,JPM
2021-09-21 04:00:00+00:00,135.47588112135801,136.37593960281373,134.6375975634279,134.9905548095703,8999900.0,JPM
2021-09-22 04:00:00+00:00,136.94945909495695,138.75839475605022,136.8612265410329,137.5759735107422,11236200.0,JPM
2021-09-23 04:00:00+00:00,139.42019647277522,142.6939297953238,139.1290007758004,142.2262420654297,12336100.0,JPM
2021-09-24 04:00:00+00:00,142.45569624253298,144.352864681638,141.90860856444667,143.86753845214844,10102400.0,JPM
2021-09-27 04:00:00+00:00,145.5970318922224,147.71480151578345,145.25289399178246,147.3441925048828,13220900.0,JPM
2021-09-28 04:00:00+00:00,147.97955822002362,149.3914139186296,146.1794549955321,146.55006408691406,13387900.0,JPM
2021-09-29 04:00:00+00:00,146.6647675235906,147.2736166039412,145.63234023012714,146.43533325195312,7777100.0,JPM
2021-09-30 04:00:00+00:00,147.29123876374368,147.3530136596209,143.64689691158245,144.44107055664062,13161200.0,JPM
2021-10-01 04:00:00+00:00,144.71462659837022,148.5089762081689,144.36166948025215,147.4765625,11285000.0,JPM
2021-10-04 04:00:00+00:00,147.33538566125475,150.39733669652807,146.24119696734735,147.31773376464844,14120000.0,JPM
2021-10-05 04:00:00+00:00,148.43628358822832,151.03730748793987,147.9569052119613,149.72348022460938,12292900.0,JPM
2021-10-06 04:00:00+00:00,149.1287211610751,150.11409508867152,147.36214598043946,150.04307556152344,8692600.0,JPM
2021-10-07 04:00:00+00:00,151.97829376443244,152.25348594238827,150.50466918086212,150.992919921875,10195400.0,JPM
2021-10-08 04:00:00+00:00,150.93078012107802,152.1025683058946,150.2916180036915,151.1083221435547,8190100.0,JPM
2021-10-11 04:00:00+00:00,151.62323221938186,152.0582082250284,147.77051406473495,147.9302978515625,12154700.0,JPM
2021-10-12 04:00:00+00:00,147.1402180836766,147.97468061295385,146.27025256288522,146.79400634765625,13032600.0,JPM
2021-10-13 04:00:00+00:00,145.64885689808136,146.8384035924733,142.56845409032363,142.9235382080078,22753500.0,JPM
2021-10-14 04:00:00+00:00,143.5892947185567,145.59554521193775,142.08903964199308,145.11618041992188,15176800.0,JPM
2021-10-15 04:00:00+00:00,146.7851289461052,148.40077914352787,145.7109772378225,147.90365600585938,14267400.0,JPM
2021-10-18 04:00:00+00:00,147.7882556636297,149.6791117079863,147.28226013711716,147.85040283203125,12672900.0,JPM
2021-10-19 04:00:00+00:00,148.60492144060018,149.71457591236566,147.87699515082716,149.64356994628906,8053900.0,JPM
2021-10-20 04:00:00+00:00,149.40390956297952,151.68535255263262,148.65822486527424,151.65872192382812,8185600.0,JPM
2021-10-21 04:00:00+00:00,151.58768893451537,152.09369792803645,149.74122207639823,150.4691619873047,8415200.0,JPM
2021-10-22 04:00:00+00:00,150.93964771015538,152.76835622047847,150.64669728681417,152.4931640625,8817900.0,JPM
2021-10-25 04:00:00+00:00,153.3187877804457,153.5407187367024,151.3391538978106,151.7475128173828,10159200.0,JPM
2021-10-26 04:00:00+00:00,151.8007539480115,153.12346714829795,151.39239508259521,152.1558380126953,8015100.0,JPM
2021-10-27 04:00:00+00:00,151.19710061314262,151.5344263937014,148.55167434756933,148.98666381835938,9847000.0,JPM
2021-10-28 04:00:00+00:00,149.40389638735192,151.3657581127488,149.10207359045828,151.23260498046875,7212900.0,JPM
2021-10-29 04:00:00+00:00,151.9605261878439,152.9015246245037,150.37150683235976,150.81536865234375,8140100.0,JPM
2021-11-01 04:00:00+00:00,152.7239658757041,152.98141331145612,150.0341643863311,150.7354736328125,7435500.0,JPM
2021-11-02 04:00:00+00:00,150.73548797297835,152.41328523532852,149.95428677718738,151.33026123046875,7173800.0,JPM
2021-11-03 04:00:00+00:00,151.028445582121,151.91616933012273,150.15846655625495,151.38352966308594,8402700.0,JPM
2021-11-04 04:00:00+00:00,150.91304847297408,151.09059052676537,147.79714276032698,149.39503479003906,9574200.0,JPM
2021-11-05 04:00:00+00:00,149.93654870143243,150.99294222102063,148.61384887067965,149.18199157714844,7975600.0,JPM
2021-11-08 05:00:00+00:00,150.06969514423858,151.72973413916023,149.79450296279046,150.0785675048828,6413700.0,JPM
2021-11-09 05:00:00+00:00,148.56060698449554,149.55485346409307,147.89481402856669,148.94232177734375,7990300.0,JPM
2021-11-10 05:00:00+00:00,148.6493357838505,149.98092137799472,148.3297546994323,148.8002471923828,6999200.0,JPM
2021-11-11 05:00:00+00:00,148.71145944627725,149.74120851503892,148.1610616100084,148.79135131835938,5815300.0,JPM
2021-11-12 05:00:00+00:00,148.82690627181915,148.90681171739104,147.1136056483718,148.1256103515625,8113400.0,JPM
2021-11-15 05:00:00+00:00,148.43629676330428,148.95116462708512,147.36214504717802,147.85926818847656,6492500.0,JPM
2021-11-16 05:00:00+00:00,148.3031340804221,148.31201998749316,146.5809477618014,146.79400634765625,9706100.0,JPM
2021-11-17 05:00:00+00:00,146.6608112839994,146.9715063941235,145.04514794724378,146.00389099121094,9909600.0,JPM
2021-11-18 05:00:00+00:00,145.93290901955524,146.34126791104748,144.30837290599322,144.7433624267578,8122500.0,JPM
2021-11-19 05:00:00+00:00,143.189817325069,143.90887126341005,141.5475232705074,142.85247802734375,12193600.0,JPM
2021-11-22 05:00:00+00:00,145.7287302269754,147.34438036587372,144.6900950922002,145.89739990234375,14549900.0,JPM
2021-11-23 05:00:00+00:00,146.9182981970727,149.63473102967563,146.8028897611807,149.38616943359375,12354400.0,JPM
2021-11-24 05:00:00+00:00,149.54592562787454,150.41589097481364,147.75272013898643,148.21434020996094,9629800.0,JPM
2021-11-26 05:00:00+00:00,143.93548184248667,144.3882159325001,140.98824698711658,143.74905395507812,13619300.0,JPM
2021-11-29 05:00:00+00:00,144.97413697643654,146.27909173433054,141.8759903237604,143.12767028808594,12104400.0,JPM
2021-11-30 05:00:00+00:00,141.29012761252096,142.5950827223778,140.5177986717218,140.99717712402344,18922600.0,JPM
2021-12-01 05:00:00+00:00,142.9235259138965,144.93866264967122,140.0828125800053,140.16270446777344,12253400.0,JPM
2021-12-02 05:00:00+00:00,141.8848614412083,144.92087445985865,140.97050723729842,143.10992431640625,12969900.0,JPM
2021-12-03 05:00:00+00:00,143.367375485278,143.6603259275297,139.54128856067402,140.5177764892578,12681800.0,JPM
2021-12-06 05:00:00+00:00,142.93235223869502,144.35271522095726,141.556391685011,142.17779541015625,11186500.0,JPM
2021-12-07 05:00:00+00:00,143.7047139755295,145.0451718589263,143.06555184084783,144.31724548339844,9851600.0,JPM
2021-12-08 05:00:00+00:00,144.39711965989687,144.93863158134326,142.18668308633636,142.6660614013672,11705700.0,JPM
2021-12-09 05:00:00+00:00,141.72508524679222,142.8613705148597,140.8373615345152,142.44415283203125,11189600.0,JPM
2021-12-10 05:00:00+00:00,143.20759261923024,143.5449184114819,141.26347556477396,141.87600708007812,10405400.0,JPM
2021-12-13 05:00:00+00:00,141.59192077449563,141.84935467039065,139.62117320734154,140.18931579589844,12069000.0,JPM
2021-12-14 05:00:00+00:00,139.77210578256617,142.82587773843719,139.63895263443976,141.26348876953125,12563600.0,JPM
2021-12-15 05:00:00+00:00,141.90263246789226,141.90263246789226,139.68332331791328,140.2070770263672,14014200.0,JPM
2021-12-16 05:00:00+00:00,142.38199149061748,143.6514433164565,140.8817363989839,142.39974975585938,19542800.0,JPM
2021-12-17 05:00:00+00:00,141.43212968030053,141.48539092871525,137.75694099263876,139.1595458984375,28082000.0,JPM
2021-12-20 05:00:00+00:00,137.16216911640348,137.33083876838214,134.79194872025192,136.6561737060547,15148000.0,JPM
2021-12-21 05:00:00+00:00,137.96112801307527,139.5323890332335,137.67704995901607,138.5647735595703,11291300.0,JPM
2021-12-22 05:00:00+00:00,138.26295796938717,139.42587377923533,137.81022378599536,139.10629272460938,7273000.0,JPM
2021-12-23 05:00:00+00:00,139.91411749249906,141.2545752554857,139.5590334698338,139.60340881347656,8055200.0,JPM
2021-12-27 05:00:00+00:00,139.90523599130546,140.43786199050092,138.78669565638106,140.40235900878906,6188100.0,JPM
2021-12-28 05:00:00+00:00,140.43787538812379,142.1689337554261,140.33135288723983,140.82847595214844,6342300.0,JPM
2021-12-29 05:00:00+00:00,141.01495485521306,141.7073784524649,140.39353725382952,140.75750732421875,6398900.0,JPM
2021-12-30 05:00:00+00:00,141.2457327244573,142.24886494143172,140.58881224365075,140.68646240234375,6948200.0,JPM
2021-12-31 05:00:00+00:00,140.6597938907987,141.40547842240093,140.2248180201573,140.57102966308594,5805900.0,JPM
2022-01-03 05:00:00+00:00,141.9115285769945,144.3793996811227,141.60081982576506,143.54493713378906,13120900.0,JPM
2022-01-04 05:00:00+00:00,145.8618727353667,149.65245656485683,145.7908532169364,148.98666381835938,20195800.0,JPM
2022-01-05 05:00:00+00:00,149.8708027295316,150.35304098319185,146.21823870608205,146.2628936767578,17539400.0,JPM
2022-01-06 05:00:00+00:00,149.0581195189452,149.46891251987,146.3432555378449,147.81678771972656,14047500.0,JPM
2022-01-07 05:00:00+00:00,147.9507304123867,149.61179428581275,147.40597253919904,149.2813720703125,13913300.0,JPM
2022-01-10 05:00:00+00:00,150.98706827839385,151.20139027717534,147.82568252856515,149.4242401123047,12922500.0,JPM
2022-01-11 05:00:00+00:00,150.2637150155545,150.49591538758978,148.52228035920214,149.57608032226562,11854100.0,JPM
2022-01-12 05:00:00+00:00,150.44234896632423,151.45148043118525,149.299238964396,150.4244842529297,12568000.0,JPM
2022-01-13 05:00:00+00:00,150.3351434222937,151.64792023798148,149.93327602758498,150.23690795898438,13623400.0,JPM
2022-01-14 05:00:00+00:00,143.5658722630873,143.80699816639134,140.11871890717197,141.00283813476562,40158400.0,JPM
2022-01-18 05:00:00+00:00,139.1185396382745,139.1185396382745,134.43897924786577,135.09091186523438,32324800.0,JPM
2022-01-19 05:00:00+00:00,135.35882662442782,135.9482259220611,132.6618271194621,133.0011749267578,22380000.0,JPM
2022-01-20 05:00:00+00:00,133.05475566739287,134.50148394816767,131.5990882170737,131.86700439453125,14860800.0,JPM
2022-01-21 05:00:00+00:00,131.72412482042682,131.73305036392497,128.8395935635875,129.56295776367188,20705400.0,JPM
2022-01-24 05:00:00+00:00,127.062395469319,129.9201357084715,124.6422520272478,129.4468231201172,28471400.0,JPM
2022-01-25 05:00:00+00:00,128.2858907805646,131.14364528059966,125.73178189423707,130.8578643798828,18915900.0,JPM
2022-01-26 05:00:00+00:00,132.813636019071,134.46577450245326,130.34883704894756,132.0991973876953,20709100.0,JPM
2022-01-27 05:00:00+00:00,133.43875583246762,134.29608485842846,128.71455471405014,129.76834106445312,17536800.0,JPM
2022-01-28 05:00:00+00:00,128.76813912804664,131.06325730708755,126.96418471517951,130.92930603027344,14117000.0,JPM
2022-01-31 05:00:00+00:00,130.06303303761217,132.87611846705255,129.1967785653274,132.70645141601562,13985700.0,JPM
2022-02-01 05:00:00+00:00,132.7868362494526,135.26949975485968,132.4385493152921,134.9837188720703,14584900.0,JPM
2022-02-02 05:00:00+00:00,134.4032401062111,134.79618199179012,132.23314782010237,133.90313720703125,12441100.0,JPM
2022-02-03 05:00:00+00:00,133.95673748407293,135.43025614568413,132.42962468096954,132.7957763671875,12474900.0,JPM
2022-02-04 05:00:00+00:00,133.15299237672326,137.0823842598427,132.85828594147185,136.242919921875,16654400.0,JPM
2022-02-07 05:00:00+00:00,136.87698575835253,137.18954327472105,134.7158188915654,136.69837951660156,12572300.0,JPM
2022-02-08 05:00:00+00:00,138.4219500938276,141.52974231914467,138.24334385132119,139.2703399658203,20411400.0,JPM
2022-02-09 05:00:00+00:00,139.84192142403992,140.59207599730087,139.1542865452771,139.85086059570312,9131100.0,JPM
2022-02-10 05:00:00+00:00,139.90440779751842,142.02091970612452,138.61842104861955,139.2703399658203,16455600.0,JPM
2022-02-11 05:00:00+00:00,138.96667558530245,141.27073236866713,136.60903830435853,137.45742797851562,16830000.0,JPM
2022-02-14 05:00:00+00:00,136.3947419739245,137.24313189244884,134.24251414948705,136.180419921875,17026500.0,JPM
2022-02-15 05:00:00+00:00,137.9843296200318,139.26139060778738,137.3949304832328,138.171875,9500000.0,JPM
2022-02-16 05:00:00+00:00,137.29673482704487,139.4043214434998,137.29673482704487,138.42196655273438,9076500.0,JPM
2022-02-17 05:00:00+00:00,136.63588232946896,137.2878013512274,134.5550858849236,135.23379516601562,11367500.0,JPM
2022-02-18 05:00:00+00:00,135.85891808502598,137.65393333705288,134.96587323046438,135.8678436279297,11733300.0,JPM
2022-02-22 05:00:00+00:00,134.49256703445266,136.8502050191361,134.32288632361673,135.62672424316406,11333500.0,JPM
2022-02-23 05:00:00+00:00,136.74300096302238,136.90375609595887,132.14382617982338,132.7868194580078,11799000.0,JPM
2022-02-24 05:00:00+00:00,127.65181234765235,129.4825567187557,124.82978780865857,129.08961486816406,25655100.0,JPM
2022-02-25 05:00:00+00:00,129.71474659809545,134.0728092264706,129.41111466133975,132.14382934570312,18367700.0,JPM
2022-02-28 05:00:00+00:00,128.19654064285368,129.5450329316089,125.81211346413653,126.63371276855469,31315300.0,JPM
2022-03-01 05:00:00+00:00,125.06199233866478,125.4549342452222,119.29293035212139,121.85596466064453,36840400.0,JPM
2022-03-02 05:00:00+00:00,122.60609128513316,125.06196401819835,121.99882747744763,124.38325500488281,19405600.0,JPM
2022-03-03 05:00:00+00:00,124.88336751750282,125.90143792994189,122.40070434283946,123.4991455078125,16640800.0,JPM
2022-03-04 05:00:00+00:00,120.5074746298819,120.93613234377204,118.23913307253112,120.02522277832031,21016000.0,JPM
2022-03-07 05:00:00+00:00,118.03372469172861,118.49811178399233,115.15811946469606,115.39031982421875,27560100.0,JPM
2022-03-08 05:00:00+00:00,115.77435188109384,117.69439315759558,113.65783280338813,114.57767486572266,19207800.0,JPM
2022-03-09 05:00:00+00:00,118.68562546772911,120.775360251088,118.2748325703398,119.16787719726562,17536200.0,JPM
2022-03-10 05:00:00+00:00,117.75691223144531,119.17685048673611,116.38162895074798,117.75691223144531,15604200.0,JPM
2022-03-11 05:00:00+00:00,118.31952806108274,119.73946623391174,114.68482864346093,115.10456085205078,20061800.0,JPM
2022-03-14 04:00:00+00:00,115.61358832625403,118.70351577067235,115.40817820648917,116.24764251708984,15786900.0,JPM
2022-03-15 04:00:00+00:00,117.70331343810263,119.26614191873468,117.10497502644601,118.31057739257812,15096600.0,JPM
2022-03-16 04:00:00+00:00,120.44494974619396,123.67778124022901,120.05200784760983,123.59739685058594,20354900.0,JPM
2022-03-17 04:00:00+00:00,122.22213583060075,125.19597723273597,121.38267137376688,125.16024780273438,17050500.0,JPM
2022-03-18 04:00:00+00:00,125.19595609090248,125.78536894533065,123.65099236046133,125.11558532714844,23656500.0,JPM
2022-03-21 04:00:00+00:00,125.33885692986003,125.7049949818154,123.89211492836945,124.71371459960938,12676100.0,JPM
2022-03-22 04:00:00+00:00,127.05349320228457,128.53593728032945,126.56231581492807,127.36605072021484,13548600.0,JPM
2022-03-23 04:00:00+00:00,125.90146221704737,126.44622013394346,124.31184343530798,124.8298110961914,12093200.0,JPM
2022-03-24 04:00:00+00:00,125.29418439702289,125.6603360244383,124.23145893670015,125.64247131347656,10017600.0,JPM
2022-03-25 04:00:00+00:00,125.9996770046092,127.86613720979891,125.74070003009193,126.74090576171875,8383500.0,JPM
2022-03-28 04:00:00+00:00,125.02630833261843,125.89256313049447,123.15090825691468,125.80325317382812,10818100.0,JPM
2022-03-29 04:00:00+00:00,128.01796665028374,128.24122783130846,125.24059701326506,126.08004760742188,11316500.0,JPM
2022-03-30 04:00:00+00:00,126.72305591808961,126.91952687081952,124.94590542764549,125.50851440429688,8771000.0,JPM
2022-03-31 04:00:00+00:00,124.87445819031412,125.33884530988709,121.68628165802816,121.73987579345703,17353900.0,JPM
2022-04-01 04:00:00+00:00,122.70434325350259,122.71328242214666,119.48939032815098,120.83788299560547,15721300.0,JPM
2022-04-04 04:00:00+00:00,119.77516801737328,122.29356097416841,118.6767266940052,121.37372589111328,17416400.0,JPM
2022-04-05 04:00:00+00:00,120.61799987256414,121.81454131688663,119.66434417861909,119.96123504638672,12110300.0,JPM
2022-04-06 04:00:00+00:00,118.37783386541516,119.2595010626264,117.82004637523085,118.29686737060547,12914700.0,JPM
2022-04-07 04:00:00+00:00,117.81105924244488,118.68373487391258,115.81380302689927,117.93701171875,12994200.0,JPM
2022-04-08 04:00:00+00:00,118.4588108545156,120.46505863888925,118.29687785055057,120.09620666503906,13126900.0,JPM
2022-04-11 04:00:00+00:00,119.65535736083984,121.36471411773648,119.26850828352293,119.65535736083984,10466400.0,JPM
2022-04-12 04:00:00+00:00,118.88163908870973,121.07682215935195,117.58612031077088,118.34183502197266,12989900.0,JPM
2022-04-13 04:00:00+00:00,114.20340297650245,116.28162557761347,113.36671479643655,114.52728271484375,30838000.0,JPM
2022-04-14 04:00:00+00:00,113.80753769886891,115.42693623777015,112.47603147089522,113.46566772460938,18835200.0,JPM
2022-04-18 04:00:00+00:00,113.06082848906898,116.2726371281174,112.9438745829109,115.5708999633789,11834400.0,JPM
2022-04-19 04:00:00+00:00,115.56192437777776,118.14397132142761,115.36399705170582,117.96402740478516,15015400.0,JPM
2022-04-20 04:00:00+00:00,119.22353251350066,120.11419150150813,118.1619213618425,118.37784576416016,13430200.0,JPM
2022-04-21 04:00:00+00:00,118.95362839270985,119.48442709549727,116.92039178513346,117.4601821899414,12174200.0,JPM
2022-04-22 04:00:00+00:00,117.2082933009912,117.4242177291475,113.97850094864559,114.08645629882812,14318800.0,JPM
2022-04-25 04:00:00+00:00,113.36669801541987,114.3653259168353,110.75767022671195,114.0504379272461,17149000.0,JPM
2022-04-26 04:00:00+00:00,112.1341708426179,113.7265806825748,110.5417678665557,110.67671203613281,17209500.0,JPM
2022-04-27 04:00:00+00:00,110.05593381835912,111.16251704700858,109.05730591120104,109.23723602294922,17215200.0,JPM
2022-04-28 04:00:00+00:00,110.48778619022181,111.24350787885761,108.98534824301431,110.96460723876953,13015600.0,JPM
2022-04-29 04:00:00+00:00,110.70370543081577,111.2075152904747,106.970096856543,107.38394165039062,14874800.0,JPM
2022-05-02 04:00:00+00:00,107.85176220134701,108.59848527575916,106.35832291641712,108.36457061767578,18545000.0,JPM
2022-05-03 04:00:00+00:00,109.33621052814826,111.71132393191763,108.66146224607981,110.68570709228516,15720900.0,JPM
2022-05-04 04:00:00+00:00,110.47879802873133,114.6172531567878,110.42481349388046,114.34735107421875,17128500.0,JPM
2022-05-05 04:00:00+00:00,112.68297507234442,113.44768850045554,109.90301514966046,111.48641967773438,15055400.0,JPM
2022-05-06 04:00:00+00:00,111.37846284121036,111.81929650451255,109.02133948611598,111.30648803710938,14417900.0,JPM
2022-05-09 04:00:00+00:00,109.85802615810769,110.95561788152929,108.40956584951297,109.63311004638672,14312300.0,JPM
2022-05-10 04:00:00+00:00,110.75769040385855,111.36046393484135,105.76454998716217,106.96110534667969,16382400.0,JPM
2022-05-11 04:00:00+00:00,107.32996038285035,110.55975212521275,106.10641630996078,106.28634643554688,14630300.0,JPM
2022-05-12 04:00:00+00:00,105.26074399264363,106.44830082979969,103.79429336357747,106.19639587402344,16318800.0,JPM
2022-05-13 04:00:00+00:00,107.42892855325138,108.18464334933826,106.12441106396625,107.14102935791016,10443200.0,JPM
2022-05-16 04:00:00+00:00,106.64621492217657,107.47390449274835,105.46765679747341,106.3943099975586,10269000.0,JPM
2022-05-17 04:00:00+00:00,108.89538830205638,110.63174100418398,108.68846245378626,109.92100524902344,11160200.0,JPM
2022-05-18 04:00:00+00:00,109.12929516160023,109.73206866611008,107.5368853196626,108.04069519042969,12664900.0,JPM
2022-05-19 04:00:00+00:00,106.33134519432458,107.64485448806897,105.82752842704669,106.43930053710938,12765800.0,JPM
2022-05-20 04:00:00+00:00,107.47390314946973,107.66283184057187,103.4793912121837,105.56661224365234,13150100.0,JPM
2022-05-23 04:00:00+00:00,108.37357261761396,113.87052264145763,108.36457405173863,112.09818267822266,24376700.0,JPM
2022-05-24 04:00:00+00:00,111.88227354594575,114.6982208536512,110.75769296339475,113.68160247802734,19324900.0,JPM
2022-05-25 04:00:00+00:00,113.60961254105274,115.03108385539763,112.61098456764918,114.4732894897461,12780400.0,JPM
2022-05-26 04:00:00+00:00,115.48992050790858,117.12731638851099,115.34598462970914,116.45256805419922,15990900.0,JPM
2022-05-27 04:00:00+00:00,117.10031761850692,118.09894561767578,116.18265611791662,118.09894561767578,11177800.0,JPM
2022-05-31 04:00:00+00:00,117.11829374906002,119.79029785853703,116.69546415125481,118.96260833740234,17015000.0,JPM
2022-06-01 04:00:00+00:00,119.53840326835602,119.53840326835602,115.75981557079469,116.87540435791016,10768000.0,JPM
2022-06-02 04:00:00+00:00,116.86639845272646,118.76469085958635,115.75981509981052,118.75569915771484,8374800.0,JPM
2022-06-03 04:00:00+00:00,118.04496156160818,118.54877138476405,116.94736999210943,117.10031127929688,8596000.0,JPM
2022-06-06 04:00:00+00:00,117.93699158652628,119.10655793987664,116.47054809011271,116.71344757080078,11323500.0,JPM
2022-06-07 04:00:00+00:00,115.90375941281079,117.24426423116766,115.71482385980927,117.01934814453125,6722200.0,JPM
2022-06-08 04:00:00+00:00,116.0567078590393,116.46155409438506,114.16741398760132,115.15704345703125,8422100.0,JPM
2022-06-09 04:00:00+00:00,114.5902439662146,115.24700192305951,112.70094345162501,112.73693084716797,13560100.0,JPM
2022-06-10 04:00:00+00:00,110.28985188085524,111.01858468838155,107.34795240954237,107.55487823486328,12945200.0,JPM
2022-06-13 04:00:00+00:00,105.13477649558172,106.11540734246348,103.51537791993975,104.35206604003906,16805600.0,JPM
2022-06-14 04:00:00+00:00,103.95623532758184,105.54863846644824,101.86001540317109,102.61573028564453,13357900.0,JPM
2022-06-15 04:00:00+00:00,104.01921284158428,105.21576142015323,101.81503067958737,103.83028411865234,14083500.0,JPM
2022-06-16 04:00:00+00:00,102.43579090978898,102.79565804880956,100.64546064462745,102.04893493652344,16724900.0,JPM
2022-06-17 04:00:00+00:00,102.14791777416684,103.1285488768549,100.90638311823894,101.6890869140625,30919900.0,JPM
2022-06-21 04:00:00+00:00,104.24411728275042,105.28772442537145,103.49739417780154,104.2081298828125,11680500.0,JPM
2022-06-22 04:00:00+00:00,103.35343475007033,104.54099137951715,102.91260115456578,103.62333679199219,9842700.0,JPM
2022-06-23 04:00:00+00:00,103.47039136324203,103.62333264439226,100.2945775346937,102.48975372314453,11851500.0,JPM
2022-06-24 04:00:00+00:00,101.86901293123852,105.99846963384918,101.50914576348947,105.54863739013672,14841100.0,JPM
2022-06-27 04:00:00+00:00,106.2143783826469,106.61023292073985,104.03719215092518,104.70294189453125,11280500.0,JPM
2022-06-28 04:00:00+00:00,105.86351266245697,107.32097152150932,104.00120755228201,104.19913482666016,11590900.0,JPM
2022-06-29 04:00:00+00:00,104.36107799305506,105.0988025801743,103.21850714203806,103.73131561279297,9338400.0,JPM
2022-06-30 04:00:00+00:00,101.8150128424851,102.63371069565692,99.79976662036917,101.31120300292969,15172600.0,JPM
2022-07-01 04:00:00+00:00,101.34718853115355,102.93959138117171,100.00669059626647,102.60671997070312,10573600.0,JPM
2022-07-05 04:00:00+00:00,100.53733879955958,102.29812862202492,99.20313957412496,102.21644592285156,12514200.0,JPM
2022-07-06 04:00:00+00:00,101.40866278810402,102.55226212775857,100.55549544060081,101.55387878417969,10656200.0,JPM
2022-07-07 04:00:00+00:00,103.01515879940784,104.28583174661338,102.92439792988112,104.1224594116211,10347400.0,JPM
2022-07-08 04:00:00+00:00,104.52179309329865,104.96652610566768,103.1149756817157,103.79569244384766,8807800.0,JPM
2022-07-11 04:00:00+00:00,103.06052681176529,103.67771032387522,101.85338735174581,102.43426513671875,7939500.0,JPM
2022-07-12 04:00:00+00:00,102.1801312123602,104.5399480618599,101.88969232203115,102.53410339355469,11250900.0,JPM
2022-07-13 04:00:00+00:00,101.42680620165926,102.08937362009563,100.18336098400094,101.57202911376953,12979900.0,JPM
2022-07-14 04:00:00+00:00,98.01416859969322,98.23200302266923,96.26245659810957,98.02324676513672,26204800.0,JPM
2022-07-15 04:00:00+00:00,99.07607006855429,103.36004222032456,97.72370763093286,102.51595306396484,18863900.0,JPM
2022-07-18 04:00:00+00:00,104.16783066308354,105.13898645536467,101.00930825951559,101.46311950683594,13977900.0,JPM
2022-07-19 04:00:00+00:00,102.6793334034956,104.32213487677055,102.26182787440001,103.97723388671875,11862300.0,JPM
2022-07-20 04:00:00+00:00,103.55971983511242,104.14059764732086,102.99699834962846,103.95907592773438,11667500.0,JPM
2022-07-21 04:00:00+00:00,103.86832499748431,104.85763023564225,102.89716916317614,104.66703033447266,11595900.0,JPM
2022-07-22 04:00:00+00:00,104.59441499315257,105.51111565732424,103.16944794470042,104.15876007080078,7645500.0,JPM
2022-07-25 04:00:00+00:00,105.13900027541744,105.70172878892247,104.16784435548219,104.57627868652344,9394000.0,JPM
2022-07-26 04:00:00+00:00,103.99540387603209,104.90302651710492,102.5885860125247,102.94255828857422,10675100.0,JPM
2022-07-27 04:00:00+00:00,103.4780419729543,105.04822500210126,102.83363083632409,104.59441375732422,9337400.0,JPM
2022-07-28 04:00:00+00:00,104.60349583569682,105.26606332469507,103.04238398730452,104.20413970947266,10384800.0,JPM
2022-07-29 04:00:00+00:00,104.9120726439519,105.73801237342818,104.18597885967264,104.70332336425781,12944500.0,JPM
2022-08-01 04:00:00+00:00,103.92278015245829,104.47643045221751,102.62487965173575,103.6595687866211,14740400.0,JPM
2022-08-02 04:00:00+00:00,103.39636977553488,103.83203169078001,101.898791030432,102.04401397705078,14942900.0,JPM
2022-08-03 04:00:00+00:00,102.96975969549624,103.55971564720942,101.39049864020714,103.11498260498047,14394500.0,JPM
2022-08-04 04:00:00+00:00,102.42519419130576,102.85177785946334,100.76424341194704,101.98046112060547,18033900.0,JPM
2022-08-05 04:00:00+00:00,102.13475961702619,105.45666131685763,101.69910469139563,105.0663833618164,14174600.0,JPM
2022-08-08 04:00:00+00:00,105.51112056825411,105.91954794254511,103.63234218221672,103.78663635253906,10332500.0,JPM
2022-08-09 04:00:00+00:00,104.14968164237897,105.2751316009744,103.80478758600896,104.72148132324219,10233800.0,JPM
2022-08-10 04:00:00+00:00,107.063152213065,108.3429032970684,106.64564668253766,107.45343017578125,12847300.0,JPM
2022-08-11 04:00:00+00:00,108.82392823697425,110.00383321404902,108.2884274148036,109.04175567626953,11684900.0,JPM
2022-08-12 04:00:00+00:00,109.52278784295031,110.95683282480073,108.40641622482539,110.84791564941406,9906700.0,JPM
2022-08-15 04:00:00+00:00,109.94937676071238,111.38342181173202,109.45925983474582,111.1474380493164,8456200.0,JPM
2022-08-16 04:00:00+00:00,110.99315503303534,112.76301611709646,110.61195524948526,112.20936584472656,9555000.0,JPM
2022-08-17 04:00:00+00:00,111.00224506757232,111.78280104571164,110.44859473599418,111.26544952392578,8149300.0,JPM
2022-08-18 04:00:00+00:00,110.9477703468881,111.15652656473851,109.41389305985257,110.4031982421875,9531800.0,JPM
2022-08-19 04:00:00+00:00,109.47743081896355,109.81324671950163,107.19929635562796,107.67125701904297,13464500.0,JPM
2022-08-22 04:00:00+00:00,105.96492255513769,106.33705108878003,104.83039447638889,105.8923110961914,8967600.0,JPM
2022-08-23 04:00:00+00:00,105.91048019098439,106.45505234951126,104.72148991238544,104.84855651855469,7607000.0,JPM
2022-08-24 04:00:00+00:00,104.63979462581788,105.65633427758321,103.87738815584142,105.1026840209961,9771300.0,JPM
2022-08-25 04:00:00+00:00,105.42943089206129,107.77109163423097,104.99376905362855,107.59864807128906,10758900.0,JPM
2022-08-26 04:00:00+00:00,108.42458482179282,108.9056236468533,104.01353884448274,104.07707214355469,11276200.0,JPM
2022-08-29 04:00:00+00:00,103.4689571880182,104.24951303305447,102.97884024406916,103.82292938232422,8117300.0,JPM
2022-08-30 04:00:00+00:00,104.376596597961,104.90301935575293,102.88809612218502,103.84110260009766,10745400.0,JPM
2022-08-31 04:00:00+00:00,103.90463968862345,104.4038279705531,102.86994354010181,103.22392272949219,10738300.0,JPM
2022-09-01 04:00:00+00:00,102.82456123998635,104.04077215351198,101.57204459290033,103.9318618774414,9979800.0,JPM
2022-09-02 04:00:00+00:00,105.16622513135546,106.6002634672433,102.73379647194963,103.20575714111328,10666600.0,JPM
2022-09-06 04:00:00+00:00,103.7684796841988,104.14967946346587,101.71725094280313,103.23297882080078,9751900.0,JPM
2022-09-07 04:00:00+00:00,102.67934012915696,105.38405846824777,102.34352420582832,105.1934585571289,10647900.0,JPM
2022-09-08 04:00:00+00:00,104.63072127029264,107.81647820178921,104.04076525711028,107.64402770996094,11435000.0,JPM
2022-09-09 04:00:00+00:00,108.13414938473096,108.96008922393946,107.70756568092969,108.161376953125,9299700.0,JPM
2022-09-12 04:00:00+00:00,109.4774296937704,110.32151890539954,108.72410134825628,109.44112396240234,8614600.0,JPM
2022-09-13 04:00:00+00:00,107.16298969054854,107.93446744065152,105.08453330758677,105.63818359375,12904600.0,JPM
2022-09-14 04:00:00+00:00,105.91953556244229,106.95422458601256,104.26766300510995,105.39311981201172,9345700.0,JPM
2022-09-15 04:00:00+00:00,105.39312128531932,108.35196548374964,105.06637664966534,106.98146057128906,10821400.0,JPM
2022-09-16 04:00:00+00:00,106.54581084854817,106.55488901296111,104.71241633993696,106.26445007324219,14844100.0,JPM
2022-09-19 04:00:00+00:00,105.28421430798113,107.76202688119582,104.83948120367455,107.24468231201172,8201300.0,JPM
2022-09-20 04:00:00+00:00,106.56397397471923,106.81810719760725,104.04985546698215,105.12992858886719,9619000.0,JPM
2022-09-21 04:00:00+00:00,105.77433928837232,105.82879442883322,102.03493166041227,102.09846496582031,12606300.0,JPM
2022-09-22 04:00:00+00:00,102.90623810631774,103.10591616726137,100.80963231563014,100.93669891357422,11684500.0,JPM
2022-09-23 04:00:00+00:00,99.88387757535234,100.14708205592052,97.26084861375635,99.05793762207031,18138600.0,JPM
2022-09-26 04:00:00+00:00,98.02324082588356,99.48451376623828,96.26245076554312,96.92501831054688,15753600.0,JPM
2022-09-27 04:00:00+00:00,97.79632248042036,98.17752226112906,94.98269416984998,96.07183837890625,12793600.0,JPM
2022-09-28 04:00:00+00:00,96.16260178285361,98.68579816730814,95.88124102174599,98.01415252685547,12762600.0,JPM
2022-09-29 04:00:00+00:00,97.07023383552365,97.36975095399661,94.75580037136835,96.35321807861328,12713900.0,JPM
2022-09-30 04:00:00+00:00,96.26243110978753,97.67832678578611,94.75578150182905,94.84654235839844,15973400.0,JPM
2022-10-03 04:00:00+00:00,95.8630913175498,98.3499750383792,94.8102458896218,97.7781753540039,12248100.0,JPM
2022-10-04 04:00:00+00:00,100.3921238672329,102.5522628939969,99.71140700180528,102.35258483886719,16013600.0,JPM
2022-10-05 04:00:00+00:00,100.5027922381571,101.60168102153392,99.66031037179722,101.0888671875,10943500.0,JPM
2022-10-06 04:00:00+00:00,100.23722280136262,100.90571823117006,98.84529658683022,99.0284423828125,11521400.0,JPM
2022-10-07 04:00:00+00:00,98.46069135916748,98.63468477736758,96.40026946115013,97.05045318603516,11681100.0,JPM
2022-10-10 04:00:00+00:00,97.73725778403534,98.26838343772174,95.7134595164074,96.14385986328125,8931700.0,JPM
2022-10-11 04:00:00+00:00,95.57609206806305,95.73176668930427,93.26841597322337,93.36914825439453,12739700.0,JPM
2022-10-12 04:00:00+00:00,93.22264195688732,95.90576927707119,92.74645167540932,94.88013458251953,13181000.0,JPM
2022-10-13 04:00:00+00:00,93.38746826449699,100.64015068566272,93.18600369948167,100.1548080444336,22398700.0,JPM
2022-10-14 04:00:00+00:00,102.52658356155584,105.53021942862705,101.39106421861624,101.82146453857422,33387100.0,JPM
2022-10-17 04:00:00+00:00,105.68590275946444,107.15109015904487,104.68773925856723,106.09798431396484,22276300.0,JPM
2022-10-18 04:00:00+00:00,109.57780496566174,110.01735767004864,107.10529480386943,108.82688903808594,21539700.0,JPM
2022-10-19 04:00:00+00:00,108.04851781355856,108.81774558935243,105.92399427010457,106.69322204589844,17072000.0,JPM
2022-10-20 04:00:00+00:00,107.28845894082309,108.70785647438998,105.90568498102753,106.3452377319336,12207400.0,JPM
2022-10-21 04:00:00+00:00,106.64742591227989,112.07778202749257,106.52838184082461,111.93126678466797,20593300.0,JPM
2022-10-24 04:00:00+00:00,111.78473308790528,112.72794713650374,111.10708531290815,112.06861114501953,12624200.0,JPM
2022-10-25 04:00:00+00:00,111.58327608557636,112.88362938644316,110.70416369964258,112.36165618896484,11289100.0,JPM
2022-10-26 04:00:00+00:00,112.6364023977851,114.6510344427941,112.52651070955052,113.65287780761719,11667000.0,JPM
2022-10-27 04:00:00+00:00,114.6510221680063,115.56676517888995,113.74443854346963,114.10157775878906,10727600.0,JPM
2022-10-28 04:00:00+00:00,114.73343327498077,115.64001682526549,113.59791399072567,115.45687103271484,11859500.0,JPM
2022-10-31 04:00:00+00:00,115.1088933959679,116.69313187506613,115.00816110608834,115.27372741699219,13295200.0,JPM
2022-11-01 04:00:00+00:00,116.18031980392584,117.47151383290596,115.68581773328512,117.35246276855469,13386900.0,JPM
2022-11-02 04:00:00+00:00,116.8946019167632,119.37626474784432,115.96969947854578,116.27189636230469,16546100.0,JPM
2022-11-03 04:00:00+00:00,115.66747994228548,117.37991464175667,115.3011883826868,116.48249053955078,12474400.0,JPM
2022-11-04 04:00:00+00:00,118.57956620175044,119.80665846924897,117.63635202879402,119.6692886352539,14953200.0,JPM
2022-11-07 05:00:00+00:00,119.96233464708139,121.14363698512378,119.4861443680671,120.30115509033203,12011200.0,JPM
2022-11-08 05:00:00+00:00,120.182121952005,120.93302398097727,119.17479901580207,120.37442016601562,9884100.0,JPM
2022-11-09 05:00:00+00:00,120.25538554057319,120.35610386313091,118.33231952221442,118.80850982666016,9494000.0,JPM
2022-11-10 05:00:00+00:00,121.45500262109827,123.85424488989284,121.36342272878547,123.69857025146484,16351600.0,JPM
2022-11-11 05:00:00+00:00,123.79927688386003,124.69670095537147,122.50807612477733,123.90000915527344,10704700.0,JPM
2022-11-14 05:00:00+00:00,123.44215454020792,124.2937887909948,122.62714385986328,122.62714385986328,11085600.0,JPM
2022-11-15 05:00:00+00:00,123.33224475737065,124.2754727820005,120.51176897449375,121.73886108398438,14038300.0,JPM
2022-11-16 05:00:00+00:00,121.7938247178637,122.30663858623812,120.90555284831159,121.9037094116211,7893400.0,JPM
2022-11-17 05:00:00+00:00,120.8780863676977,121.6930971486759,120.21875023329618,121.3725814819336,8820200.0,JPM
2022-11-18 05:00:00+00:00,123.23153647713227,123.32310238898967,121.13447727985825,122.56303405761719,9468500.0,JPM
2022-11-21 05:00:00+00:00,122.47145679770185,123.22235868712089,121.56486632360674,121.83959197998047,7800500.0,JPM
2022-11-22 05:00:00+00:00,122.70955214480122,123.87254957387336,122.42567407330107,123.66191864013672,9185700.0,JPM
2022-11-23 05:00:00+00:00,123.5703377736648,124.99889433031097,123.49707667164108,124.98057556152344,7316200.0,JPM
2022-11-25 05:00:00+00:00,124.98059448333143,125.58498818668618,124.59598411932258,125.21869659423828,3220500.0,JPM
2022-11-28 05:00:00+00:00,124.60516957237951,125.19124459391857,122.8835680833638,123.03009033203125,9906900.0,JPM
2022-11-29 05:00:00+00:00,123.31395739125288,125.12712464315098,123.0850216381753,125.05386352539062,7925300.0,JPM
2022-11-30 05:00:00+00:00,124.62345411287608,126.537353515625,121.96780515989336,126.537353515625,14761200.0,JPM
2022-12-01 05:00:00+00:00,126.53734798077052,126.97691463608298,124.01905499052846,124.76081848144531,8858500.0,JPM
2022-12-02 05:00:00+00:00,123.15828156222832,123.94582110410714,122.1051687244011,123.7718276977539,8931900.0,JPM
2022-12-05 05:00:00+00:00,122.92934703814497,123.23154390906964,119.59604303130392,120.30115509033203,10154500.0,JPM
2022-12-06 05:00:00+00:00,122.15096479519259,123.72604395794203,118.92754534896932,120.50262451171875,13966700.0,JPM
2022-12-07 05:00:00+00:00,120.24619552064263,121.86706433319239,119.34877140934849,120.4201889038086,11739400.0,JPM
2022-12-08 05:00:00+00:00,121.18029081233001,121.77551826122537,120.35611360640029,121.68395233154297,8907300.0,JPM
2022-12-09 05:00:00+00:00,121.06122837117269,122.4897852929503,120.87808255586556,121.02460479736328,7957800.0,JPM
2022-12-12 05:00:00+00:00,121.24436420664723,123.30478589879809,120.51178100571893,122.90187072753906,8841600.0,JPM
2022-12-13 05:00:00+00:00,125.3560727975201,125.53921862347461,121.86709381115911,122.7828369140625,10025400.0,JPM
2022-12-14 05:00:00+00:00,122.50807850395239,124.2754694870519,121.5740168757178,122.16925811767578,9966100.0,JPM
2022-12-15 05:00:00+00:00,120.0996949848819,120.95134328433645,118.17664297069904,119.13817596435547,12087800.0,JPM
2022-12-16 05:00:00+00:00,118.26821986034125,118.95502720906131,117.6088836877195,118.39642333984375,21133700.0,JPM
2022-12-19 05:00:00+00:00,118.72607400001165,120.26452950136444,118.21326015727045,119.10153198242188,9017200.0,JPM
2022-12-20 05:00:00+00:00,119.93486609876084,120.92387025075503,119.22974005117493,119.67845916748047,8549900.0,JPM
2022-12-21 05:00:00+00:00,121.04290959770297,121.7755068320615,120.66746556691888,121.02460479736328,8051700.0,JPM
2022-12-22 05:00:00+00:00,120.05391488015606,120.2370606885674,117.5905639336046,119.65098571777344,8648200.0,JPM
2022-12-23 05:00:00+00:00,119.57772505217594,120.36526460714066,118.7169243789436,120.21874237060547,5091900.0,JPM
2022-12-27 05:00:00+00:00,120.48430950243451,121.07953684483128,119.5502477587565,120.63998413085938,5411000.0,JPM
2022-12-28 05:00:00+00:00,120.74072024622446,122.16927709178944,119.9714855059647,121.29932403564453,8827700.0,JPM
2022-12-29 05:00:00+00:00,121.729704123271,122.04106734709401,121.16194796340132,121.99527740478516,6585200.0,JPM
2022-12-30 05:00:00+00:00,121.61985378039188,123.01178737545659,121.28103326326966,122.8011703491211,9292500.0,JPM
2023-01-03 05:00:00+00:00,123.8450976445849,125.21871224767116,122.60883891255513,123.73519897460938,11054800.0,JPM
2023-01-04 05:00:00+00:00,124.53189125792152,126.0794851365286,124.14728088810833,124.88903045654297,11687600.0,JPM
2023-01-05 05:00:00+00:00,125.14734892409813,125.1934771062939,123.33922834697609,124.86137390136719,8381300.0,JPM
2023-01-06 05:00:00+00:00,125.58091267835742,127.65655392856925,124.06800139681229,127.25064849853516,10029100.0,JPM
2023-01-09 05:00:00+00:00,127.85948631850927,128.11778717358982,126.27277302224822,126.72479248046875,8482300.0,JPM
2023-01-10 05:00:00+00:00,127.11225445205662,127.97019342427247,126.66945495987473,127.8594970703125,9048700.0,JPM
2023-01-11 05:00:00+00:00,128.13623677339942,128.92037347696242,127.39824231868354,128.80967712402344,8703700.0,JPM
2023-01-12 05:00:00+00:00,129.1510003099014,129.94435701771593,128.4314458628536,128.68052673339844,11001700.0,JPM
2023-01-13 05:00:00+00:00,125.09198197829284,132.37056322485412,124.35397340286053,131.92774963378906,20200000.0,JPM
2023-01-17 05:00:00+00:00,130.23030010648887,130.5716231621965,128.44063443085926,129.88897705078125,14292900.0,JPM
2023-01-18 05:00:00+00:00,128.15469214292324,129.8244278394277,125.8392042538952,125.98680877685547,13392600.0,JPM
2023-01-19 05:00:00+00:00,124.83368193365786,125.36872372621798,123.23773433152995,124.30784606933594,13303400.0,JPM
2023-01-20 05:00:00+00:00,124.68609933676584,124.99052845761037,123.20086191004604,124.61229705810547,13092500.0,JPM
2023-01-23 05:00:00+00:00,124.64916941674768,127.26910058498841,124.3724285154748,126.632568359375,10487100.0,JPM
2023-01-24 05:00:00+00:00,125.84841164471764,129.41850946840847,124.53845330650638,127.72109985351562,6945000.0,JPM
2023-01-25 05:00:00+00:00,127.35212745255436,128.33920288085938,126.61411884438579,128.33920288085938,8967000.0,JPM
2023-01-26 05:00:00+00:00,128.6159513240574,129.2063553652818,127.63809595043652,129.13255310058594,7487600.0,JPM
2023-01-27 05:00:00+00:00,129.7137336540936,130.31335768367455,128.92037692534547,129.4462127685547,7489900.0,JPM
2023-01-30 05:00:00+00:00,128.44070726425264,129.2340642277722,128.14551220238417,128.3484649658203,6729300.0,JPM
2023-01-31 05:00:00+00:00,129.0403182144774,129.21559684362194,127.53662689744111,129.11412048339844,9188700.0,JPM
2023-02-01 05:00:00+00:00,127.49973096149544,129.962823586279,127.4166946124427,128.7727813720703,8841800.0,JPM
2023-02-02 05:00:00+00:00,129.15099677428282,129.5753562429886,127.30598253465021,128.1731414794922,11822100.0,JPM
2023-02-03 05:00:00+00:00,127.47204053619367,131.30045393398444,127.42592643640081,130.1565399169922,11501200.0,JPM
2023-02-06 05:00:00+00:00,129.36317138557496,131.21741973271486,129.17867277414865,130.92221069335938,8406200.0,JPM
2023-02-07 05:00:00+00:00,130.42407668185118,133.1546901998994,130.23956397477656,132.51815795898438,10447900.0,JPM
2023-02-08 05:00:00+00:00,131.5956610455783,132.877945632751,131.25433784814967,131.58644104003906,6958000.0,JPM
2023-02-09 05:00:00+00:00,132.02923418717396,132.23218690992869,129.03108560033974,129.53846740722656,6443100.0,JPM
2023-02-10 05:00:00+00:00,128.94804344115659,130.33180411400602,127.85025772181471,130.1103973388672,6582900.0,JPM
2023-02-13 05:00:00+00:00,130.35029281465685,131.6694715831288,129.8336909451477,131.52188110351562,7134600.0,JPM
2023-02-14 05:00:00+00:00,131.45729030752534,132.6657726188391,130.62703936769975,132.10304260253906,9249400.0,JPM
2023-02-15 05:00:00+00:00,130.63624687025177,132.73956218775996,130.35027188671188,132.6565399169922,6728300.0,JPM
2023-02-16 05:00:00+00:00,131.83550073283425,132.27830022529912,130.70080679865134,130.82997131347656,8165300.0,JPM
2023-02-17 05:00:00+00:00,130.05506958755439,131.76171364927728,129.21559867888436,131.21743774414062,7948800.0,JPM
2023-02-21 05:00:00+00:00,129.7875324452297,130.3871564587718,127.99786633222567,128.80967712402344,9996300.0,JPM
2023-02-22 05:00:00+00:00,128.15467389197485,128.6251474060241,126.78936743988562,127.82257080078125,11107500.0,JPM
2023-02-23 05:00:00+00:00,127.97942905263373,129.30784176770013,127.25065450618847,128.84658813476562,8068000.0,JPM
2023-02-24 05:00:00+00:00,128.32995563012386,130.40559648197427,128.16389704227882,130.0089111328125,9126900.0,JPM
2023-02-27 05:00:00+00:00,131.0975180581738,132.20452404590353,130.73774076025302,131.14364624023438,10014700.0,JPM
2023-02-28 05:00:00+00:00,131.86316276615307,132.61961124344361,130.90374753112508,132.24139404296875,11019800.0,JPM
2023-03-01 05:00:00+00:00,131.08826207923448,132.3428722747317,130.81150713916256,131.50338745117188,7139200.0,JPM
2023-03-02 05:00:00+00:00,131.217439116247,131.39270367337005,128.726658226856,130.1381072998047,11106800.0,JPM
2023-03-03 05:00:00+00:00,130.54399057368198,132.6011917925285,130.14731922895072,132.5273895263672,9513100.0,JPM
2023-03-06 05:00:00+00:00,132.3244371513992,132.87793303450798,131.60488264991764,131.7524871826172,9261300.0,JPM
2023-03-07 05:00:00+00:00,131.00525164112202,131.28200663590334,127.13072394321463,127.8779525756836,11747600.0,JPM
2023-03-08 05:00:00+00:00,127.30599673718818,127.85027262027845,126.28201315690055,127.12149810791016,10002500.0,JPM
2023-03-09 05:00:00+00:00,126.16206444067002,126.70635432127048,119.2063671822897,120.23957061767578,25888100.0,JPM
2023-03-10 05:00:00+00:00,118.96655091628814,124.77833580714312,117.91488608986784,123.29309844970703,37599700.0,JPM
2023-03-13 04:00:00+00:00,121.04217695019429,123.50526950628984,119.38166116059536,121.07907104492188,42901100.0,JPM
2023-03-14 04:00:00+00:00,124.79677777083461,125.02740457985469,121.11596883139065,124.18791961669922,29648100.0,JPM
2023-03-15 04:00:00+00:00,120.82999101320628,120.83922509421075,116.90934238977314,118.32077026367188,34280600.0,JPM
2023-03-16 04:00:00+00:00,118.0901309142938,121.72481120547572,116.25434372316819,120.61780548095703,24558500.0,JPM
2023-03-17 04:00:00+00:00,118.4314733190589,118.52371558895283,115.72852002937451,116.06062316894531,38396000.0,JPM
2023-03-20 04:00:00+00:00,117.14919726872469,119.43701841508131,116.24514407761322,117.2875747680664,22875500.0,JPM
2023-03-21 04:00:00+00:00,120.47021318660936,121.52187084305194,120.10121593311274,120.43331909179688,17807800.0,JPM
2023-03-22 04:00:00+00:00,120.44254244300132,120.53479879711034,117.23222120408215,117.32447052001953,17250200.0,JPM
2023-03-23 04:00:00+00:00,117.98867327821704,119.49235749309963,116.25435522322675,117.01081085205078,16677600.0,JPM
2023-03-24 04:00:00+00:00,115.89457646612907,115.94070464118424,113.56986142967864,115.23037719726562,22311100.0,JPM
2023-03-27 04:00:00+00:00,116.96469247134272,119.35398985556544,116.5034388565988,118.532958984375,18853900.0,JPM
2023-03-28 04:00:00+00:00,118.73592141899253,119.31709144922273,117.84108116887145,118.89274597167969,10820500.0,JPM
2023-03-29 04:00:00+00:00,120.0181967562647,120.12889311989855,117.86874617402837,119.13258361816406,14595300.0,JPM
2023-03-30 04:00:00+00:00,119.87981780655501,120.03664235445191,117.75805529278875,118.77281188964844,12134700.0,JPM
2023-03-31 04:00:00+00:00,119.61227481498302,120.23957289080046,118.86504631088347,120.21189880371094,13105200.0,JPM
2023-04-03 04:00:00+00:00,119.84290532067578,121.2543401115248,119.38165175304299,120.07353210449219,11775400.0,JPM
2023-04-04 04:00:00+00:00,120.38719287706124,120.47021514899892,117.53664892978881,118.46837615966797,11579900.0,JPM
2023-04-05 04:00:00+00:00,117.89193428485298,119.14708434890063,117.57581658451342,118.64502716064453,9614700.0,JPM
2023-04-06 04:00:00+00:00,118.0778797956493,119.08200834987258,117.94771577122117,118.51486206054688,8760200.0,JPM
2023-04-10 04:00:00+00:00,117.65020018070031,119.22146797348508,117.35268138916051,118.90535736083984,9477300.0,JPM
2023-04-11 04:00:00+00:00,119.28655100779827,119.88158856058351,118.5799412538381,119.49109649658203,10516300.0,JPM
2023-04-12 04:00:00+00:00,120.10471721761407,121.26690103116188,119.06340506045575,119.47249603271484,11821000.0,JPM
2023-04-13 04:00:00+00:00,119.43532049173513,119.97456133339055,117.9198281563234,119.92808532714844,12450200.0,JPM
2023-04-14 04:00:00+00:00,125.65529925963929,129.34639592243803,125.42286251355279,128.98379516601562,43931300.0,JPM
2023-04-17 04:00:00+00:00,130.1180805952463,130.22035332547398,127.98896635826779,130.0065155029297,16050500.0,JPM
2023-04-18 04:00:00+00:00,130.41562773954573,131.81954073230335,129.26273624552854,131.4662322998047,13760100.0,JPM
2023-04-19 04:00:00+00:00,131.30815100434637,131.55918664020743,130.53645937322665,131.29885864257812,9158100.0,JPM
2023-04-20 04:00:00+00:00,130.0809121691736,131.49411745979074,130.01582306650377,130.9176788330078,10586200.0,JPM
2023-04-21 04:00:00+00:00,129.922854961478,131.19660385164096,129.0302915712904,130.66664123535156,11842500.0,JPM
2023-04-24 04:00:00+00:00,130.59225552959447,131.1872929768161,130.2017493480571,130.84327697753906,7567500.0,JPM
2023-04-25 04:00:00+00:00,129.79270269205225,130.1274122203145,127.96109974389691,127.99828338623047,10629300.0,JPM
2023-04-26 04:00:00+00:00,127.95177768638719,128.1284318863963,124.5860980839009,125.72968292236328,14416100.0,JPM
2023-04-27 04:00:00+00:00,126.4455996069345,128.22141988860258,126.12948901275256,127.42183685302734,9041100.0,JPM
2023-04-28 04:00:00+00:00,126.96624644240126,128.60261022124138,126.13877219035167,128.52822875976562,9887300.0,JPM
2023-05-01 04:00:00+00:00,132.26581836000824,133.29783821644935,130.93628680641368,131.28028869628906,20415800.0,JPM
2023-05-02 04:00:00+00:00,131.4662146588088,132.4052681693228,128.7048650486828,129.1604461669922,14113400.0,JPM
2023-05-03 04:00:00+00:00,128.71420151054193,128.92803938903776,126.22247169793857,126.42701721191406,12930900.0,JPM
2023-05-04 04:00:00+00:00,125.47868364235244,126.18528638056492,122.54997156023859,124.69768524169922,17089200.0,JPM
2023-05-05 04:00:00+00:00,126.85470186625903,128.19354001579455,126.3619370177238,127.13362884521484,11261400.0,JPM
2023-05-08 04:00:00+00:00,127.83091407717582,128.27718864371155,126.89186057213296,127.44042205810547,7484900.0,JPM
2023-05-09 04:00:00+00:00,126.38050869039941,127.32885464615522,125.7111038715992,126.82679748535156,7343600.0,JPM
2023-05-10 04:00:00+00:00,128.2585901262649,128.36086285920314,125.39496779080662,126.89186096191406,8133400.0,JPM
2023-05-11 04:00:00+00:00,125.51585108319455,127.19869096486417,125.42287070396287,126.4920883178711,7057300.0,JPM
2023-05-12 04:00:00+00:00,127.20799788265374,127.36605317835334,123.77722900657062,124.67908477783203,9988600.0,JPM
2023-05-15 04:00:00+00:00,124.83713374637769,126.13877387252892,124.54891444607372,125.72968292236328,7639500.0,JPM
2023-05-16 04:00:00+00:00,125.94353990014044,126.3898145056844,124.5489193443534,124.88362884521484,6477200.0,JPM
2023-05-17 04:00:00+00:00,126.35259238076902,128.8536136997337,125.94351567999787,128.72344970703125,12711500.0,JPM
2023-05-18 04:00:00+00:00,128.55615243737296,129.91357543771105,128.08197227429838,129.69973754882812,10999600.0,JPM
2023-05-19 04:00:00+00:00,129.9693374456531,130.6201717479733,128.42596808225812,129.40219116210938,13492200.0,JPM
2023-05-22 04:00:00+00:00,131.09434260740792,131.68938019077746,127.98899066253614,128.33299255371094,11402500.0,JPM
2023-05-23 04:00:00+00:00,127.87741281159326,129.26274112947746,126.87329840506368,126.99415588378906,9514900.0,JPM
2023-05-24 04:00:00+00:00,125.88773750589009,126.77100850099497,125.59022584449683,125.83195495605469,8578000.0,JPM
2023-05-25 04:00:00+00:00,125.34850221791892,126.69663258291455,125.1253578219997,126.13877868652344,8472500.0,JPM
2023-05-26 04:00:00+00:00,126.5478958056475,127.93322428300574,126.10162110839245,127.31958770751953,8579900.0,JPM
2023-05-30 04:00:00+00:00,127.18940307462563,128.04476868374502,126.46420148891974,127.80303955078125,7399900.0,JPM
2023-05-31 04:00:00+00:00,127.1243037131586,127.2265764509332,124.9579914943427,126.17597198486328,14219900.0,JPM
2023-06-01 04:00:00+00:00,126.9290594168992,128.51891877971335,125.93422335638147,127.91458892822266,12248100.0,JPM
2023-06-02 04:00:00+00:00,129.7555044833213,131.54061723322627,129.55095898404744,130.60157775878906,12922500.0,JPM
2023-06-05 04:00:00+00:00,130.2668425421874,130.2668425421874,128.42594759857207,129.31849670410156,8511900.0,JPM
2023-06-06 04:00:00+00:00,128.93731264569107,130.25756592635653,128.50034458893558,129.5509490966797,9329500.0,JPM
2023-06-07 04:00:00+00:00,129.74621069918032,131.34537684682581,129.076791651942,130.80612182617188,9281400.0,JPM
2023-06-08 04:00:00+00:00,130.7874944335514,130.99203988604742,129.68109335508964,130.84327697753906,7368100.0,JPM
2023-06-09 04:00:00+00:00,130.49001537148624,131.83814587263618,130.3598513407576,131.1036376953125,7249100.0,JPM
2023-06-12 04:00:00+00:00,131.15943420142702,131.3918709835064,129.94145354640617,131.09434509277344,7596600.0,JPM
2023-06-13 04:00:00+00:00,130.61087553751943,132.83297065646826,130.29476491165087,132.04269409179688,7701600.0,JPM
2023-06-14 04:00:00+00:00,132.95383981928003,133.5209861370307,130.81541857922923,131.5499267578125,9068700.0,JPM
2023-06-15 04:00:00+00:00,130.71313840646567,133.32572542805949,130.1924823122168,133.03750610351562,9343100.0,JPM
2023-06-16 04:00:00+00:00,133.00031770567188,133.8556832851755,132.4889539932474,133.195556640625,13813500.0,JPM
2023-06-20 04:00:00+00:00,132.5912271694313,132.9538279509158,131.1315174934463,132.516845703125,8428600.0,JPM
2023-06-21 04:00:00+00:00,132.8608349910178,133.90216123389115,131.7358491133408,132.32159423828125,9926500.0,JPM
2023-06-22 04:00:00+00:00,132.31229907643169,132.58193366281853,129.18834845257769,129.7740936279297,10075200.0,JPM
2023-06-23 04:00:00+00:00,128.80714918996347,129.4021867304495,127.95178361219067,129.0953826904297,9919500.0,JPM
2023-06-26 04:00:00+00:00,129.11398837029202,130.1738996046303,128.01689349037008,129.41151428222656,8429700.0,JPM
2023-06-27 04:00:00+00:00,129.2348450460071,130.0158291939676,128.80715514394416,129.42079162597656,8154000.0,JPM
2023-06-28 04:00:00+00:00,129.3836309560509,129.430121156001,128.2679370913343,128.85366821289062,7558600.0,JPM
2023-06-29 04:00:00+00:00,130.22968573677505,133.4744941017453,130.02514023569887,133.35362243652344,15423200.0,JPM
2023-06-30 04:00:00+00:00,134.44144316929692,135.74308350074216,133.56747858097697,135.22242736816406,14212800.0,JPM
2023-07-03 04:00:00+00:00,135.91970392054725,137.11907119999537,135.7430497366165,136.31019592285156,8021600.0,JPM
2023-07-05 04:00:00+00:00,135.68301845141943,136.14171413854416,135.14006000089324,135.4021759033203,8934900.0,JPM
2023-07-06 04:00:00+00:00,133.8856244268661,134.2319887522731,132.40653391206402,134.06349182128906,9709500.0,JPM
2023-07-07 04:00:00+00:00,134.7187774160945,136.52550555928698,133.8668937548906,135.12130737304688,8981500.0,JPM
2023-07-10 04:00:00+00:00,135.2710974449543,136.6659395090326,135.2710974449543,135.87957763671875,9100100.0,JPM
2023-07-11 04:00:00+00:00,136.99358365726889,138.37906960740568,136.4038300805188,138.00460815429688,11260900.0,JPM
2023-07-12 04:00:00+00:00,138.03268337093755,140.29812147148584,137.61142675811845,138.68797302246094,11323200.0,JPM
2023-07-13 04:00:00+00:00,139.20285874786703,139.83006562336877,138.31353599258082,139.36199951171875,11234900.0,JPM
2023-07-14 04:00:00+00:00,141.870827603696,143.1252412336155,138.93137327763844,140.2045135498047,27028400.0,JPM
2023-07-17 04:00:00+00:00,140.74748954065532,143.93033347784979,140.74748954065532,143.58396911621094,17262400.0,JPM
2023-07-18 04:00:00+00:00,143.58398393912213,144.53882864830726,143.05975211033515,143.84609985351562,13491700.0,JPM
2023-07-19 04:00:00+00:00,142.99419342486166,145.2970849199136,142.49804450203536,144.3983917236328,12510000.0,JPM
2023-07-20 04:00:00+00:00,144.66054822938762,146.58897881588481,144.54821690489194,146.1770782470703,9935900.0,JPM
2023-07-21 04:00:00+00:00,145.84941384000646,146.1676953908266,144.8103064253035,145.05369567871094,10636400.0,JPM
2023-07-24 04:00:00+00:00,145.07239533945494,148.64841259921064,144.84771848900857,147.90887451171875,14381400.0,JPM
2023-07-25 04:00:00+00:00,147.25361502130073,147.64678887686114,145.99920115581102,146.8042755126953,9944700.0,JPM
2023-07-26 04:00:00+00:00,146.70130707753685,148.14294461366953,146.29876273861433,147.68423461914062,8728600.0,JPM
2023-07-27 04:00:00+00:00,147.69362119802997,148.63910983379822,145.61540600838302,146.05538940429688,10778400.0,JPM
2023-07-28 04:00:00+00:00,147.23489895405842,147.53446817081576,146.44855118644014,146.88853454589844,9103800.0,JPM
2023-07-31 04:00:00+00:00,147.14126364731788,149.20076607298495,147.11318082189925,147.8714599609375,8892700.0,JPM
2023-08-01 04:00:00+00:00,147.37529894065986,147.90890120016138,146.17705075722094,147.14126586914062,6853900.0,JPM
2023-08-02 04:00:00+00:00,145.6247296556844,145.74643141841656,144.1081999906907,145.47494506835938,8299400.0,JPM
2023-08-03 04:00:00+00:00,145.10048890583116,146.89786098978126,144.4920086983106,146.36427307128906,6084000.0,JPM
2023-08-04 04:00:00+00:00,146.41111002336194,147.72170402889702,145.75582016271824,146.05538940429688,6209400.0,JPM
2023-08-07 04:00:00+00:00,146.5983070977639,147.6280439392386,146.5983070977639,146.74807739257812,7251800.0,JPM
2023-08-08 04:00:00+00:00,144.46395221454787,146.01792107141907,142.84443295199063,145.92431640625,8623400.0,JPM
2023-08-09 04:00:00+00:00,145.40006893140463,145.58729252584976,143.66821854323672,143.9677734375,6277800.0,JPM
2023-08-10 04:00:00+00:00,144.520091916497,145.51238975141104,143.31247339344608,143.75245666503906,5995100.0,JPM
2023-08-11 04:00:00+00:00,143.25631104053193,144.65115317660656,142.88186387000218,144.5856170654297,5180700.0,JPM
2023-08-14 04:00:00+00:00,143.7992760288352,145.02560699541831,143.15334248845306,144.88519287109375,5044300.0,JPM
2023-08-15 04:00:00+00:00,143.0878141862051,143.48098800077395,140.63513807973655,141.1968231201172,10300300.0,JPM
2023-08-16 04:00:00+00:00,140.98153496964974,141.31854318067522,140.12028065372675,140.59771728515625,6978200.0,JPM
2023-08-17 04:00:00+00:00,141.2436264856294,141.59934699720856,138.92200841764713,139.1373291015625,9953900.0,JPM
2023-08-18 04:00:00+00:00,138.21997134126883,139.95182234824128,138.02339149634747,139.45567321777344,8517500.0,JPM
2023-08-21 04:00:00+00:00,140.09220047778916,140.5134714627281,138.56631446042414,139.9330596923828,8327000.0,JPM
2023-08-22 04:00:00+00:00,139.72708740694694,140.08282221486544,136.534887452353,137.03103637695312,9673300.0,JPM
2023-08-23 04:00:00+00:00,137.00296480788273,138.16375969245578,136.16980765056223,137.9578094482422,7858000.0,JPM
2023-08-24 04:00:00+00:00,138.07949613762864,139.8675120243072,137.60207386958209,137.8267364501953,6534000.0,JPM
2023-08-25 04:00:00+00:00,137.87352475190772,139.12793824858682,136.53486280043106,137.65821838378906,6695500.0,JPM
2023-08-28 04:00:00+00:00,138.14505161734553,139.11862293308627,137.73315111613948,138.13568115234375,5094100.0,JPM
2023-08-29 04:00:00+00:00,138.27612088497915,139.34331123259852,137.7799575793808,139.25904846191406,6337000.0,JPM
2023-08-30 04:00:00+00:00,139.12798531844592,139.6241343213218,137.78932291407224,138.69737243652344,6277300.0,JPM
2023-08-31 04:00:00+00:00,138.79095064722685,138.87521339871287,136.637858079505,136.98422241210938,10933900.0,JPM
2023-09-01 04:00:00+00:00,136.75956054270785,138.62246891114418,136.3944695270514,137.4429473876953,7903500.0,JPM
2023-09-05 04:00:00+00:00,137.76124791490443,138.7441897953405,135.7485546770121,135.92642211914062,7854700.0,JPM
2023-09-06 04:00:00+00:00,135.45833292470454,136.24468058187983,134.9060183286584,135.7017364501953,8629200.0,JPM
2023-09-07 04:00:00+00:00,134.92475701377694,135.9919472963918,134.23201394868647,134.5409393310547,8373700.0,JPM
2023-09-08 04:00:00+00:00,134.21327851187928,134.91537771193597,133.53926213708527,134.64390563964844,7107900.0,JPM
2023-09-11 04:00:00+00:00,135.5051451671015,135.78598770305322,134.5128472530841,135.23367309570312,6854200.0,JPM
2023-09-12 04:00:00+00:00,135.2711113808214,137.9110112067669,134.84985472125945,136.99359130859375,8363200.0,JPM
2023-09-13 04:00:00+00:00,137.9297393099169,138.26674753287986,136.50682839895887,137.05914306640625,8325900.0,JPM
2023-09-14 04:00:00+00:00,138.39779297567569,140.3262231887897,138.09823807360453,139.71774291992188,10034900.0,JPM
2023-09-15 04:00:00+00:00,139.40882229373597,140.16708718154675,138.83778101161687,139.30584716796875,19863400.0,JPM
2023-09-18 04:00:00+00:00,138.6973598429271,139.61476546325227,138.31354218596897,139.59603881835938,6512400.0,JPM
2023-09-19 04:00:00+00:00,139.95178466264682,140.15773491994022,137.80804789167848,139.41818237304688,7943400.0,JPM
2023-09-20 04:00:00+00:00,140.09221567373126,140.65390085841233,138.678660814089,138.8284454345703,7332000.0,JPM
2023-09-21 04:00:00+00:00,138.15442374210164,139.34331591065376,137.26510080327012,137.74252319335938,8052400.0,JPM
2023-09-22 04:00:00+00:00,137.88291038548203,138.08886061958907,135.91704126570235,136.42254638671875,7071700.0,JPM
2023-09-25 04:00:00+00:00,136.06682076935587,137.1620937275213,134.5221940712428,137.0965576171875,7044700.0,JPM
2023-09-26 04:00:00+00:00,135.36474916009422,136.5255441805106,135.01837046288418,135.6736602783203,7468400.0,JPM
2023-09-27 04:00:00+00:00,135.91704574382544,136.75955906802622,135.28046837627247,136.4693603515625,6717800.0,JPM
2023-09-28 04:00:00+00:00,136.9374263446685,139.36200547860716,136.68466663396703,138.16375732421875,8868100.0,JPM
2023-09-29 04:00:00+00:00,139.109259250434,139.25902955568586,135.60811946323787,135.75790405273438,11917800.0,JPM
2023-10-02 04:00:00+00:00,135.58005131127518,136.3195895900525,133.52056297766828,134.58775329589844,9170600.0,JPM
2023-10-03 04:00:00+00:00,134.054139400051,134.41923041723004,133.25843553401722,133.59544372558594,9431100.0,JPM
2023-10-04 04:00:00+00:00,134.044780229925,134.3068961192718,132.86524444361987,134.19456481933594,8128700.0,JPM
2023-10-05 04:00:00+00:00,133.9493763741643,134.94901072046437,132.80830619332247,134.76039123535156,8576200.0,JPM
2023-10-06 04:00:00+00:00,134.7698235091785,137.57065291285397,134.04367882202118,136.8350830078125,10270600.0,JPM
2023-10-09 04:00:00+00:00,135.4770900778378,137.11796998670525,135.32620026862298,136.52386474609375,6964900.0,JPM
2023-10-10 04:00:00+00:00,137.13684937657925,138.40995889388373,137.004824376904,137.35374450683594,11288800.0,JPM
2023-10-11 04:00:00+00:00,138.16476653612236,138.8437563954765,136.75964633550754,137.8252716064453,8698200.0,JPM
2023-10-12 04:00:00+00:00,137.96673338014548,138.5891431366781,136.86337847882652,137.504638671875,10484400.0,JPM
2023-10-13 04:00:00+00:00,140.04143575719885,144.38885060107222,139.41902592254021,139.56991577148438,29427000.0,JPM
2023-10-16 04:00:00+00:00,140.9373067071493,141.0033264055544,138.36281187263532,139.42845153808594,12663500.0,JPM
2023-10-17 04:00:00+00:00,139.164392858932,140.80527293299247,138.428808562367,139.1266632080078,11482700.0,JPM
2023-10-18 04:00:00+00:00,138.24021346264712,139.07951838576773,137.08970365032715,137.5989532470703,9620300.0,JPM
2023-10-19 04:00:00+00:00,137.1934315805182,138.64572098900047,136.62761631159904,137.01425170898438,11143600.0,JPM
2023-10-20 04:00:00+00:00,136.33522890880363,136.87275394705227,134.02477059689477,134.8074951171875,13332900.0,JPM
2023-10-23 04:00:00+00:00,134.7981121972243,135.49595244442185,132.71398789413,132.96861267089844,10133400.0,JPM
2023-10-24 04:00:00+00:00,133.14777107218316,133.6570061539827,132.36504643247912,133.12890625,8881400.0,JPM
2023-10-25 04:00:00+00:00,132.56313096599058,133.13837151399747,131.5634965446005,132.40280151367188,8242600.0,JPM
2023-10-26 04:00:00+00:00,131.79919378747377,133.60040266477395,131.48798902938208,132.7422332763672,9109400.0,JPM
2023-10-27 04:00:00+00:00,131.03537944643568,131.17684405250557,127.48955492149321,127.96107482910156,17434700.0,JPM
2023-10-30 04:00:00+00:00,128.6683694597706,130.17722470352462,128.29114485659662,129.59254455566406,9855500.0,JPM
2023-10-31 04:00:00+00:00,129.86604948465362,131.3088995862913,129.63971469609615,131.13914489746094,9672500.0,JPM
2023-11-01 04:00:00+00:00,131.31826465706934,132.52535419718015,130.5826949182406,131.0259246826172,9432000.0,JPM
2023-11-02 04:00:00+00:00,132.1104252988265,133.42124987825363,131.29941059855653,133.3646697998047,10186200.0,JPM
2023-11-03 04:00:00+00:00,134.0908306209058,135.58083522229103,133.77020054443747,134.8546905517578,9538700.0,JPM
2023-11-06 05:00:00+00:00,135.01499931905428,135.9769038934277,134.6566396092663,135.8731689453125,7625100.0,JPM
2023-11-07 05:00:00+00:00,135.33563951339102,136.04291937904668,134.68495412429016,135.80715942382812,6297900.0,JPM
2023-11-08 05:00:00+00:00,135.90146025925483,136.58987525429612,135.4393655970245,136.47671508789062,7618200.0,JPM
2023-11-09 05:00:00+00:00,137.15571722301596,137.35374753206762,135.51482271407195,136.0712127685547,7992500.0,JPM
2023-11-10 05:00:00+00:00,136.68417450960825,138.13644929586334,135.87315980335984,138.08929443359375,7983300.0,JPM
2023-11-13 05:00:00+00:00,137.40090396181412,137.91957875986594,136.89166877168356,137.47634887695312,6676300.0,JPM
2023-11-14 05:00:00+00:00,138.32507347607216,140.74869271323962,138.174198041455,139.98483276367188,9927700.0,JPM
2023-11-15 05:00:00+00:00,140.00367999024377,141.6068445999882,140.00367999024377,141.2107696533203,8365300.0,JPM
2023-11-16 05:00:00+00:00,141.54085989271647,142.89883969668293,141.54085989271647,142.82339477539062,8126200.0,JPM
2023-11-17 05:00:00+00:00,143.53064675784515,144.15305644499725,142.90823707069305,144.11534118652344,7812400.0,JPM
2023-11-20 05:00:00+00:00,143.41750828184567,144.99238317230925,143.2666184458422,144.55857849121094,7019000.0,JPM
2023-11-21 05:00:00+00:00,144.47370055393674,144.87921516759508,143.87959523992686,144.25680541992188,7083500.0,JPM
2023-11-22 05:00:00+00:00,144.67172786384498,145.11495768637337,144.19076839406415,144.59628295898438,5174500.0,JPM
2023-11-24 05:00:00+00:00,144.84146638712082,145.64305590080474,144.54912637778605,144.7943115234375,3496900.0,JPM
2023-11-27 05:00:00+00:00,144.69059953295755,144.7849092752855,144.0116240688526,144.4642791748047,6259100.0,JPM
2023-11-28 05:00:00+00:00,144.4925462972237,145.1055163561744,144.02102643967882,144.7943115234375,6582700.0,JPM
2023-11-29 05:00:00+00:00,145.3884426243466,146.76528704849733,145.22812758688474,145.5299072265625,9126100.0,JPM
2023-11-30 05:00:00+00:00,146.08631181107492,147.23682162015268,145.586501823976,147.18966674804688,9869800.0,JPM
2023-12-01 05:00:00+00:00,146.94449690797094,148.86829213988037,146.94449690797094,147.90638732910156,8916000.0,JPM
2023-12-04 05:00:00+00:00,147.1330704680428,149.04744006979425,147.0010454744615,148.99085998535156,9607500.0,JPM
2023-12-05 05:00:00+00:00,148.3024355246939,149.47181007082003,148.02896031089793,148.9720001220703,9135600.0,JPM
2023-12-06 05:00:00+00:00,149.79244482122945,150.15080456532945,147.11421512755064,147.40655517578125,9366000.0,JPM
2023-12-07 05:00:00+00:00,147.76489655598155,148.34957657978003,147.25564704716516,147.85919189453125,8130900.0,JPM
2023-12-08 05:00:00+00:00,148.30245263016783,149.73587733758438,148.0384026037552,149.49069213867188,7369400.0,JPM
2023-12-11 05:00:00+00:00,149.49066339865834,150.2262332436277,149.1417289104025,150.03762817382812,8093900.0,JPM
2023-12-12 05:00:00+00:00,150.16024048034427,151.49935542257748,149.83018514642347,151.37677001953125,10223000.0,JPM
2023-12-13 05:00:00+00:00,151.37673596516078,152.80072072522947,150.66945619346848,151.88597106933594,12379100.0,JPM
2023-12-14 05:00:00+00:00,152.6121544320686,155.45069945659677,152.49899424453778,154.6491241455078,13643000.0,JPM
2023-12-15 05:00:00+00:00,153.79093631953123,155.8656210556817,153.14023653822656,155.81846618652344,20309300.0,JPM
2023-12-18 05:00:00+00:00,156.46918031565835,157.61026493948086,156.19570507289683,156.7615203857422,8469600.0,JPM
2023-12-19 05:00:00+00:00,156.54461205309389,158.87392158842906,156.12024700678276,158.8550567626953,10345700.0,JPM
2023-12-20 05:00:00+00:00,158.42127317416848,159.760388064777,156.9689837140342,157.06329345703125,10734700.0,JPM
2023-12-21 05:00:00+00:00,157.3367577550905,158.5155575124074,156.24282812678547,157.95916748046875,7601700.0,JPM
2023-12-22 05:00:00+00:00,157.95914737092147,158.64756231245275,157.7045226266562,157.86483764648438,6576300.0,JPM
2023-12-26 05:00:00+00:00,157.9214570337028,159.15683691468658,157.65739264154033,158.79847717285156,4683600.0,JPM
2023-12-27 05:00:00+00:00,158.2797759335722,159.81693521176237,158.0345907978248,159.75091552734375,6428600.0,JPM
2023-12-28 05:00:00+00:00,159.70378553614376,160.93916529174086,159.373715871676,160.59967041015625,6320100.0,JPM
2023-12-29 05:00:00+00:00,160.31677729363093,160.96747710381322,159.96785714773753,160.4110870361328,6435100.0,JPM
2024-01-02 05:00:00+00:00,159.45859562508764,162.3631599230326,159.2888553688662,162.27828979492188,9977400.0,JPM
2024-01-03 05:00:00+00:00,162.07079374672327,162.2405339755657,160.6656594972967,161.57098388671875,9852300.0,JPM
2024-01-04 05:00:00+00:00,161.91259668017605,164.4839997839759,161.81770540051127,162.64321899414062,11972500.0,JPM
2024-01-05 05:00:00+00:00,162.7001265545649,164.51244261762304,162.7001265545649,163.45921325683594,10066000.0,JPM
2024-01-08 05:00:00+00:00,163.22201538085938,163.54462255510825,160.8214137681895,163.22201538085938,11229900.0,JPM
2024-01-09 05:00:00+00:00,162.8424721796584,163.00377577413855,161.40022316605578,161.93157958984375,9923600.0,JPM
2024-01-10 05:00:00+00:00,161.3053268268902,162.33009181707794,160.309026324343,162.27316284179688,9670200.0,JPM
2024-01-11 05:00:00+00:00,161.6184608273202,161.6469253167498,160.01489369036094,161.58999633789062,11919500.0,JPM
2024-01-12 05:00:00+00:00,164.9109759460637,167.29259640908697,160.26157849064393,160.40391540527344,19436500.0,JPM
2024-01-16 05:00:00+00:00,156.43769533094127,159.49300912270533,155.8968555922771,159.39813232421875,17206400.0,JPM
2024-01-17 05:00:00+00:00,158.78137265631167,160.42290202843512,157.97485469273727,158.54415893554688,11107500.0,JPM
2024-01-18 05:00:00+00:00,158.5726099507023,158.9616438945128,156.7887727674102,158.85726928710938,9382300.0,JPM
2024-01-19 05:00:00+00:00,158.9806227818617,161.8461682983927,158.53465987279188,161.59945678710938,13115700.0,JPM
2024-01-22 05:00:00+00:00,161.7418034738899,163.1840524158629,161.03016233915122,161.40969848632812,12837500.0,JPM
2024-01-23 05:00:00+00:00,160.99219920582442,161.06810933054288,159.8251118048267,160.34698486328125,8360800.0,JPM
2024-01-24 05:00:00+00:00,160.69806067066273,162.26366540807356,160.22363323770475,161.77975463867188,9967100.0,JPM
2024-01-25 05:00:00+00:00,163.49717227262667,164.1424010811721,162.16878131146788,164.09495544433594,8873500.0,JPM
2024-01-26 05:00:00+00:00,163.78182804587664,164.2088098113454,162.9942768223619,163.4687042236328,7443000.0,JPM
2024-01-29 05:00:00+00:00,163.4307461013977,164.00005026001583,162.53882032668415,163.8956756591797,6971200.0,JPM
2024-01-30 05:00:00+00:00,163.99060578443397,167.71959885740603,163.99060578443397,167.25466918945312,10822100.0,JPM
2024-01-31 05:00:00+00:00,167.18824195590526,169.1808431739778,165.42337114167398,165.44235229492188,11521800.0,JPM
2024-02-01 05:00:00+00:00,164.75916524911648,165.8977882402984,162.66218953700178,164.8445587158203,9354800.0,JPM
2024-02-02 05:00:00+00:00,164.4365557087008,166.82767409091414,164.39859340512308,165.7934112548828,8607600.0,JPM
2024-02-05 05:00:00+00:00,164.9679134968324,166.13500096991308,164.07598757427212,165.57518005371094,7820200.0,JPM
2024-02-06 05:00:00+00:00,165.6795413976579,166.87509326368186,164.87300900590824,166.1444854736328,6764800.0,JPM
2024-02-07 05:00:00+00:00,166.7043226284831,166.87510956386498,165.062807676568,166.45761108398438,7225500.0,JPM
2024-02-08 05:00:00+00:00,166.04960084038564,166.34374353104843,164.69274533742478,165.85983276367188,6060300.0,JPM
2024-02-09 05:00:00+00:00,166.04959869496852,166.14448997128747,164.78762000748162,166.05908203125,6296700.0,JPM
2024-02-12 05:00:00+00:00,165.8408712827099,167.76704572264995,164.81610617285773,166.79920959472656,8539300.0,JPM
2024-02-13 05:00:00+00:00,166.35324093999716,167.21668785869483,163.79132123629455,165.34744262695312,8397600.0,JPM
2024-02-14 05:00:00+00:00,166.11602396443158,167.09334329239704,165.49925963075256,167.02691650390625,7056700.0,JPM
2024-02-15 05:00:00+00:00,167.14074588663394,170.9931080445653,167.14074588663394,170.6704864501953,8723400.0,JPM
2024-02-16 05:00:00+00:00,170.42381164390923,170.7748832877289,169.04797507605818,169.87347412109375,8152600.0,JPM
2024-02-20 05:00:00+00:00,170.02528350131405,171.23033307735642,169.28517796097287,170.53765869140625,9668000.0,JPM
2024-02-21 05:00:00+00:00,170.7464483434242,171.73326561657646,169.38959269081207,171.64785766601562,7024000.0,JPM
2024-02-22 05:00:00+00:00,172.52079484720994,174.03895391200567,171.97045729976963,173.7068634033203,9296500.0,JPM
2024-02-23 05:00:00+00:00,174.40901731437765,175.72792504973566,173.82073190790015,174.57981872558594,7105800.0,JPM
2024-02-26 05:00:00+00:00,174.3520779572995,175.02577126846347,173.14702824890108,173.98202514648438,7145400.0,JPM
2024-02-27 05:00:00+00:00,173.93458948194154,174.15282205509578,172.91932226723353,174.0674285888672,5717100.0,JPM
2024-02-28 05:00:00+00:00,174.04843594056865,175.72791305734785,173.60248748692752,174.94985961914062,6131600.0,JPM
2024-02-29 05:00:00+00:00,176.1644091332413,176.89501700223315,174.44698403277337,176.5439453125,9643000.0,JPM
2024-03-01 05:00:00+00:00,176.20234267897524,176.90450047991027,175.63303845622815,175.8133087158203,6311800.0,JPM
2024-03-04 05:00:00+00:00,175.26298666271404,177.99567880021087,174.84548820991387,177.13221740722656,7063600.0,JPM
2024-03-05 05:00:00+00:00,176.82859124567665,179.61822683416162,176.82859124567665,178.90658569335938,6617800.0,JPM
2024-03-06 05:00:00+00:00,179.570778102442,180.3488460192698,178.0336378978686,179.83645629882812,7572900.0,JPM
2024-03-07 05:00:00+00:00,180.19703992745502,180.75686085108097,177.08479697238374,178.26136779785156,7618300.0,JPM
2024-03-08 05:00:00+00:00,178.80222458380084,180.71891558839314,178.3088159683026,178.59347534179688,6172200.0,JPM
2024-03-11 04:00:00+00:00,177.70152818428755,178.80220324195417,176.69574439925185,178.6598663330078,5762600.0,JPM
2024-03-12 04:00:00+00:00,179.28611974419184,180.43424047505954,178.2993170776544,180.13059997558594,5708400.0,JPM
2024-03-13 04:00:00+00:00,180.62402184480607,181.92394844272968,180.1306132360268,181.59185791015625,7795500.0,JPM
2024-03-14 04:00:00+00:00,181.25977148114708,181.82909027874697,177.53077823984108,178.3562774658203,10310900.0,JPM
2024-03-15 04:00:00+00:00,176.94247512959424,181.17437477098684,176.94247512959424,180.56710815429688,17214200.0,JPM
2024-03-18 04:00:00+00:00,180.88022211160907,182.84434431154483,180.17806424275938,182.806396484375,9013800.0,JPM
2024-03-19 04:00:00+00:00,182.85385043194006,184.01144019291252,182.54072654965233,183.87860107421875,8478700.0,JPM
2024-03-20 04:00:00+00:00,184.25813215855158,186.50691359955096,183.70779458867116,186.28868103027344,9367000.0,JPM
2024-03-21 04:00:00+00:00,186.46897370163362,189.23013052665834,186.2886889495495,188.87905883789062,11203800.0,JPM
2024-03-22 04:00:00+00:00,188.83160536845347,190.22642320705918,186.48793264526574,186.5638427734375,8108800.0,JPM
2024-03-25 04:00:00+00:00,186.54488715000187,186.86749435505874,184.41944687042397,184.85592651367188,8620000.0,JPM
2024-03-26 04:00:00+00:00,184.63763603498498,186.60177225016426,184.13474419289417,185.71932983398438,5961500.0,JPM
2024-03-27 04:00:00+00:00,186.4499906047404,189.3914466295502,186.33613264813874,189.31553649902344,8725800.0,JPM
2024-03-28 04:00:00+00:00,189.28707861308453,190.4541661440958,188.38565483061902,190.05564880371094,8628300.0,JPM
2024-04-01 04:00:00+00:00,189.76149830319193,190.66290757030683,188.41412607095276,188.76519775390625,7309000.0,JPM
2024-04-02 04:00:00+00:00,188.24332231873962,189.56223004560812,187.9491796173942,188.6892852783203,7014700.0,JPM
2024-04-03 04:00:00+00:00,188.8600718225351,189.353480421599,187.5886097387711,188.15792846679688,9353400.0,JPM
2024-04-04 04:00:00+00:00,190.0666664087383,190.57249168751798,186.63087288662143,186.72630310058594,9243800.0,JPM
2024-04-05 04:00:00+00:00,187.21308807266684,189.08368373972885,186.21097596961084,188.44424438476562,6532300.0,JPM
2024-04-08 04:00:00+00:00,188.60647044499663,189.90444089970362,188.60647044499663,189.42724609375,8001000.0,JPM
2024-04-09 04:00:00+00:00,189.03599515912197,189.8090485690438,186.02011988833695,188.15794372558594,7351500.0,JPM
2024-04-10 04:00:00+00:00,186.63090309212447,188.0815794697576,185.32337934002095,186.55455017089844,7681400.0,JPM
2024-04-11 04:00:00+00:00,187.0603818015725,187.60439092248092,184.42627146372058,186.51637268066406,10137700.0,JPM
2024-04-12 04:00:00+00:00,179.730669116781,180.31283283345405,174.21428344257563,174.452880859375,31532300.0,JPM
2024-04-15 04:00:00+00:00,176.08492330850328,178.90992360771173,173.88982379100682,174.54835510253906,14766600.0,JPM
2024-04-16 04:00:00+00:00,174.55785940954902,174.8060100362722,171.45609307815093,172.55364990234375,16451800.0,JPM
2024-04-17 04:00:00+00:00,173.09765717367875,174.0997692825039,171.02663324895016,171.8665008544922,9017100.0,JPM
2024-04-18 04:00:00+00:00,172.839986403325,174.9969019564357,171.76152134535386,172.98313903808594,9557700.0,JPM
2024-04-19 04:00:00+00:00,174.08065863681227,177.40194495717884,173.1358222453055,177.32559204101562,13402300.0,JPM
2024-04-22 04:00:00+00:00,177.5069394038577,181.45811204263342,177.49738618697634,180.7709503173828,11529700.0,JPM
2024-04-23 04:00:00+00:00,182.41252116114381,183.46234116906865,181.8303428196935,183.37644958496094,9144400.0,JPM
2024-04-24 04:00:00+00:00,181.83984793750034,184.4166969253009,181.49626710160496,184.27354431152344,6964900.0,JPM
2024-04-25 04:00:00+00:00,183.48141172959566,185.0943325814848,182.46020780549338,184.55032348632812,9802300.0,JPM
2024-04-26 04:00:00+00:00,184.74120887546937,185.98190375230607,184.25446084078007,184.66485595703125,6413700.0,JPM
2024-04-29 04:00:00+00:00,184.65527623239652,185.3996988767655,183.65316434564502,184.4644012451172,5387800.0,JPM
2024-04-30 04:00:00+00:00,184.01587936793962,186.0964565277787,182.8992451443853,182.99468994140625,8153700.0,JPM
2024-05-01 04:00:00+00:00,183.50049513128624,185.5906107156563,182.08798801756038,183.10919189453125,7445300.0,JPM
2024-05-02 04:00:00+00:00,184.26402794452196,184.67440852887157,180.87594156798932,182.9183349609375,6501700.0,JPM
2024-05-03 04:00:00+00:00,183.2428314886118,183.7486568896736,179.86429819068653,181.82078552246094,8922800.0,JPM
2024-05-06 04:00:00+00:00,182.98512382682264,183.43368812810877,181.16225065998637,183.24281311035156,7911100.0,JPM
2024-05-07 04:00:00+00:00,182.95650428655827,184.13039955093174,182.90878188854626,183.0042266845703,7688800.0,JPM
2024-05-08 04:00:00+00:00,182.2883976734577,187.6806926172009,182.2883976734577,186.72630310058594,9227600.0,JPM
2024-05-09 04:00:00+00:00,186.268228953762,188.57785019283477,186.20142924996162,188.49195861816406,7977300.0,JPM
2024-05-10 04:00:00+00:00,189.48452041598773,190.24803507157247,189.22684568795714,189.70404052734375,7529800.0,JPM
2024-05-13 04:00:00+00:00,189.73267730698475,190.73478941529618,189.00733180699527,189.66586303710938,7049200.0,JPM
2024-05-14 04:00:00+00:00,189.92353333016814,192.38586028369684,189.12184954887874,192.3190460205078,8596200.0,JPM
2024-05-15 04:00:00+00:00,192.79626357615743,193.44525616341704,190.65843990714103,192.89170837402344,8370000.0,JPM
2024-05-16 04:00:00+00:00,192.99666261404684,195.15357782872618,192.77715708757773,193.23526000976562,8497900.0,JPM
2024-05-17 04:00:00+00:00,194.51416504960696,195.69761353618276,193.55977533673882,195.449462890625,9260500.0,JPM
2024-05-20 04:00:00+00:00,195.06770117767758,196.48974700752038,186.48773292892272,186.65953063964844,17373300.0,JPM
2024-05-21 04:00:00+00:00,188.0147793513531,190.78250378063117,187.6330292793257,190.4198455810547,14420800.0,JPM
2024-05-22 04:00:00+00:00,189.92354585608186,191.77506416081215,188.6732977083887,189.2650146484375,9425300.0,JPM
2024-05-23 04:00:00+00:00,188.78782176676148,189.25547795628643,187.12719303061385,187.93841552734375,8069400.0,JPM
2024-05-24 04:00:00+00:00,188.73055741751145,191.6032650842563,188.54922104999036,191.55555725097656,7356200.0,JPM
2024-05-28 04:00:00+00:00,190.74432244521444,191.26923968293062,189.59905773927144,190.40074157714844,6910200.0,JPM
2024-05-29 04:00:00+00:00,188.9691437571096,189.91399471851386,187.90977070201868,189.07412719726562,6120000.0,JPM
2024-05-30 04:00:00+00:00,189.5036107487647,190.7347815795727,189.35090490632123,190.23849487304688,6829100.0,JPM
2024-05-31 04:00:00+00:00,190.20986585230213,194.02742456659686,189.3031985702233,193.3879852294922,14417900.0,JPM
2024-06-03 04:00:00+00:00,193.08258611073796,193.1875695647281,190.1048947798636,192.6149444580078,6444300.0,JPM
2024-06-04 04:00:00+00:00,191.0306224934816,192.7676039624625,189.23636541672454,190.07623291015625,6848300.0,JPM
2024-06-05 04:00:00+00:00,190.6488677581653,190.70614336889636,187.93840469676562,188.2628936767578,8351600.0,JPM
2024-06-06 04:00:00+00:00,188.2628911546147,188.9882365858564,186.4209261786032,187.92886352539062,7640300.0,JPM
2024-06-07 04:00:00+00:00,188.42513429310472,191.75595928489324,188.0242924032084,190.8302001953125,6964500.0,JPM
2024-06-10 04:00:00+00:00,190.15260252915212,191.6796172589224,189.38908788285167,190.50572204589844,6070800.0,JPM
2024-06-11 04:00:00+00:00,188.88328002640114,188.91191055404266,184.7698625098068,185.4951934814453,9235300.0,JPM
2024-06-12 04:00:00+00:00,187.0603890501278,187.74755082799157,182.5842988392324,182.7942657470703,12751300.0,JPM
2024-06-13 04:00:00+00:00,183.54823918155475,185.70515472071864,182.17391564540972,184.82711791992188,8587800.0,JPM
2024-06-14 04:00:00+00:00,182.7179204558384,185.97239310049383,182.68928992746697,184.941650390625,6874000.0,JPM
2024-06-17 04:00:00+00:00,184.6553142600554,186.65953844630556,183.85363041068777,186.08689880371094,8725400.0,JPM
2024-06-18 04:00:00+00:00,185.72424105772285,188.930991025547,185.27567673463204,188.0147705078125,9023000.0,JPM
2024-06-20 04:00:00+00:00,187.43258948693125,190.35301959036525,187.16536154039684,189.6085968017578,8731100.0,JPM
2024-06-21 04:00:00+00:00,187.73799820567726,188.17700929825324,185.36156268713378,187.34669494628906,20972100.0,JPM
2024-06-24 04:00:00+00:00,188.78781706567207,190.14304864072443,188.1102085595612,189.80902099609375,9785900.0,JPM
2024-06-25 04:00:00+00:00,189.05504227358247,190.94474426582192,188.72101463378038,189.0359649658203,6862500.0,JPM
2024-06-26 04:00:00+00:00,188.44423225132738,188.91188841939731,187.3275981156472,188.42514038085938,7758600.0,JPM
2024-06-27 04:00:00+00:00,188.4346797683504,190.74430078925033,187.919301243349,190.0857696533203,7913500.0,JPM
2024-06-28 04:00:00+00:00,190.8874592091773,193.35933934812502,190.20985074638892,193.0348358154297,15307600.0,JPM
2024-07-01 04:00:00+00:00,193.58841832722447,197.64457486806845,193.41663515800704,196.07937622070312,10205800.0,JPM
2024-07-02 04:00:00+00:00,195.92667354643487,199.33385208628548,195.43040134096296,199.3052215576172,7802900.0,JPM
2024-07-03 04:00:00+00:00,199.9923607921085,200.78450597577336,198.17901165846095,199.1715850830078,5560900.0,JPM
2024-07-05 04:00:00+00:00,198.64375880499992,199.00842649532183,196.27335292204722,196.53245544433594,8093100.0,JPM
2024-07-08 04:00:00+00:00,196.77237767256634,198.5573794017683,195.74552979069207,196.8971405029297,8707000.0,JPM
2024-07-09 04:00:00+00:00,197.33859380980596,201.30205403205485,197.1658441534367,199.25794982910156,9058900.0,JPM
2024-07-10 04:00:00+00:00,197.8280277635907,199.58424030901233,197.29061041180532,199.4210968017578,8328500.0,JPM
2024-07-11 04:00:00+00:00,197.89521368869632,199.70900458588088,197.09867916383936,199.085205078125,10658100.0,JPM
2024-07-12 04:00:00+00:00,195.77433759701847,199.085224201204,193.9509550160253,196.6764373779297,15443400.0,JPM
2024-07-15 04:00:00+00:00,198.83568835973134,203.07746338803915,198.3846385255346,201.5803680419922,10719700.0,JPM
2024-07-16 04:00:00+00:00,201.5323940342005,205.12159527581198,199.68981390311083,205.0064239501953,11557000.0,JPM
2024-07-17 04:00:00+00:00,205.17914727979345,208.78753107622654,204.670519141144,208.12535095214844,11572500.0,JPM
2024-07-18 04:00:00+00:00,206.93538878296755,207.90465837072435,200.80304644620205,201.51319885253906,12415100.0,JPM
2024-07-19 04:00:00+00:00,202.68401496985885,203.78765358828193,200.49595003902687,201.32127380371094,8095900.0,JPM
2024-07-22 04:00:00+00:00,201.97385135034514,203.6148926358178,201.25409280392114,201.8011016845703,7663200.0,JPM
2024-07-23 04:00:00+00:00,202.5112554797567,202.95269915898984,200.9085949784075,201.8490753173828,5557300.0,JPM
2024-07-24 04:00:00+00:00,201.10054238495405,203.4805398970385,199.6802229423339,200.1792449951172,7119000.0,JPM
2024-07-25 04:00:00+00:00,200.23679904485417,201.71471129291234,199.66100105914288,200.25599670410156,6403800.0,JPM
2024-07-26 04:00:00+00:00,200.8030338162583,204.56496989068702,200.20802348732903,203.68206787109375,8027800.0,JPM
2024-07-29 04:00:00+00:00,204.0755227146991,204.99682004630137,202.0602076823259,202.34811401367188,6533600.0,JPM
2024-07-30 04:00:00+00:00,204.63216225145678,207.08893590558594,204.3730597013521,206.5131378173828,8850700.0,JPM
2024-07-31 04:00:00+00:00,206.11965617262393,207.66473846208044,204.09473484474648,204.21949768066406,9071600.0,JPM
2024-08-01 04:00:00+00:00,204.6033650548551,205.20796693510616,198.05836812142135,199.5746612548828,10918600.0,JPM
2024-08-02 04:00:00+00:00,195.65916985684163,196.4173090899953,188.951014866982,191.11029052734375,18041700.0,JPM
2024-08-05 04:00:00+00:00,186.2255269573448,188.26003972022244,183.2025323392783,187.04124450683594,13927000.0,JPM
2024-08-06 04:00:00+00:00,187.5210898263343,194.4307836748442,186.17754637997143,192.26190185546875,10605800.0,JPM
2024-08-07 04:00:00+00:00,195.30407255531497,197.4537566355557,192.12754058739833,192.31947326660156,9204400.0,JPM
2024-08-08 04:00:00+00:00,194.30600938741946,196.64762609323657,193.65342072084405,195.83189392089844,7761200.0,JPM
2024-08-09 04:00:00+00:00,195.26568795748204,198.14472201831654,194.71866445703174,197.50173950195312,5540200.0,JPM
2024-08-12 04:00:00+00:00,198.08715268440758,198.78771357086882,195.44803800867777,197.8760223388672,6936000.0,JPM
2024-08-13 04:00:00+00:00,199.35394209823576,199.69942682508034,197.11789020553704,199.55548095703125,6387800.0,JPM
2024-08-14 04:00:00+00:00,199.36353061795853,202.26174789086065,198.76852024775556,201.76272583007812,6999800.0,JPM
2024-08-15 04:00:00+00:00,204.41142772567014,205.26554061728052,202.58804526064463,203.0198974609375,7001000.0,JPM
2024-08-16 04:00:00+00:00,203.15425086846594,205.45747235510242,203.05827720505397,205.34231567382812,7931200.0,JPM
2024-08-19 04:00:00+00:00,205.37111918066995,206.83942554351694,205.19838414670022,206.7626495361328,6090800.0,JPM
2024-08-20 04:00:00+00:00,206.33077379457382,207.290451812223,205.0639917823852,205.87013244628906,5640000.0,JPM
2024-08-21 04:00:00+00:00,205.78377176531626,206.3307953213397,204.25788707250234,205.94692993164062,5202300.0,JPM
2024-08-22 04:00:00+00:00,205.92772233240674,208.05820882254338,205.6973943235858,207.8950653076172,5247100.0,JPM
2024-08-23 04:00:00+00:00,208.82596096633335,210.35184563489813,207.77030919614816,209.50732421875,7214000.0,JPM
2024-08-26 04:00:00+00:00,210.1790591000649,210.82204155876406,209.25777648359454,210.33261108398438,5105200.0,JPM
2024-08-27 04:00:00+00:00,210.65891263842738,211.53222313341251,210.3518232928703,211.30189514160156,5185200.0,JPM
2024-08-28 04:00:00+00:00,210.40942013221067,213.25007370690733,210.35184179007584,212.36715698242188,6506400.0,JPM
2024-08-29 04:00:00+00:00,213.19248330758634,213.98901788500726,210.11192481779804,213.2500762939453,6416100.0,JPM
2024-08-30 04:00:00+00:00,213.5283638010213,216.38820025870874,212.981340289583,215.73562622070312,8574100.0,JPM
2024-09-03 04:00:00+00:00,213.33643989830546,215.0638633692745,210.39982731942075,211.41708374023438,8956100.0,JPM
2024-09-04 04:00:00+00:00,212.12721670145393,213.11569850429112,208.4516628819831,210.48617553710938,7389500.0,JPM
2024-09-05 04:00:00+00:00,211.2731298787107,211.89692943579365,207.31926075481468,208.85475158691406,8067900.0,JPM
2024-09-06 04:00:00+00:00,208.8259326693763,209.9199649722642,202.57841969666674,203.8931884765625,7777000.0,JPM
2024-09-09 04:00:00+00:00,206.513105906515,209.3537445138377,205.54382177933104,208.06777954101562,8935100.0,JPM
2024-09-10 04:00:00+00:00,209.78560122187278,209.82398189589819,192.52099000049404,197.27139282226562,28406900.0,JPM
2024-09-11 04:00:00+00:00,196.97391086092546,199.3251190484655,193.6918138354718,198.8740692138672,13658700.0,JPM
2024-09-12 04:00:00+00:00,199.27715101962826,200.3615919553569,196.62844474311245,198.26950073242188,9054400.0,JPM
2024-09-13 04:00:00+00:00,198.51899663631963,199.46908315177689,194.83383653849526,196.0814208984375,10226700.0,JPM
2024-09-16 04:00:00+00:00,197.5305381683303,199.81457665233654,197.30021016072058,199.4786834716797,8634900.0,JPM
2024-09-17 04:00:00+00:00,199.35392255393126,201.46521139164926,199.28675270326914,200.81263732910156,7573300.0,JPM
2024-09-18 04:00:00+00:00,200.58230673818105,202.81835838288768,198.36545275492742,199.1619873046875,8259900.0,JPM
2024-09-19 04:00:00+00:00,201.32125504416572,203.3653739246752,198.9796383186764,201.99302673339844,11635200.0,JPM
2024-09-20 04:00:00+00:00,201.46521533060852,202.8951409629487,201.05256077890448,202.5784454345703,20885000.0,JPM
2024-09-23 04:00:00+00:00,202.4920612297152,203.25980657066546,201.52279170592422,202.91432189941406,7223500.0,JPM
2024-09-24 04:00:00+00:00,202.63601263414566,204.3634360377964,201.88746493315114,203.0582733154297,7323200.0,JPM
2024-09-25 04:00:00+00:00,203.1446478984502,203.68207992104146,200.19844382266885,201.71473693847656,8976500.0,JPM
2024-09-26 04:00:00+00:00,202.61684511643884,203.16385402738385,200.58231755493514,201.32127380371094,7807500.0,JPM
2024-09-27 04:00:00+00:00,202.1561834046356,203.87401538274102,200.88941594295318,202.01223754882812,7032500.0,JPM
2024-09-30 04:00:00+00:00,197.99117378793656,202.45368545325593,196.98350891876606,202.3577117919922,8663800.0,JPM
2024-10-01 04:00:00+00:00,200.47672835038065,200.6590695133516,197.87600917065313,198.6917266845703,8540100.0,JPM
2024-10-02 04:00:00+00:00,198.73013169432915,200.52472495596922,197.39617979497947,198.93165588378906,5810900.0,JPM
2024-10-03 04:00:00+00:00,197.85681157736644,198.16391556637382,196.10059907948147,196.9547119140625,7251300.0,JPM
2024-10-04 04:00:00+00:00,202.0915171398113,204.37988743060353,199.78383154222516,203.9453887939453,10211700.0,JPM
2024-10-07 04:00:00+00:00,203.76190602752735,205.98269458084312,202.46806055788844,203.66534423828125,6718900.0,JPM
2024-10-08 04:00:00+00:00,203.32741862551052,204.0515878849043,201.20319174460775,203.49156188964844,6021800.0,JPM
2024-10-09 04:00:00+00:00,202.47771475974207,206.86136077091666,202.16874354804747,206.06959533691406,7024000.0,JPM
2024-10-10 04:00:00+00:00,207.41171960680364,207.41171960680364,204.18675618891916,205.5095672607422,7927100.0,JPM
2024-10-11 04:00:00+00:00,208.2420838481715,216.89349797730637,207.74965411869448,214.6340789794922,18320700.0,JPM
2024-10-14 04:00:00+00:00,215.51275230031362,215.9955317699529,211.3415453439257,213.85198974609375,9048900.0,JPM
2024-10-15 04:00:00+00:00,215.95691583331498,217.68525985149523,214.18029092153253,214.73065185546875,9235800.0,JPM
2024-10-16 04:00:00+00:00,214.67274209136121,215.97623794909032,213.42716268516796,215.9376220703125,6382500.0,JPM
2024-10-17 04:00:00+00:00,216.54592216463283,218.0715071604394,215.6189790372494,216.6907501220703,6470200.0,JPM
2024-10-18 04:00:00+00:00,217.25078010281487,218.1390926356883,215.416223853029,217.6080322265625,7000500.0,JPM
2024-10-21 04:00:00+00:00,217.46318311378727,217.92664727427885,215.22307932710135,215.31964111328125,5870000.0,JPM
2024-10-22 04:00:00+00:00,215.3389560319398,217.521113903058,213.48508466002997,216.40106201171875,9586800.0,JPM
2024-10-23 04:00:00+00:00,215.95692013506684,217.05765675812557,214.86583379761672,215.7155303955078,6180500.0,JPM
2024-10-24 04:00:00+00:00,214.18994055717258,217.30869179537711,214.0257973060313,217.2314453125,6002200.0,JPM
2024-10-25 04:00:00+00:00,217.25078329046238,217.84942517866347,213.27268477329852,214.65342712402344,6369700.0,JPM
2024-10-28 04:00:00+00:00,215.65760510182318,217.868728693903,215.27137266803004,217.73355102539062,6843000.0,JPM
2024-10-29 04:00:00+00:00,217.45355245759362,218.94050685947278,215.13620197943288,215.2230987548828,6580000.0,JPM
2024-10-30 04:00:00+00:00,214.87548602178538,218.5156474524891,213.94855766414204,216.68109130859375,7110900.0,JPM
2024-10-31 04:00:00+00:00,216.96110835965536,217.91701709128074,214.18030840692387,214.27685546875,7829900.0,JPM
2024-11-01 04:00:00+00:00,215.86037589692594,218.3611702661073,215.02999453599656,215.26173400878906,6923500.0,JPM
2024-11-04 05:00:00+00:00,214.98169019005127,216.0534611932713,211.6215492339804,212.21054077148438,8229600.0,JPM
2024-11-05 05:00:00+00:00,212.45195638290622,214.31549300886095,212.42299079009578,213.86167907714844,5600700.0,JPM
2024-11-06 05:00:00+00:00,226.90637065875526,239.4586379717928,226.68429620853013,238.55101013183594,23987800.0,JPM
2024-11-07 05:00:00+00:00,236.07916456872846,236.14676076756385,227.11877864228583,228.23883056640625,16451100.0,JPM
2024-11-08 05:00:00+00:00,231.09689618425554,231.09689618425554,227.65950837276299,228.81817626953125,9502100.0,JPM
2024-11-11 05:00:00+00:00,231.734152593889,233.76183232238978,230.7685936247478,231.04859924316406,9017100.0,JPM
2024-11-12 05:00:00+00:00,232.26523494572703,233.14389722674903,230.53687597683657,231.309326171875,6861000.0,JPM
2024-11-13 05:00:00+00:00,232.29419152794952,235.68329839480197,232.0334864664189,232.85421752929688,11472600.0,JPM
2024-11-14 05:00:00+00:00,234.07080953881766,235.87640014281013,232.7479984317867,233.5397491455078,10172200.0,JPM
2024-11-15 05:00:00+00:00,233.14390395720665,237.93306878482815,233.14390395720665,236.86129760742188,11518800.0,JPM
2024-11-18 05:00:00+00:00,239.22688371269956,239.3910269686542,234.32184240561926,236.59091186523438,9051400.0,JPM
2024-11-19 05:00:00+00:00,233.90664645217612,236.70676140391376,233.2307581603698,234.71771240234375,6792700.0,JPM
2024-11-20 05:00:00+00:00,235.9825927244949,236.1853665791003,230.4209786829753,232.48727416992188,9015300.0,JPM
2024-11-21 05:00:00+00:00,234.85289619986844,237.0350688275059,233.77147490470944,236.3302001953125,8783500.0,JPM
2024-11-22 05:00:00+00:00,235.2198064316017,240.56899630530003,234.65978049634109,239.9896697998047,7997300.0,JPM
2024-11-25 05:00:00+00:00,240.99386567944467,245.55130530795057,240.4821205914916,241.6697540283203,10295400.0,JPM
2024-11-26 05:00:00+00:00,241.86285831172583,242.3552880551951,239.78689780117762,241.3607635498047,6212100.0,JPM
2024-11-27 05:00:00+00:00,240.76211714435047,242.5387419809446,240.20209121543851,241.18695068359375,5472300.0,JPM
2024-11-29 05:00:00+00:00,241.25457769809182,243.09879896511487,240.85869496329937,241.11940002441406,5494800.0,JPM
2024-12-02 05:00:00+00:00,240.9552533116239,241.63114167034325,236.59092247162565,237.76890563964844,8899700.0,JPM
2024-12-03 05:00:00+00:00,239.68069795223073,240.4627983571973,236.20469451535047,236.38815307617188,6657700.0,JPM
2024-12-04 05:00:00+00:00,236.2722889974968,236.89991119978995,233.88735704195787,235.01705932617188,7346300.0,JPM
2024-12-05 05:00:00+00:00,236.93852436784667,238.66686850941545,236.19503980642355,237.02542114257812,6572500.0,JPM
2024-12-06 05:00:00+00:00,237.23782113991652,239.2075695661081,236.40743988833765,238.8406524658203,5519700.0,JPM
2024-12-09 05:00:00+00:00,238.61858077940386,239.33308495141208,235.36463719813491,235.4129180908203,7076500.0,JPM
2024-12-10 05:00:00+00:00,235.49017580217017,239.42000786865495,233.87769409575165,234.4956512451172,9108300.0,JPM
2024-12-11 05:00:00+00:00,235.59637673776825,235.85708177176627,233.8390524294808,235.14256286621094,7884400.0,JPM
2024-12-12 05:00:00+00:00,234.63081380840498,235.69293449672634,232.73831187283054,233.21144104003906,6113800.0,JPM
2024-12-13 05:00:00+00:00,233.7328690945859,234.3604765375674,230.9037736251097,231.6762237548828,10392700.0,JPM
2024-12-16 05:00:00+00:00,232.32313781366128,232.38106899290696,229.33956421642742,231.32861328125,9032000.0,JPM
2024-12-17 05:00:00+00:00,230.43062510460985,230.78789191547116,228.48020673867956,230.15061950683594,8083600.0,JPM
2024-12-18 05:00:00+00:00,230.76860039603835,230.83619659782678,221.6247555113085,222.43582153320312,11322400.0,JPM
2024-12-19 05:00:00+00:00,224.27039218428922,228.21952494296886,224.27039218428922,224.93663024902344,11790800.0,JPM
2024-12-20 05:00:00+00:00,223.93244155838863,230.97137492047273,223.61380532033132,229.4168243408203,32348400.0,JPM
2024-12-23 05:00:00+00:00,227.93950685968346,230.40167037895355,226.79048935961865,230.17959594726562,8611500.0,JPM
2024-12-24 05:00:00+00:00,231.18378496668848,234.13840789117347,230.8361978696138,233.964599609375,3729100.0,JPM
2024-12-26 05:00:00+00:00,233.11489415476902,234.88186883103566,232.4969370056862,234.76600646972656,4451800.0,JPM
2024-12-27 05:00:00+00:00,234.3604651162079,235.0073878325532,231.77275951756664,232.8638458251953,5730200.0,JPM
2024-12-30 05:00:00+00:00,230.54650008911693,232.5451993283752,228.94366879713553,231.0775604248047,5723800.0,JPM
2024-12-31 05:00:00+00:00,231.78244913333967,233.1245756017034,230.7975747930278,231.45416259765625,4871000.0,JPM
2025-01-02 05:00:00+00:00,232.6224738942401,234.9011937371106,231.20310097714537,231.73416137695312,9220900.0,JPM
2025-01-03 05:00:00+00:00,235.4901756406523,236.4460843210158,231.9851918792467,234.90118408203125,9491100.0,JPM
2025-01-06 05:00:00+00:00,236.52199744283416,238.45338882592614,233.4938994273639,233.75595092773438,9917800.0,JPM
2025-01-07 05:00:00+00:00,235.00795317306168,238.036051249581,233.8044710816832,236.0076141357422,8753400.0,JPM
2025-01-08 05:00:00+00:00,235.59998364793563,237.05580229045634,233.41625568415455,235.9687957763672,8675300.0,JPM
2025-01-10 05:00:00+00:00,235.9299526770056,236.62874677173156,231.70808773150114,232.80479431152344,10256800.0,JPM
2025-01-13 05:00:00+00:00,232.61068207915937,237.33723481661394,231.96041824863897,237.0169677734375,10005300.0,JPM
2025-01-14 05:00:00+00:00,235.51263136841433,240.42359041299397,235.05647368868276,240.1809539794922,12407400.0,JPM
2025-01-15 05:00:00+00:00,243.0246450469622,246.19833373301464,236.50257655181815,244.91722106933594,18448500.0,JPM
2025-01-16 05:00:00+00:00,246.51861866884337,249.46908602016472,244.8978090555052,246.78067016601562,15292300.0,JPM
2025-01-17 05:00:00+00:00,246.65452792718298,252.94366104666395,244.7134361783866,251.52667236328125,17678100.0,JPM
2025-01-21 05:00:00+00:00,252.4098466101375,256.46672083789156,251.85662841034198,255.28265380859375,13712100.0,JPM
2025-01-22 05:00:00+00:00,255.15646645827997,255.62233907134996,252.5845261978736,255.09823608398438,9021900.0,JPM
2025-01-23 05:00:00+00:00,256.89380188181235,258.9998699413039,256.0397167333931,258.11669921875,10749700.0,JPM
2025-01-24 05:00:00+00:00,255.92321545084891,259.2327800677332,255.26325143834285,257.0393371582031,7666300.0,JPM
2025-01-27 05:00:00+00:00,256.389052216982,258.1360225042347,254.5353065086594,258.0195617675781,7522300.0,JPM
2025-01-28 05:00:00+00:00,258.0195637615963,259.45595234973075,257.02958825496063,259.2715759277344,7375400.0,JPM
2025-01-29 05:00:00+00:00,259.33947579733757,262.7072701402544,257.78659694764065,258.72802734375,7684900.0,JPM
2025-01-30 05:00:00+00:00,260.71768010583645,261.75617104949805,258.766873890751,260.3294677734375,8753500.0,JPM
2025-01-31 05:00:00+00:00,261.3000557826277,262.8432200467561,259.0968978658329,259.4268798828125,7193800.0,JPM
2025-02-03 05:00:00+00:00,254.11796573208338,260.2712514893426,253.99181967172157,258.9512939453125,8381400.0,JPM
2025-02-04 05:00:00+00:00,261.8920656979003,261.8920656979003,258.97071346699056,260.04803466796875,5626000.0,JPM
2025-02-05 05:00:00+00:00,260.98947222246505,262.66852710369653,260.4265390771867,262.4646911621094,5704400.0,JPM
2025-02-06 05:00:00+00:00,264.4251993255983,268.8217703532776,263.20230221236784,268.7441101074219,7264400.0,JPM
2025-02-07 05:00:00+00:00,269.10321715000055,270.3455145608461,266.6186223283094,267.676513671875,6857900.0,JPM
2025-02-10 05:00:00+00:00,268.01620681498275,268.0453220031556,261.64942897239877,263.0567321777344,8627400.0,JPM
2025-02-11 05:00:00+00:00,262.299718167667,268.08416285966723,261.71738476219014,266.890380859375,7196400.0,JPM
2025-02-12 05:00:00+00:00,266.0071500330046,268.3073682010428,265.20161014147436,267.3368225097656,6683900.0,JPM
2025-02-13 05:00:00+00:00,267.3853283146615,268.812031614192,265.74510378599365,268.1811828613281,8398700.0,JPM
2025-02-14 05:00:00+00:00,269.2002311783628,271.0054614151681,268.307345803398,268.4432067871094,5688600.0,JPM
2025-02-18 05:00:00+00:00,268.6082716385242,271.7237154392855,267.8900475882826,271.7043151855469,7919800.0,JPM
2025-02-19 05:00:00+00:00,270.18053227508295,271.9954480996811,269.0546956439582,271.02490234375,7007200.0,JPM
2025-02-20 05:00:00+00:00,270.47167738640707,270.52990776080935,257.9128132494212,258.94158935546875,13846700.0,JPM
2025-02-21 05:00:00+00:00,260.41687498668233,261.2709600914064,255.09827295553427,256.45703125,12835600.0,JPM
2025-02-24 05:00:00+00:00,257.67016901902093,259.1357025074417,250.99280984837583,253.6424102783203,10372800.0,JPM
2025-02-25 05:00:00+00:00,254.50621867157093,255.2535282245515,245.88776780849437,249.81846618652344,9608400.0,JPM
2025-02-26 05:00:00+00:00,249.5855472014318,253.22509374318383,249.36231101747035,251.16754150390625,5943600.0,JPM
2025-02-27 05:00:00+00:00,252.51661291024098,255.87472288689446,250.2649394229229,251.41989135742188,8204400.0,JPM
2025-02-28 05:00:00+00:00,253.0503967893836,257.0102103033765,250.29405049282587,256.85491943359375,10467100.0,JPM
2025-03-03 05:00:00+00:00,256.22405256395905,258.47572558891886,250.2260875328823,252.943603515625,9058300.0,JPM
2025-03-04 05:00:00+00:00,247.76090247214182,249.6534784144641,238.70570941047404,242.87905883789062,13465600.0,JPM
2025-03-05 05:00:00+00:00,243.8496320279879,245.59661742826808,240.53036717213234,244.1213836669922,7861400.0,JPM
2025-03-06 05:00:00+00:00,240.80209946195242,242.015281613365,236.66758002130527,239.27833557128906,9983200.0,JPM
2025-03-07 05:00:00+00:00,238.00692097749285,239.4530394207747,232.36805275623323,235.14381408691406,20498700.0,JPM
2025-03-10 04:00:00+00:00,229.25262520540508,230.5143228718976,221.96381691976234,225.38014221191406,18887200.0,JPM
2025-03-11 04:00:00+00:00,224.9239788967364,226.44774284176466,220.01301974210133,222.39085388183594,18143000.0,JPM
2025-03-12 04:00:00+00:00,227.1077131272591,227.41829488617915,220.56622922120076,221.1873779296875,16054000.0,JPM
2025-03-13 04:00:00+00:00,222.5461333861297,222.7402395654928,217.62545954737027,218.55718994140625,16467900.0,JPM
2025-03-14 04:00:00+00:00,221.40089366257604,226.27303751626079,220.87680546916633,225.59365844726562,11962100.0,JPM
2025-03-17 04:00:00+00:00,224.37073338341938,228.72848862744547,223.6719541489768,227.03973388671875,9586000.0,JPM
2025-03-18 04:00:00+00:00,227.4182844946614,229.2137852248078,226.6418449421928,228.04913330078125,10344900.0,JPM
2025-03-19 04:00:00+00:00,228.79646520042016,235.19235827185224,227.9714953720013,232.06719970703125,10120600.0,JPM
2025-03-20 04:00:00+00:00,229.59228927901535,234.63912397597252,229.2428922333378,231.97012329101562,8328500.0,JPM
2025-03-21 04:00:00+00:00,230.8054781658387,235.16323383404452,229.53406562636874,234.51296997070312,19326900.0,JPM
2025-03-24 04:00:00+00:00,238.24957590512537,241.36503440089746,237.21109961277028,240.7535858154297,9422700.0,JPM
2025-03-25 04:00:00+00:00,241.96675395701018,244.4028332211237,240.32652930123646,243.733154296875,9287700.0,JPM
2025-03-26 04:00:00+00:00,245.1598570425021,247.16887900045046,242.42291097853027,243.63609313964844,12779300.0,JPM
2025-03-27 04:00:00+00:00,242.1802711082619,243.25757744441526,239.89948275399726,240.81179809570312,8022500.0,JPM
2025-03-28 04:00:00+00:00,239.66658074525773,242.1608757350301,234.00829698898778,235.69705200195312,11978400.0,JPM
2025-03-31 04:00:00+00:00,232.35837590862877,238.6183934207807,230.3687540364097,238.07489013671875,13603000.0,JPM
2025-04-01 04:00:00+00:00,235.47380892493115,238.45339153399044,233.78506877067235,236.48318481445312,8054700.0,JPM
2025-04-02 04:00:00+00:00,234.48387014274496,239.9674479641913,234.34799432373393,238.57957458496094,7758800.0,JPM
2025-04-03 04:00:00+00:00,227.36976405138714,228.2141341410838,220.60505877931982,221.95411682128906,17188500.0,JPM
2025-04-04 04:00:00+00:00,210.2553432331429,212.58923458837728,204.02511643608108,205.3434295654297,27170700.0,JPM
2025-04-07 04:00:00+00:00,200.9393169780438,216.83712407913987,197.41406528016333,209.40577697753906,22914400.0,JPM
2025-04-08 04:00:00+00:00,218.27259368729497,222.49116855668552,208.24369056058796,211.77870178222656,19485700.0,JPM
2025-04-09 04:00:00+00:00,207.5113154920403,231.9048767833682,206.04652973562588,228.83859252929688,24022400.0,JPM
2025-04-10 04:00:00+00:00,224.60047349209523,224.9422627815506,214.93289385418547,221.7783203125,18896400.0,JPM
2025-04-11 04:00:00+00:00,220.99711715573133,232.97906934942662,219.71787325553504,230.65493774414062,20284500.0,JPM
2025-04-14 04:00:00+00:00,231.53380246810318,234.15087913970558,228.14526363842643,229.2096710205078,13017800.0,JPM
2025-04-15 04:00:00+00:00,230.55727455130136,233.04739831448416,227.35427768752865,227.65699768066406,10912900.0,JPM
2025-04-16 04:00:00+00:00,226.55352634462056,228.09643576900157,222.5790672431111,224.21963500976562,9322300.0,JPM
2025-04-17 04:00:00+00:00,225.38170933973876,228.83859723978307,225.13757837531108,226.5144805908203,9557900.0,JPM
2025-04-21 04:00:00+00:00,225.21569525952322,226.36798622449223,221.02639969234494,223.61419677734375,8716200.0,JPM
2025-04-22 04:00:00+00:00,226.53399818903708,230.44986835764868,225.9383180454656,230.0592498779297,10701400.0,JPM
2025-04-23 04:00:00+00:00,234.58055782870665,240.99631170351697,234.36572139205154,235.22506713867188,14126800.0,JPM
2025-04-24 04:00:00+00:00,234.111813783322,239.70729080846584,232.00251886579326,238.8967742919922,9055200.0,JPM
2025-04-25 04:00:00+00:00,238.9065648044329,239.85379417404548,236.07465147090528,237.8323974609375,8588600.0,JPM
2025-04-28 04:00:00+00:00,238.81865487510098,241.04512791658067,235.18598519677712,237.51011657714844,7394300.0,JPM
2025-04-29 04:00:00+00:00,236.50431250866183,239.49247309158469,236.01605058594708,238.87725830078125,7216800.0,JPM
2025-04-30 04:00:00+00:00,235.5473233123009,239.4631785682675,232.83257331348125,238.87725830078125,12991700.0,JPM
2025-05-01 04:00:00+00:00,237.13906921679697,242.61736909781558,236.4847999672637,241.093994140625,8689600.0,JPM
2025-05-02 04:00:00+00:00,245.36139162446273,247.66598864209374,243.60366051149063,246.58204650878906,7165000.0,JPM
2025-05-05 04:00:00+00:00,245.28325170363556,249.16982732673011,244.7071062124704,246.630859375,5450700.0,JPM
2025-05-06 04:00:00+00:00,244.1309371228921,246.7187190961668,243.15441337440055,243.39854431152344,6369900.0,JPM
2025-05-07 04:00:00+00:00,243.98448584012095,246.5234388677099,242.98842735746476,243.5352783203125,8724100.0,JPM
2025-05-08 04:00:00+00:00,245.66409623863075,249.87291137635128,245.64456159073174,247.5194854736328,8320100.0,JPM
2025-05-09 04:00:00+00:00,248.52531868880288,249.51160240858812,246.41602360630893,247.13865661621094,5087600.0,JPM
2025-05-12 04:00:00+00:00,256.7281061698435,257.4116847639064,252.62672400889193,253.94500732421875,9603900.0,JPM
2025-05-13 04:00:00+00:00,254.90204315724205,257.480080666336,254.2770833315241,256.8355712890625,8589000.0,JPM
2025-05-14 04:00:00+00:00,256.82577133737385,260.38033243913924,256.13244775146745,259.40380859375,8643100.0,JPM
2025-05-15 04:00:00+00:00,260.70254552918584,263.1926691597646,258.54443639594166,261.2103271484375,9214600.0,JPM
2025-05-16 04:00:00+00:00,261.22009748379395,262.1575519192299,258.49558793581224,261.2786865234375,8932900.0,JPM
2025-05-19 04:00:00+00:00,259.3159059261038,262.0208961622138,255.78089422806747,258.6616516113281,12145000.0,JPM
2025-05-20 04:00:00+00:00,256.3570217379832,260.3998446453458,256.14218530617444,259.4428405761719,8436300.0,JPM
2025-05-21 04:00:00+00:00,258.1440495292598,259.41351843588865,254.6090384558687,254.91175842285156,7464000.0,JPM
2025-05-22 04:00:00+00:00,253.34935623964725,256.1422002145729,252.79273047922572,254.5504913330078,6514100.0,JPM
2025-05-23 04:00:00+00:00,250.78108627971244,255.8394726451303,249.9901043492613,254.5895233154297,6671800.0,JPM
2025-05-27 04:00:00+00:00,255.8883093139594,259.0717566921421,255.83946524243134,259.06201171875,7506600.0,JPM
2025-05-28 04:00:00+00:00,259.9897008471859,260.45844302460614,256.7281147573034,257.30426025390625,5535400.0,JPM
2025-05-29 04:00:00+00:00,258.5835028383828,259.17919788181575,256.3668044334763,258.1636047363281,5081200.0,JPM
2025-05-30 04:00:00+00:00,257.265230909512,259.10107079095377,256.56213251620557,257.80230712890625,10977700.0,JPM
2025-06-02 04:00:00+00:00,256.84526410102234,258.8080863604011,255.75156227727646,258.44677734375,6011200.0,JPM
2025-06-03 04:00:00+00:00,257.53863293425644,260.32170192801004,256.70858174263634,260.01898193359375,6998400.0,JPM
2025-06-04 04:00:00+00:00,259.6772534604333,260.8490642816774,257.9780815778546,258.01715087890625,5915700.0,JPM
2025-06-05 04:00:00+00:00,258.5249257598472,258.5249257598472,254.19893206841766,255.80044555664062,8173800.0,JPM
2025-06-06 04:00:00+00:00,258.1245116003273,260.3900538690605,258.0561775861971,259.4916687011719,7738100.0,JPM
2025-06-09 04:00:00+00:00,259.75534818459647,261.61073756854347,257.1675659016327,260.47796630859375,8285000.0,JPM
2025-06-10 04:00:00+00:00,259.63813525638966,262.58722620570774,259.60884073640483,262.2942810058594,7538100.0,JPM
2025-06-11 04:00:00+00:00,262.37241483499554,263.2903496169879,259.5502764699578,261.8548583984375,7434100.0,JPM
2025-06-12 04:00:00+00:00,260.5951109763504,261.9915625735477,258.91551875248643,261.9427185058594,6618000.0,JPM
2025-06-13 04:00:00+00:00,258.85693405632503,260.75139274608847,256.5425772552077,258.7300109863281,7098300.0,JPM
2025-06-16 04:00:00+00:00,260.73183404829985,265.3508019866292,260.58536145007355,264.012939453125,8566000.0,JPM
2025-06-17 04:00:00+00:00,261.87440467845437,264.2375756229939,261.51306583381086,263.19268798828125,6739300.0,JPM
2025-06-18 04:00:00+00:00,263.66144669321045,271.20021221292876,263.3880211997966,267.5284729003906,9586400.0,JPM
2025-06-20 04:00:00+00:00,269.1006625666469,270.79002961674195,267.3819711943445,268.5440368652344,13969700.0,JPM
2025-06-23 04:00:00+00:00,268.60261086911663,272.0106691007072,265.7218539872092,271.73724365234375,8094600.0,JPM
2025-06-24 04:00:00+00:00,273.631706176909,276.0730155031396,272.948157446248,274.6570739746094,9267900.0,JPM
2025-06-25 04:00:00+00:00,274.89142855270444,277.60616331581525,274.31528313116405,277.3913269042969,6826900.0,JPM
2025-06-26 04:00:00+00:00,278.0163729885891,282.6157923247423,277.79176175773335,281.9712829589844,8942100.0,JPM
2025-06-27 04:00:00+00:00,279.10028187976,281.9224501380631,278.34836923641,280.3697509765625,17868600.0,JPM
2025-06-30 04:00:00+00:00,283.5825521456451,285.77973105658936,282.13731575695755,283.10406494140625,12689200.0,JPM
2025-07-01 04:00:00+00:00,284.06105788465106,284.29541408948995,279.86198714070144,283.5923156738281,9338300.0,JPM
2025-07-02 04:00:00+00:00,285.1840583153917,285.945745792629,282.8989958836799,285.1449890136719,8158700.0,JPM
2025-07-03 04:00:00+00:00,286.66586822419856,290.8360888827844,285.74351114178125,290.443603515625,6541600.0,JPM
2025-07-07 04:00:00+00:00,289.70765491378785,290.4828336535378,284.63469143869315,286.4892272949219,8825700.0,JPM
2025-07-08 04:00:00+00:00,283.83990288185674,284.26185381377417,275.04810559551106,277.47174072265625,15440900.0,JPM
2025-07-09 04:00:00+00:00,281.7891314137912,281.80877514408627,277.1773764457948,277.8446044921875,11273800.0,JPM
2025-07-10 04:00:00+00:00,277.68766462538423,282.8979855483962,277.68766462538423,282.7802429199219,8410900.0,JPM
2025-07-11 04:00:00+00:00,280.16028588065166,281.9853860406829,278.3253938002881,281.4751281738281,7384700.0,JPM
2025-07-14 04:00:00+00:00,281.6812629749765,283.8693832899546,279.9052418467557,283.2806701660156,9079900.0,JPM
2025-07-15 04:00:00+00:00,282.5937831680985,286.46964738040805,280.121098345475,281.1709899902344,12526100.0,JPM
2025-07-16 04:00:00+00:00,282.9862680414337,285.2725470105113,277.6974624718264,280.4547119140625,9979800.0,JPM
2025-07-17 04:00:00+00:00,278.11937245969557,284.85058472552134,278.11937245969557,284.4580993652344,8509500.0,JPM
2025-07-18 04:00:00+00:00,284.08524890116877,287.0093204502985,282.8194857660448,285.8023986816406,12217000.0,JPM
2025-07-21 04:00:00+00:00,285.5374617769879,288.6577608735927,285.1253326770995,285.5080261230469,7898100.0,JPM
2025-07-22 04:00:00+00:00,286.0280742772089,288.11809552877634,283.75161723688194,285.9593811035156,6717500.0,JPM
2025-07-23 04:00:00+00:00,287.34290279554006,291.41499440772435,287.0583381931105,291.1893310546875,7083500.0,JPM
2025-07-24 04:00:00+00:00,291.8369396401929,293.96618832212596,290.6398398939318,290.9832458496094,7001200.0,JPM
2025-07-25 04:00:00+00:00,291.1304626389869,293.2891470363467,290.4043332995373,293.014404296875,5918500.0,JPM
2025-07-28 04:00:00+00:00,292.0724293571669,293.8091927274499,291.2482011503524,292.6807861328125,5840400.0,JPM
2025-07-29 04:00:00+00:00,294.36853919701497,295.6343323000827,290.6398830117393,291.464111328125,7635700.0,JPM
2025-07-30 04:00:00+00:00,291.83695632333047,294.9670472888904,291.79769880383014,294.0054626464844,8061700.0,JPM
2025-07-31 04:00:00+00:00,293.5246633224064,295.33011989507037,289.9529777509294,290.6790771484375,14749700.0,JPM
2025-08-01 04:00:00+00:00,284.9487439683445,286.32245784834123,278.9043729516421,283.9380798339844,12007100.0,JPM
2025-08-04 04:00:00+00:00,284.81135364584816,288.79513839592664,284.81135364584816,288.73626708984375,6649500.0,JPM
2025-08-05 04:00:00+00:00,289.1581672885365,290.23752439689997,281.8480045472989,285.9004821777344,7182300.0,JPM
2025-08-06 04:00:00+00:00,286.8130388717205,287.784475314663,284.71322574362773,285.8808898925781,6330200.0,JPM
2025-08-07 04:00:00+00:00,287.44105083933385,287.95127882891904,281.03363056399576,281.5536804199219,8057100.0,JPM
2025-08-08 04:00:00+00:00,283.55537949152693,285.7631432800269,279.365515270513,283.3395080566406,6634100.0,JPM
2025-08-11 04:00:00+00:00,283.9674505696709,285.85142199203483,283.3590938436637,284.12445068359375,5510100.0,JPM
2025-08-12 04:00:00+00:00,286.02808831162713,289.2170807199043,284.88985973561466,287.3527526855469,8570900.0,JPM
2025-08-13 04:00:00+00:00,288.43210834423235,289.0208214451698,281.7695589346143,285.0762939453125,8420400.0,JPM
2025-08-14 04:00:00+00:00,285.1253084483277,288.6773800754172,284.20298138831316,288.63812255859375,6322400.0,JPM
2025-08-15 04:00:00+00:00,289.30539816837313,289.9530125511936,284.37964203474183,285.03704833984375,7340500.0,JPM
2025-08-18 04:00:00+00:00,284.55624732082714,286.42057536605495,282.9960976961236,286.0575256347656,5386900.0,JPM
2025-08-19 04:00:00+00:00,285.3706494849781,286.9897003409671,284.0950645111781,285.203857421875,6031500.0,JPM
2025-08-20 04:00:00+00:00,285.35103146886894,287.82371628155875,281.87747451352897,286.7541809082031,7374200.0,JPM
2025-08-21 04:00:00+00:00,286.45983579537915,287.27424223237057,284.0362003285711,285.9986572265625,6624000.0,JPM
2025-08-22 04:00:00+00:00,287.6961645212777,291.5818204071259,284.6837862966605,290.6790771484375,8552800.0,JPM
2025-08-25 04:00:00+00:00,290.67910031440016,291.76827944217837,288.61854456863614,289.3642578125,5856300.0,JPM
2025-08-26 04:00:00+00:00,288.63814183000835,293.13215460321874,287.99052751038425,292.9653625488281,6714700.0,JPM
2025-08-27 04:00:00+00:00,291.6701254801894,295.41842494390727,291.46407591230917,293.6620178222656,6056500.0,JPM
2025-08-28 04:00:00+00:00,294.38814919051487,295.58524909893663,293.092950392732,295.41845703125,6410500.0,JPM
2025-08-29 04:00:00+00:00,296.37019756170366,297.26311888832026,294.1035626344117,295.7618408203125,6796400.0,JPM
2025-09-02 04:00:00+00:00,294.62364321253557,294.8198709218748,288.9717581566039,294.07415771484375,7221900.0,JPM
2025-09-03 04:00:00+00:00,294.9278255320024,294.9278255320024,290.8164761661132,293.8877258300781,6316900.0,JPM
2025-09-04 04:00:00+00:00,294.36852159403367,298.7153562428407,292.68080753910596,298.1168212890625,6605800.0,JPM
2025-09-05 04:00:00+00:00,297.9499798501053,299.4218223620716,288.78531073562726,288.85400390625,9837700.0,JPM
2025-09-08 04:00:00+00:00,289.3544334283243,290.89493913151904,285.9691837491296,287.4115905761719,8188500.0,JPM
2025-09-09 04:00:00+00:00,287.1074315912692,293.3872872696363,286.8228669749493,292.2588806152344,7848200.0,JPM
2025-09-10 04:00:00+00:00,291.13046319713106,295.8796048140829,289.8548483762926,294.89837646484375,7787300.0,JPM
2025-09-11 04:00:00+00:00,295.5852436958139,299.9909797241969,295.1437088676121,299.82415771484375,7942500.0,JPM
2025-09-12 04:00:00+00:00,299.27465392414524,301.7767742987404,297.9990690164523,301.1488037109375,6846700.0,JPM
2025-09-15 04:00:00+00:00,301.40393449781925,304.13174819496044,301.40393449781925,303.1014404296875,7122000.0,JPM
2025-09-16 04:00:00+00:00,304.18080946841434,305.06390905534744,301.3646887009418,303.3860168457031,10525600.0,JPM
2025-09-17 04:00:00+00:00,304.563492987762,307.03617773944126,302.973877849489,305.89794921875,8657800.0,JPM
2025-09-18 04:00:00+00:00,305.9372178866198,307.556238792954,303.7981171700278,307.3501892089844,8050700.0,JPM
2025-09-19 04:00:00+00:00,307.7132209495945,309.8719053836384,303.31730709863126,308.8710632324219,23568600.0,JPM
2025-09-22 04:00:00+00:00,303.9845245259009,307.8113389670314,303.74903930910966,306.5749816894531,7520200.0,JPM
2025-09-23 04:00:00+00:00,305.9666409066948,310.37234675445063,304.74989735202223,306.8693542480469,8584400.0,JPM
2025-09-24 04:00:00+00:00,308.15476983779797,310.63727651453155,305.81947137817144,307.53662109375,7310500.0,JPM
2025-09-25 04:00:00+00:00,308.22347685107957,309.7247551863121,305.947019653492,307.5660705566406,7083200.0,JPM
2025-09-26 04:00:00+00:00,308.9888161441515,311.8441943720275,307.8113600348933,310.1270446777344,7258100.0,JPM
2025-09-29 04:00:00+00:00,311.10828573544467,312.0404647281687,307.7721150397051,309.7640075683594,6462400.0,JPM
2025-09-30 04:00:00+00:00,310.31346452838187,311.45169300349573,304.28870810842403,309.50885009765625,11823300.0,JPM
2025-10-01 04:00:00+00:00,308.0762552958472,308.6846120600674,301.6393999442405,304.87744140625,9235200.0,JPM
2025-10-02 04:00:00+00:00,304.1808160870063,304.73030161726365,300.39328868596704,301.77679443359375,7600000.0,JPM
2025-10-03 04:00:00+00:00,302.7187488597389,305.80961197949307,302.4243624063698,304.210205078125,6029900.0,JPM
2025-10-06 04:00:00+00:00,305.83713416223014,307.38515966997034,300.857851711314,304.85113525390625,7214500.0,JPM
2025-10-07 04:00:00+00:00,305.01875022701944,305.66951307877287,300.43386159315816,303.3819885253906,8454200.0,JPM
2025-10-08 04:00:00+00:00,303.8946917756213,304.4567183318842,299.2999336047902,299.7732238769531,6489900.0,JPM
2025-10-09 04:00:00+00:00,300.77893750215213,303.7270945284432,299.1422058887319,301.2522277832031,7060300.0,JPM
2025-10-10 04:00:00+00:00,301.3804193716138,306.1230715472904,296.5983188157025,296.6772155761719,8597400.0,JPM
2025-10-13 04:00:00+00:00,301.3212684867699,305.1272097801061,301.17337467050265,303.6580810546875,10788700.0,JPM
2025-10-14 04:00:00+00:00,301.5578902761218,302.70165257420854,290.0907186231138,297.85052490234375,16178800.0,JPM
2025-10-15 04:00:00+00:00,302.1002149225357,307.7499693151439,301.1635039391426,301.4100036621094,11354800.0,JPM
2025-10-16 04:00:00+00:00,301.0747260223031,304.35808863852304,292.9106575300408,294.3600769042969,10549400.0,JPM
2025-10-17 04:00:00+00:00,294.97143359875633,295.3559575215809,290.08088749555986,293.3938293457031,10153500.0,JPM
2025-10-20 04:00:00+00:00,294.32064593592156,299.43798218705626,293.9854099500461,298.1265869140625,6894900.0,JPM
2025-10-21 04:00:00+00:00,297.436411288458,299.7929328501146,292.8416531202475,292.9303894042969,7372700.0,JPM
2025-10-22 04:00:00+00:00,293.6008552074487,293.8868032880077,286.4721030595595,289.9920959472656,8054100.0,JPM
2025-10-23 04:00:00+00:00,290.25837425327126,292.22050252499105,288.41456104050746,290.4161376953125,5438800.0,JPM
2025-10-24 04:00:00+00:00,291.9345495322769,298.3632818043669,291.31339548312707,296.2335205078125,7228300.0,JPM
2025-10-27 04:00:00+00:00,297.92941246883,300.2662249001909,296.7955198233114,299.89154052734375,5642200.0,JPM
2025-10-28 04:00:00+00:00,300.59159530101573,303.6580673748709,298.915415308335,301.0845947265625,6336000.0,JPM
2025-10-29 04:00:00+00:00,299.2605157595805,303.93414060421026,298.7675163425421,301.2325134277344,7520300.0,JPM
2025-10-30 04:00:00+00:00,301.50862332627236,308.233113206998,300.8282816526182,305.1075134277344,7514600.0,JPM
2025-10-31 04:00:00+00:00,304.22008283002725,308.4894444595929,302.9481359332913,306.7639465332031,7721300.0,JPM
2025-11-03 05:00:00+00:00,306.6456604912348,307.9471862719047,301.9227172950412,305.0187683105469,7770000.0,JPM
2025-11-04 05:00:00+00:00,302.415720333495,307.84858401169095,300.82827651560933,304.920166015625,7085200.0,JPM
2025-11-05 05:00:00+00:00,305.27510663609064,308.7162632770978,301.35085025066564,307.3161315917969,6865200.0,JPM
2025-11-06 05:00:00+00:00,306.63579903674446,310.4319009529449,305.9160390722913,309.03179931640625,7206100.0,JPM
2025-11-07 05:00:00+00:00,307.5232049313688,310.0276204199649,303.3327096940284,309.8106994628906,7302300.0,JPM
2025-11-10 05:00:00+00:00,310.5896337890794,315.08578608051664,309.8106862822301,312.45318603515625,5794100.0,JPM
2025-11-11 05:00:00+00:00,313.0546102409576,314.58289630207906,310.86569176259013,311.200927734375,5030200.0,JPM
2025-11-12 05:00:00+00:00,311.83200002815875,317.7381233989844,311.782682032414,315.92388916015625,10578300.0,JPM
2025-11-13 05:00:00+00:00,314.7604311532612,316.14082355780937,304.7722577523736,305.1469421386719,8973300.0,JPM
2025-11-14 05:00:00+00:00,303.20448907001065,303.3326737235763,297.012418045434,299.35906982421875,10327000.0,JPM
2025-11-17 05:00:00+00:00,299.74363974118836,301.31137424610444,293.5022804823602,296.1644592285156,8344000.0,JPM
2025-11-18 05:00:00+00:00,295.3066623130797,298.70837045931603,292.8613742767781,295.2179260253906,8077300.0,JPM
2025-11-19 05:00:00+00:00,295.5432899586994,300.1873662746028,295.0798692888629,299.02386474609375,5546600.0,JPM
2025-11-20 05:00:00+00:00,302.05090502503106,305.58079800315744,293.98544109490615,294.2023620605469,7501600.0,JPM
2025-11-21 05:00:00+00:00,297.07161725529045,297.45614117965755,288.7103357437745,293.8473815917969,11766800.0,JPM
2025-11-24 05:00:00+00:00,294.0642973394352,295.6221924256846,290.386540762355,293.8276672363281,10940200.0,JPM
2025-11-25 05:00:00+00:00,295.84892096661844,300.2366275598507,291.4217960873232,298.75762939453125,8877200.0,JPM
2025-11-26 05:00:00+00:00,300.7296512123902,304.21022597199055,298.95486530692773,303.33270263671875,7910900.0,JPM
2025-11-28 05:00:00+00:00,304.7722465716023,309.3275563846455,303.9242719247256,308.6965026855469,4322400.0,JPM
2025-12-01 05:00:00+00:00,308.5683618849884,309.6430970545817,304.2201032083801,304.59478759765625,7727300.0,JPM
2025-12-02 05:00:00+00:00,304.4172805196406,306.1329390093465,302.7903884074122,303.5693359375,7249000.0,JPM
2025-12-03 05:00:00+00:00,302.89885953876745,307.98658713845214,302.50443592551073,307.75982666015625,8535300.0,JPM
2025-12-04 05:00:00+00:00,308.87405237571005,314.0308078212495,308.61768301012796,311.6742858886719,9627800.0,JPM
2025-12-05 05:00:00+00:00,311.2207252653726,314.02095869272745,310.27414460153136,310.6291198730469,6518900.0,JPM
2025-12-08 05:00:00+00:00,310.64879808375287,312.0390600856641,308.96274846028484,310.79669189453125,7417200.0,JPM
2025-12-09 05:00:00+00:00,310.5403783790639,314.336450228146,295.8193913272319,296.30255126953125,18049200.0,JPM
2025-12-10 05:00:00+00:00,296.292632599085,306.8329619363725,294.2811866679717,305.76806640625,18874100.0,JPM
2025-12-11 05:00:00+00:00,304.9102649889192,313.5476242674454,304.9102649889192,312.9363098144531,9721900.0,JPM
2025-12-12 05:00:00+00:00,315.2041261224818,315.7858618718594,312.16726270211575,314.06036376953125,8982900.0,JPM
2025-12-15 05:00:00+00:00,315.1153648797306,318.3593094805321,313.9321843288561,315.5393371582031,10864100.0,JPM
2025-12-16 05:00:00+00:00,314.62240273148194,315.0463750601788,309.99806522837446,311.1319580078125,8331300.0,JPM
2025-12-17 05:00:00+00:00,313.9716244610726,314.8984658400699,310.2544194174254,310.5699462890625,8718700.0,JPM
2025-12-18 05:00:00+00:00,311.57564186364317,313.2518519730792,307.84856735129125,308.6176452636719,11444900.0,JPM
2025-12-19 05:00:00+00:00,309.39657764946713,314.099781180705,308.8049723403709,312.7686767578125,24494400.0,JPM
2025-12-22 05:00:00+00:00,313.064515200958,318.7044300194866,313.064515200958,318.5663757324219,8354600.0,JPM
2025-12-23 05:00:00+00:00,319.07908304324746,323.1907116116738,318.56637445826755,321.3666076660156,6668300.0,JPM
2025-12-24 05:00:00+00:00,321.6722493328215,325.36974495293686,320.9426198260136,324.5612487792969,4289300.0,JPM
2025-12-26 05:00:00+00:00,324.50208933838474,326.22758744424,321.96809498869885,323.31890869140625,4158300.0,JPM
2025-12-29 05:00:00+00:00,322.4216288798564,323.1808371734579,319.0002116144308,319.2171325683594,8635300.0,JPM
2025-12-30 05:00:00+00:00,320.2623075229155,320.39049219725354,317.97478280166575,318.89178466796875,7904300.0,JPM
2025-12-31 05:00:00+00:00,319.79886991908165,320.3313177342217,317.5310845539587,317.70855712890625,5048500.0,JPM
2026-01-02 05:00:00+00:00,317.9846252281575,321.1694123071354,316.2492576445291,320.92291259765625,8054000.0,JPM
2026-01-05 05:00:00+00:00,320.942628937084,332.5281155423397,320.63697169770103,329.3630676269531,10752600.0,JPM
2026-01-06 05:00:00+00:00,329.44229029813283,332.6612412306879,327.49110960074296,331.41326904296875,7660800.0,JPM
2026-01-07 05:00:00+00:00,327.9764659913386,328.9767963949314,321.4989374679619,323.8660888671875,9815200.0,JPM
2026-01-08 05:00:00+00:00,323.27183137637843,328.2339475379842,322.53888044956136,326.63934326171875,11737100.0,JPM
2026-01-09 05:00:00+00:00,326.1936353875406,328.7291759216584,325.0348299492433,326.0450744628906,6738100.0,JPM
2026-01-12 05:00:00+00:00,318.80490292970194,322.9053354478686,318.1611187929736,321.38995361328125,12805100.0,JPM
2026-01-13 05:00:00+00:00,321.20175473899405,323.7372950994605,307.60294504088824,307.9297790527344,19371200.0,JPM
2026-01-14 05:00:00+00:00,305.2556057077196,308.78159262538577,303.19546018048277,304.9287414550781,25951500.0,JPM
2026-01-15 05:00:00+00:00,305.5230197927318,309.95031666446005,304.8098971346673,306.30548095703125,14751400.0,JPM
2026-01-16 05:00:00+00:00,307.38506061636195,314.17950872864606,307.0383983149945,309.48480224609375,14652500.0,JPM
2026-01-20 05:00:00+00:00,303.2845981841295,308.1774060521912,298.9761500928895,299.8477478027344,12900600.0,JPM
2026-01-21 05:00:00+00:00,300.53118494697816,302.4823658305288,298.2729680555718,299.15447998046875,10270100.0,JPM
2026-01-22 05:00:00+00:00,301.9474777854751,305.2555953909441,300.0062112868251,300.729248046875,10535800.0,JPM
2026-01-23 05:00:00+00:00,299.11481126550876,299.4812715954647,293.6772702297321,294.8757019042969,11107900.0,JPM
2026-01-26 05:00:00+00:00,294.96484861763906,298.8969221500132,294.60830241167326,298.16400146484375,11752700.0,JPM
2026-01-27 05:00:00+00:00,298.45122352878457,299.08512378237486,295.3016109870806,297.44097900390625,11527400.0,JPM
2026-01-28 05:00:00+00:00,297.4013222225187,299.03558292254246,295.2025300603667,297.89654541015625,9556700.0,JPM
2026-01-29 05:00:00+00:00,299.51100066931883,303.898671192008,299.3327275624257,303.49261474609375,11580000.0,JPM
2026-01-30 05:00:00+00:00,302.333781642444,304.98817089860455,299.66947824936375,302.9676818847656,11953200.0,JPM
2026-02-02 05:00:00+00:00,301.5513314360023,306.34508884518107,298.49085539325506,305.1961975097656,9839400.0,JPM
2026-02-03 05:00:00+00:00,306.77099053389486,313.22869052113475,306.14700443281885,311.8420715332031,12688000.0,JPM
2026-02-04 05:00:00+00:00,311.4062598905275,316.25944126204155,311.4062598905275,314.2389221191406,9848800.0,JPM
2026-02-05 05:00:00+00:00,311.99062599899656,312.9909865673853,302.6210112179966,307.1968688964844,9388000.0,JPM
2026-02-06 05:00:00+00:00,311.7034102684662,321.15227836348157,311.7034102684662,319.3199462890625,17797400.0,JPM
2026-02-09 05:00:00+00:00,318.27007812796035,323.2817350541263,317.05181803840316,319.0228271484375,11477500.0,JPM
2026-02-10 05:00:00+00:00,319.4684837021083,323.01429884581904,312.1094739861534,315.2392883300781,9902200.0,JPM
2026-02-11 05:00:00+00:00,320.15191444315514,322.1724337503843,305.78055639607567,307.8505859375,8703500.0,JPM
2026-02-12 05:00:00+00:00,309.29660600764385,310.62380057979817,297.15372325834437,299.74871826171875,13443400.0,JPM
2026-02-13 05:00:00+00:00,295.6680481198895,301.38294318623025,293.6871553220786,299.6595458984375,9114500.0,JPM
2026-02-17 05:00:00+00:00,299.8675549474044,305.29518175186814,299.61002921690664,304.19580078125,8896800.0,JPM
2026-02-18 05:00:00+00:00,305.51309749540866,309.2966101142475,304.2849535938903,305.8300476074219,7209600.0,JPM
2026-02-19 05:00:00+00:00,304.2354576365961,306.226234501648,302.2050242231491,305.1070251464844,6737700.0,JPM
2026-02-20 05:00:00+00:00,305.4536802835111,308.0288471084009,302.75966472033866,307.82086181640625,7792700.0,JPM
2026-02-23 05:00:00+00:00,305.84987743753925,308.028871901531,292.2807780649544,294.82623291015625,12955400.0,JPM
2026-02-24 05:00:00+00:00,293.98432184665864,296.886322684036,288.5962907533433,294.459716796875,13554100.0,JPM
2026-02-25 05:00:00+00:00,295.78692074637365,300.75895068108485,294.1724883145502,300.4023742675781,8095500.0,JPM
2026-02-26 05:00:00+00:00,301.67017313360896,306.05787397622345,300.73918125790124,303.20538330078125,7007800.0,JPM
2026-02-27 05:00:00+00:00,297.13393894248406,300.0557680991628,291.636973162459,297.4310607910156,18620800.0,JPM
2026-03-02 05:00:00+00:00,291.9935267958635,297.11414843979566,290.4088063693875,294.7172546386719,8508900.0,JPM
2026-03-03 05:00:00+00:00,289.4975898716125,299.5011046657454,286.73423592223537,297.3914489746094,10278200.0,JPM
2026-03-04 05:00:00+00:00,297.12402886142485,298.12438947518206,292.99388398032096,296.52978515625,8055700.0,JPM
2026-03-05 05:00:00+00:00,295.1332451958745,298.3620800816865,289.63624924146006,290.74554443359375,12732500.0,JPM
2026-03-06 05:00:00+00:00,283.6044306839189,287.21955415339994,280.99955170429564,286.7144470214844,13496500.0,JPM
2026-03-09 04:00:00+00:00,282.7724816341387,288.31898819476027,277.77073879547015,287.1502685546875,12241100.0,JPM
2026-03-10 04:00:00+00:00,286.52626625452876,289.9532025593205,284.43640849634494,285.97161865234375,8344900.0,JPM
2026-03-11 04:00:00+00:00,286.05084727233185,287.7049062038017,282.1385715612803,284.7731628417969,10205000.0,JPM
2026-03-12 04:00:00+00:00,280.1279843639117,281.16797137675815,276.43363807803536,280.18743896484375,13760500.0,JPM
2026-03-13 04:00:00+00:00,281.9504072447318,284.4463214441296,280.2468381234208,280.7321472167969,9091200.0,JPM
2026-03-16 04:00:00+00:00,283.6044205599556,286.506421278288,281.89093739443587,283.4261474609375,8149000.0,JPM
2026-03-17 04:00:00+00:00,286.23902796907333,288.97266988082987,283.2181783456238,284.1492004394531,8961200.0,JPM
2026-03-18 04:00:00+00:00,284.08971801136914,286.6450865635814,282.3960631878955,284.99102783203125,10057000.0,JPM
2026-03-19 04:00:00+00:00,284.13928904174674,286.7441681021885,281.900870340191,285.2188720703125,9846700.0,JPM
2026-03-20 04:00:00+00:00,285.3277943529036,287.9326733008621,282.5446423017302,283.82232666015625,22436500.0,JPM
2026-03-23 04:00:00+00:00,291.4982779446762,292.9245231806114,285.2188513876401,287.14031982421875,11470800.0,JPM
2026-03-24 04:00:00+00:00,283.4360748065673,292.6571288676103,282.64369950840546,289.6065368652344,11092300.0,JPM
2026-03-25 04:00:00+00:00,291.3398308899875,294.7965097163498,289.6461758443202,292.59771728515625,12188200.0,JPM
2026-03-26 04:00:00+00:00,289.78478993876473,292.1717693530369,287.95248830787267,288.87359619140625,8669200.0,JPM
2026-03-27 04:00:00+00:00,286.3777093696089,287.3384134369941,279.05829538327214,280.13787841796875,9873300.0,JPM
2026-03-30 04:00:00+00:00,282.01972478590784,284.50575515603197,279.6327451103039,281.0589904785156,11734400.0,JPM
2026-03-31 04:00:00+00:00,285.71408872506316,292.25104134220237,282.22772810140145,291.3497314453125,12956900.0,JPM
2026-04-01 04:00:00+00:00,292.567989087923,295.8661624411999,290.1116710297465,292.5580749511719,11267200.0,JPM
2026-04-02 04:00:00+00:00,289.1212191631598,292.7957669317203,285.9616926535428,291.7855224609375,6669300.0,JPM
2026-04-06 04:00:00+00:00,292.7412191857173,295.4987855589938,291.88509063240025,294.125,7142600.0,JPM
2026-04-07 04:00:00+00:00,291.8253790066561,296.8427544058445,291.38734983011653,296.0662536621094,7849100.0,JPM
2026-04-08 04:00:00+00:00,306.5888366699219,309.8640903908154,303.96066179364243,306.5888366699219,10590200.0,JPM
2026-04-09 04:00:00+00:00,305.5734164156603,309.8640846884941,304.73715687535,308.938232421875,6586600.0,JPM
2026-04-10 04:00:00+00:00,308.6097380099313,308.9581744354404,305.344449093958,308.4803161621094,6069700.0,JPM
2026-04-13 04:00:00+00:00,306.0910825316173,312.33295236293975,304.0900871089203,312.2732238769531,8318200.0,JPM
2026-04-14 04:00:00+00:00,308.4305432499699,312.91036189245165,307.4847916064935,309.7247009277344,11455500.0,JPM
2026-04-15 04:00:00+00:00,312.54203541599225,312.8307129741003,302.8954898881459,304.5579833984375,9885800.0,JPM
2026-04-16 04:00:00+00:00,303.98059076810495,308.5599670410156,303.8312695552229,308.5599670410156,8208600.0,JPM
2026-04-17 04:00:00+00:00,311.068653468178,313.4877482505245,308.69932229637936,308.8984375,11082400.0,JPM
2026-04-20 04:00:00+00:00,309.45594165814435,315.70777661938337,308.9780833700189,315.5683898925781,10772000.0,JPM
2026-04-21 04:00:00+00:00,316.0661368489313,318.8038038717339,311.3474041387296,311.5962829589844,7084300.0,JPM
2026-04-22 04:00:00+00:00,313.43799038623484,313.73663281642627,310.5410372905177,311.6161804199219,5545900.0,JPM
2026-04-23 04:00:00+00:00,312.11395497732667,313.57736372602733,307.5047445243564,310.29217529296875,6969700.0,JPM
2026-04-24 04:00:00+00:00,309.7545850384977,309.7545850384977,306.5092257615542,306.8974609375,5215300.0,JPM
2026-04-27 04:00:00+00:00,305.50372444273444,311.1781431330245,305.50372444273444,310.232421875,7925300.0,JPM
2026-04-28 04:00:00+00:00,313.78643555890045,314.03531438457196,309.7745101043047,310.0532531738281,7398600.0,JPM
2026-04-29 04:00:00+00:00,309.1771855961317,310.65052875636707,305.91189671624613,307.86309814453125,8031800.0,JPM
2026-04-30 04:00:00+00:00,305.6928786901284,312.6913497643884,305.1951210592971,311.82525634765625,8865400.0,JPM
2026-05-01 04:00:00+00:00,312.54203812020876,314.6624601726697,310.43152018106696,311.06866455078125,6135400.0,JPM
2026-05-04 04:00:00+00:00,309.22694520939064,309.2568094519629,305.13539207341324,306.270263671875,7338200.0,JPM
2026-05-05 04:00:00+00:00,306.32999740556414,309.5753869306937,305.42407485773,308.0124206542969,6316800.0,JPM
2026-05-06 04:00:00+00:00,310.0532528884956,314.84167905955115,309.95369528217543,313.4877624511719,8629500.0,JPM
2026-05-07 04:00:00+00:00,313.23887676443206,314.8814709002291,304.76706239082745,304.8964538574219,8359600.0,JPM
2026-05-08 04:00:00+00:00,306.86759124184925,307.60426284206056,299.1523476664256,300.74517822265625,9464300.0,JPM
2026-05-11 04:00:00+00:00,300.74515961007836,301.83026757429667,297.5395993270601,298.6545715332031,9512000.0,JPM
2026-05-12 04:00:00+00:00,298.67447538308426,304.6873960201211,294.2245209852311,303.5126953125,9498200.0,JPM
2026-05-13 04:00:00+00:00,300.91440289675086,301.6411400127173,298.72428743531935,298.9034729003906,7709500.0,JPM
2026-05-14 04:00:00+00:00,300.8945046380796,302.38777761395096,297.4699295162906,298.56500244140625,7364300.0,JPM
2026-05-15 04:00:00+00:00,298.86362628854243,299.44104214981957,295.1205095874812,296.4743957519531,8699300.0,JPM
2026-05-18 04:00:00+00:00,296.6635495230975,299.908939014877,295.8870488301784,299.3813171386719,7546300.0,JPM
2026-05-19 04:00:00+00:00,299.7396822358739,300.436555061437,293.935841710235,294.3738708496094,8066900.0,JPM
2026-05-20 04:00:00+00:00,295.3694126574367,301.57145376364997,292.35300240137923,300.625732421875,9327000.0,JPM
2026-05-21 04:00:00+00:00,299.8790926087445,302.6167597554335,298.8636475324957,301.6411437988281,7874400.0,JPM
2026-05-22 04:00:00+00:00,303.31359328873907,306.07119010408854,302.4773640852478,305.0059814453125,5973900.0,JPM
2026-05-26 04:00:00+00:00,307.1065011172144,308.54004556072954,304.0701916446211,305.3643493652344,7725400.0,JPM
2026-05-27 04:00:00+00:00,303.63215366632585,304.52811132231307,294.42363753054383,297.93780517578125,11779200.0,JPM
2026-05-28 04:00:00+00:00,296.23549066837876,299.7197941661088,294.4236455581874,295.3992614746094,9757700.0,JPM
2026-05-29 04:00:00+00:00,295.070728717322,298.53513289689414,293.87612858626386,297.9676818847656,13969000.0,JPM
2026-06-01 04:00:00+00:00,296.3549462063085,298.20659004481905,293.94578586060317,295.2499084472656,7930000.0,JPM
2026-06-02 04:00:00+00:00,295.17027051801705,300.7152977310929,293.9457758280521,299.6102600097656,8296200.0,JPM
2026-06-03 04:00:00+00:00,298.5749714904202,300.60580089187994,295.23002417973413,299.50079345703125,7003900.0,JPM
2026-06-04 04:00:00+00:00,304.36883009196185,311.5066879726736,303.0746723882986,309.4957580566406,10345200.0,JPM
2026-06-05 04:00:00+00:00,312.8805189963161,313.58732636819616,308.211549706599,310.9691162109375,9118800.0,JPM
2026-06-08 04:00:00+00:00,311.84516953437026,314.88147906470095,309.3862455138746,309.7147521972656,6827000.0,JPM
2026-06-09 04:00:00+00:00,312.1040028799189,315.0009559692908,307.62418415256917,311.2976379394531,11594600.0,JPM
2026-06-10 04:00:00+00:00,311.1582462393224,313.3384270822022,307.64407859799763,307.75360107421875,7446200.0,JPM
2026-06-11 04:00:00+00:00,308.1717081621576,313.30857066124145,307.4947650619962,312.0840759277344,9116600.0,JPM
2026-06-12 04:00:00+00:00,314.5529794375797,319.85906276888113,314.1348496322589,319.28167724609375,7426200.0,JPM
2026-06-15 04:00:00+00:00,322.4673390673774,324.4583697274161,317.41010417767774,317.96759033203125,7988900.0,JPM
2026-06-16 04:00:00+00:00,322.8455866314347,330.26218746993305,322.56684357389287,329.6549377441406,11094900.0,JPM
2026-06-17 04:00:00+00:00,330.69024974688585,336.25517637046335,330.01330666560995,331.9645080566406,12246400.0,JPM
2026-06-18 04:00:00+00:00,335.4388795655989,336.57375116590936,322.70623086248213,323.761474609375,20111000.0,JPM
2026-06-22 04:00:00+00:00,328.22139226156105,331.2776010100568,325.28461010223134,329.993408203125,10182500.0,JPM
2026-06-23 04:00:00+00:00,327.9924099173137,333.86594380335947,325.7425357353925,332.6414794921875,7582200.0,JPM
2026-06-24 04:00:00+00:00,331.57628916780243,333.02973300317086,328.291070440402,331.95458984375,7907400.0,JPM
2026-06-25 04:00:00+00:00,333.4577793441399,341.90972446819404,333.2586945227413,333.6170654296875,10043100.0,JPM
2026-06-26 04:00:00+00:00,334.49312290223526,334.8913229247855,326.03124330500606,327.57427978515625,17640900.0,JPM
2026-06-29 04:00:00+00:00,326.80774304304947,330.8993264933345,325.73259994718205,327.91278076171875,7981800.0,JPM
2026-06-30 04:00:00+00:00,327.41503128103255,328.95806779511634,325.2149206632551,325.86199951171875,8080100.0,JPM
2026-07-01 04:00:00+00:00,326.89735842569155,334.13477419390347,323.5524415571975,332.5718078613281,15210200.0,JPM
2026-07-02 04:00:00+00:00,336.5040683580973,338.4751995750331,330.2820977776739,332.9700012207031,8413900.0,JPM
2026-07-06 04:00:00+00:00,335.0,339.7200012207031,334.1099853515625,337.7200012207031,8673500.0,JPM
2026-07-07 04:00:00+00:00,340.9800109863281,341.3999938964844,337.0899963378906,339.2200012207031,7115800.0,JPM
2026-07-08 04:00:00+00:00,336.5299987792969,336.5299987792969,330.1300048828125,330.6199951171875,18505200.0,JPM
2026-07-09 04:00:00+00:00,331.4599914550781,337.0,330.80999755859375,335.4700012207031,15570600.0,JPM
2026-07-10 04:00:00+00:00,337.4700012207031,338.5899963378906,335.7699890136719,336.4700012207031,6299000.0,JPM
2026-07-13 04:00:00+00:00,338.3399963378906,338.3500061035156,332.5,334.5299987792969,7120300.0,JPM
2026-07-14 04:00:00+00:00,327.0,344.7300109863281,325.75,342.8900146484375,14537900.0,JPM
2026-07-15 04:00:00+00:00,345.8500061035156,351.239990234375,344.04998779296875,346.9100036621094,10750000.0,JPM
2026-07-16 04:00:00+00:00,349.2799987792969,349.3399963378906,341.1099853515625,343.1499938964844,12432400.0,JPM
2026-07-17 04:00:00+00:00,339.0299987792969,346.1300048828125,335.04998779296875,341.1000061035156,9250900.0,JPM
2026-07-20 04:00:00+00:00,341.79998779296875,344.260009765625,337.3699951171875,338.8699951171875,7723300.0,JPM
2026-07-21 04:00:00+00:00,340.1199951171875,345.739990234375,337.29998779296875,345.2300109863281,6015300.0,JPM
2026-07-22 04:00:00+00:00,345.07000732421875,349.07000732421875,344.25,348.2099914550781,8040200.0,JPM
2026-07-23 04:00:00+00:00,346.5799865722656,349.9200134277344,345.4200134277344,349.8999938964844,10913000.0,JPM
2026-07-24 04:00:00+00:00,350.6400146484375,353.3699951171875,347.5,353.2099914550781,7520800.0,JPM
2026-07-27 04:00:00+00:00,357.8900146484375,359.04998779296875,352.5799865722656,356.20001220703125,7884900.0,JPM
2026-07-28 04:00:00+00:00,357.29998779296875,359.29998779296875,354.1499938964844,357.30999755859375,6533800.0,JPM
2026-07-29 04:00:00+00:00,356.5,357.3699951171875,343.7799987792969,344.7099914550781,8265300.0,JPM
2026-07-30 04:00:00+00:00,347.5400085449219,352.2799987792969,345.3699951171875,350.8500061035156,7606500.0,JPM
2026-07-31 04:00:00+00:00,353.29998779296875,354.4700012207031,349.70001220703125,351.7900085449219,6603400.0,JPM
2026-08-03 04:00:00+00:00,353.75,355.6199951171875,350.8399963378906,352.6400146484375,6436600.0,JPM
2026-08-04 04:00:00+00:00,355.0,363.0,353.8699951171875,357.5199890136719,8477200.0,JPM
2026-08-05 04:00:00+00:00,358.9700012207031,362.1700134277344,358.20001220703125,359.239990234375,5269500.0,JPM
2026-08-06 04:00:00+00:00,362.80999755859375,362.80999755859375,354.95001220703125,356.29998779296875,5820100.0,JPM
2026-08-07 04:00:00+00:00,355.760009765625,358.8500061035156,353.3299865722656,357.5199890136719,4566200.0,JPM
2026-08-10 04:00:00+00:00,357.9599914550781,359.989990234375,356.5,359.7900085449219,5327500.0,JPM
2026-08-11 04:00:00+00:00,360.04998779296875,363.1199951171875,358.6000061035156,362.0400085449219,4576500.0,JPM
2026-08-12 04:00:00+00:00,362.9700012207031,366.0899963378906,361.29998779296875,365.17999267578125,4366800.0,JPM
2026-08-13 04:00:00+00:00,366.5,366.5,361.5199890136719,363.1099853515625,5102700.0,JPM
2026-08-14 04:00:00+00:00,363.0,365.8999938964844,361.45001220703125,362.8399963378906,5058600.0,JPM
2026-08-17 04:00:00+00:00,361.94000244140625,365.75,360.9599914550781,360.9599914550781,5282600.0,JPM
2026-08-18 04:00:00+00:00,362.3399963378906,363.57000732421875,359.2699890136719,363.25,5525100.0,JPM
2026-08-19 04:00:00+00:00,363.010009765625,363.04998779296875,355.6499938964844,357.260009765625,6696200.0,JPM
2026-08-20 04:00:00+00:00,357.6000061035156,357.95001220703125,351.54998779296875,351.54998779296875,6799700.0,JPM
2026-08-21 04:00:00+00:00,354.07000732421875,356.8599853515625,350.3699951171875,351.5799865722656,8112100.0,JPM
2026-08-24 04:00:00+00:00,353.29998779296875,358.2799987792969,352.82000732421875,356.3900146484375,4394400.0,JPM
2026-08-25 04:00:00+00:00,357.0,357.3699951171875,353.07000732421875,356.69000244140625,4298000.0,JPM
2026-08-26 04:00:00+00:00,356.5,358.3500061035156,354.6000061035156,356.5,5796500.0,JPM
2026-08-27 04:00:00+00:00,354.67999267578125,357.57000732421875,352.2300109863281,354.2200012207031,5209900.0,JPM
2026-08-28 04:00:00+00:00,355.6700134277344,358.7300109863281,354.2200012207031,357.6199951171875,3914500.0,JPM
2026-08-31 04:00:00+00:00,355.8999938964844,357.7699890136719,354.7699890136719,356.0199890136719,7962900.0,JPM
2026-09-01 04:00:00+00:00,355.7300109863281,359.92999267578125,354.1199951171875,354.95001220703125,5079000.0,JPM
2026-09-02 04:00:00+00:00,357.54998779296875,361.4700012207031,353.7900085449219,356.2200012207031,5341400.0,JPM
2026-09-03 04:00:00+00:00,358.67999267578125,362.8500061035156,356.3900146484375,362.05999755859375,5414200.0,JPM
2026-09-04 04:00:00+00:00,361.0,362.8599853515625,355.20001220703125,358.6400146484375,4873500.0,JPM
