datetime,open,high,low,close,volume,symbol
2021-09-07 04:00:00+00:00,372.60791241783016,379.62626663292235,369.9016665912914,378.8530578613281,10793800.0,META
2021-09-08 04:00:00+00:00,376.85065315181134,377.5544640235521,371.5274046568623,374.283203125,11067200.0,META
2021-09-09 04:00:00+00:00,374.3526210127369,376.5235290146142,373.29192820798465,374.70947265625,9098900.0,META
2021-09-10 04:00:00+00:00,378.0401728089301,380.4490421796912,374.9671831109393,375.3934326171875,11549600.0,META
2021-09-13 04:00:00+00:00,378.357399146683,378.42679704445317,371.09122143634556,373.232421875,13026300.0,META
2021-09-14 04:00:00+00:00,374.114680002249,375.2943233243702,371.84460626658046,373.25225830078125,8711600.0,META
2021-09-15 04:00:00+00:00,373.7182143463136,374.2733371251888,364.46944532333697,370.6650390625,17940300.0,META
2021-09-16 04:00:00+00:00,369.54486124813184,370.30814748622225,366.4916557919265,369.8125,11934200.0,META
2021-09-17 04:00:00+00:00,368.17683971497365,368.17683971497365,358.4423166085418,361.5450744628906,26299000.0,META
2021-09-20 04:00:00+00:00,356.17224460756535,357.88719567110746,346.7549430803481,352.6036071777344,19822800.0,META
2021-09-21 04:00:00+00:00,355.3792435144386,356.90584622489916,352.09805961371984,354.3681335449219,11751900.0,META
2021-09-22 04:00:00+00:00,344.20731461578043,346.7945796004399,337.7242379588481,340.2222900390625,43692900.0,META
2021-09-23 04:00:00+00:00,342.3535812862905,346.6260900015658,340.0141399174007,342.9483642578125,21806300.0,META
2021-09-24 04:00:00+00:00,340.25197417903337,351.26527373674,339.3895526530712,349.8873596191406,18801900.0,META
2021-09-27 04:00:00+00:00,346.76487371815995,352.05838496337213,344.05862769451767,350.5020446777344,15205800.0,META
2021-09-28 04:00:00+00:00,344.94085556790003,346.5566709453313,335.9696496557969,337.6845703125,21710300.0,META
2021-09-29 04:00:00+00:00,340.1628485218163,342.2247589133075,335.93003006958673,336.6536560058594,14452200.0,META
2021-09-30 04:00:00+00:00,337.4863475250749,339.8158662468685,335.2063511936451,336.4355773925781,16547100.0,META
2021-10-01 04:00:00+00:00,338.6362412870357,342.0165605763661,335.69212443224353,340.0240783691406,14905300.0,META
2021-10-04 04:00:00+00:00,332.6091669200423,333.0156014474601,319.8908670335288,323.39013671875,42885000.0,META
2021-10-05 04:00:00+00:00,325.71961705579815,332.262168484536,323.32070069147386,330.0614929199219,35377900.0,META
2021-10-06 04:00:00+00:00,326.8695521281811,331.4691747245333,322.96384802328623,330.7356262207031,26443000.0,META
2021-10-07 04:00:00+00:00,334.066337031341,335.89031577540686,326.11616387754583,326.35406494140625,28307500.0,META
2021-10-08 04:00:00+00:00,328.6241616109095,330.4976931247865,325.84851791179705,327.1768493652344,15946100.0,META
2021-10-11 04:00:00+00:00,324.77795902146374,327.58331033025894,322.4781475498492,322.616943359375,14708200.0,META
2021-10-12 04:00:00+00:00,320.21792864671414,321.5561825542825,314.6071969633952,320.95147705078125,31658700.0,META
2021-10-13 04:00:00+00:00,324.1236830099349,324.15342064578897,319.8512045646959,321.71484375,14761500.0,META
2021-10-14 04:00:00+00:00,325.5015715404052,327.6427721065974,324.25256056573227,325.67010498046875,14302200.0,META
2021-10-15 04:00:00+00:00,325.81875031443235,326.20536978683685,319.7024786640568,321.9328918457031,21596400.0,META
2021-10-18 04:00:00+00:00,326.08650848182344,332.9660983313268,324.64911860402873,332.4208679199219,21585000.0,META
2021-10-19 04:00:00+00:00,336.69335881990446,339.4788954996637,334.3439943837731,337.0303955078125,18786300.0,META
2021-10-20 04:00:00+00:00,340.4602472700604,340.9856323597062,336.4950676495125,337.8134765625,13639500.0,META
2021-10-21 04:00:00+00:00,337.3178222799958,339.33014968660194,334.8594000743426,338.9039001464844,16354400.0,META
2021-10-22 04:00:00+00:00,323.5090838339694,326.7605297669298,318.31467819269096,321.7842102050781,35224500.0,META
2021-10-25 04:00:00+00:00,317.51172656834376,326.6911265083267,316.9367888694215,325.8287048339844,38409000.0,META
2021-10-26 04:00:00+00:00,325.4024544129807,327.3354612031208,306.9048890368602,313.0608215332031,65654000.0,META
2021-10-27 04:00:00+00:00,311.4549579442683,316.4709078935472,309.3434948931129,309.5021057128906,29971800.0,META
2021-10-28 04:00:00+00:00,310.2653818889196,322.68630580861134,305.42785792385024,314.16119384765625,50806800.0,META
2021-10-29 04:00:00+00:00,317.4027143186417,323.1621352287927,316.81785396180146,320.7532958984375,37059400.0,META
2021-11-01 04:00:00+00:00,323.20180896504496,330.5473080610597,323.16214869712104,327.1075134277344,31518900.0,META
2021-11-02 04:00:00+00:00,328.4952901589308,331.875609206315,320.9812583023062,325.2239990234375,28353000.0,META
2021-11-03 04:00:00+00:00,324.6391323495334,329.25856986128804,320.38649933440297,328.7331848144531,20786500.0,META
2021-11-04 04:00:00+00:00,331.10238230164373,334.33398274391686,329.7542056570082,332.9263610839844,22495300.0,META
2021-11-05 04:00:00+00:00,337.34756183736033,343.77116361985196,336.6834112016594,338.1604309082031,26872800.0,META
2021-11-08 05:00:00+00:00,341.4217692170789,341.7885434537286,335.3946798762904,335.6722412109375,18342500.0,META
2021-11-09 05:00:00+00:00,337.04026169208083,338.33885557432916,331.55840217522467,332.4505615234375,17556700.0,META
2021-11-10 05:00:00+00:00,329.59562832992003,330.2895468537602,322.67640935822544,324.7878723144531,21872600.0,META
2021-11-11 05:00:00+00:00,326.94890382100857,329.5659067272054,324.15344483445233,324.8869934082031,12376600.0,META
2021-11-12 05:00:00+00:00,327.30572624640484,338.88404283160503,326.9092143568686,337.9225158691406,25414300.0,META
2021-11-15 05:00:00+00:00,341.3424835453799,350.57143667963453,340.2124230860424,344.5344543457031,25076600.0,META
2021-11-16 05:00:00+00:00,340.8368784244507,343.6323370262524,337.9026542813804,339.9744567871094,18181100.0,META
2021-11-17 05:00:00+00:00,341.2432912688201,344.276650749972,337.13934678040295,337.8034973144531,13602800.0,META
2021-11-18 05:00:00+00:00,336.7627012277553,339.4788395456353,332.3811645032816,335.7416687011719,17487200.0,META
2021-11-19 05:00:00+00:00,339.2211383258241,349.0349521165506,336.94114182774706,342.29412841796875,26488500.0,META
2021-11-22 05:00:00+00:00,346.011493601287,350.74988229883314,337.5458564263731,338.04150390625,27116800.0,META
2021-11-23 05:00:00+00:00,335.9796078452375,338.4281077108217,330.5968832435919,334.3142395019531,17225000.0,META
2021-11-24 05:00:00+00:00,333.07505413009153,338.8047368868956,329.91282128531026,338.09100341796875,13566200.0,META
2021-11-26 05:00:00+00:00,332.8768168926907,334.8098540575957,329.0107728148004,330.22015380859375,14750700.0,META
2021-11-29 05:00:00+00:00,333.9574027568273,337.70449682275057,332.39113964218365,335.08746337890625,16650900.0,META
2021-11-30 05:00:00+00:00,332.08375357003285,332.88669992716825,320.61446562657216,321.635498046875,25390000.0,META
2021-12-01 05:00:00+00:00,327.414776755562,327.62294019861577,307.5888802231193,307.89617919921875,30329600.0,META
2021-12-02 05:00:00+00:00,308.6892060123132,311.8613615896398,304.52578585047945,307.6880187988281,24396200.0,META
2021-12-03 05:00:00+00:00,310.9989509816925,311.0187659884353,296.89281406704816,304.1689147949219,27471000.0,META
2021-12-06 05:00:00+00:00,305.44764345541665,317.3134423295404,303.673217456172,315.10284423828125,21758300.0,META
2021-12-07 05:00:00+00:00,318.7706820353999,323.6974184932654,318.20563672841274,319.9998779296875,18794000.0,META
2021-12-08 05:00:00+00:00,322.17086695735424,329.85340301556806,320.2576749155764,327.6824645996094,19937700.0,META
2021-12-09 05:00:00+00:00,326.67129120994196,333.20392019867387,325.1446887738211,326.9488525390625,16879200.0,META
2021-12-10 05:00:00+00:00,329.6649914939151,332.1134908245347,323.5288743506199,326.87945556640625,14528000.0,META
2021-12-13 05:00:00+00:00,328.0690544396318,338.120768847072,326.72087766442525,331.5782165527344,22948700.0,META
2021-12-14 05:00:00+00:00,325.19427696326966,332.7777070826221,324.7977650571663,330.8347473144531,20461000.0,META
2021-12-15 05:00:00+00:00,329.5956636242752,339.1319166479426,321.15976377745073,338.68585205078125,24681300.0,META
2021-12-16 05:00:00+00:00,336.02911882514184,341.46139491344286,330.8347135539258,331.984619140625,22635000.0,META
2021-12-17 05:00:00+00:00,329.90293584106695,334.17541450753987,327.87079336466917,330.88433837890625,40012600.0,META
2021-12-20 05:00:00+00:00,326.90923704607127,327.02818759599614,319.722348886216,322.616943359375,17901800.0,META
2021-12-21 05:00:00+00:00,323.5685458479466,333.0750595421487,320.9316979963412,331.2907409667969,16116800.0,META
2021-12-22 05:00:00+00:00,330.8942391431612,331.59808033252256,325.402486952431,327.57342529296875,16764600.0,META
2021-12-23 05:00:00+00:00,327.2263857409903,333.7391991649372,325.5015123957975,332.3216247558594,13987700.0,META
2021-12-27 05:00:00+00:00,335.90026495348917,344.841733582663,335.06758091224634,343.16644287109375,17795000.0,META
2021-12-28 05:00:00+00:00,343.61255025505903,349.6396098349676,342.19500583233264,343.20611572265625,16637600.0,META
2021-12-29 05:00:00+00:00,343.8900925578149,346.64589097074906,338.6659797027257,339.95465087890625,10747000.0,META
2021-12-30 05:00:00+00:00,341.00545303663915,344.20734652415706,340.23224420785385,341.3623046875,10593300.0,META
2021-12-31 05:00:00+00:00,340.0340095168431,340.45036673933066,333.3427680797524,333.4220886230469,12870500.0,META
2022-01-03 05:00:00+00:00,335.3550557110125,338.1108543487535,334.2547328826255,335.5929870605469,14537900.0,META
2022-01-04 05:00:00+00:00,336.9907364863114,340.10338695496097,328.9810562034639,333.6004943847656,15998000.0,META
2022-01-05 05:00:00+00:00,330.1210192265055,332.8371878445383,321.0209392355223,321.34808349609375,20564500.0,META
2022-01-06 05:00:00+00:00,320.0098205355799,336.2174978797131,319.9106849971609,329.5658874511719,27962800.0,META
2022-01-07 05:00:00+00:00,329.8433841639045,334.06630920719516,326.01700119657414,328.90167236328125,14722000.0,META
2022-01-10 05:00:00+00:00,322.4781278394008,325.4817500490974,312.68412980194535,325.214111328125,24942400.0,META
2022-01-11 05:00:00+00:00,323.93530481633513,331.7169748373019,322.448362656351,331.459228515625,16226800.0,META
2022-01-12 05:00:00+00:00,332.26224771249537,333.4418911715471,327.1570845609265,330.3589782714844,14104900.0,META
2022-01-13 05:00:00+00:00,332.06397662403594,332.7083122589069,322.92423643234406,323.6379699707031,14797100.0,META
2022-01-14 05:00:00+00:00,318.98876615498534,329.8335338228713,318.4137982227158,329.0107421875,16868500.0,META
2022-01-18 05:00:00+00:00,320.4757328930127,321.38770724912837,314.8749228247817,315.3804626464844,22645600.0,META
2022-01-19 05:00:00+00:00,316.7980302506369,324.25258771682417,316.55020651044543,316.8079528808594,20814700.0,META
2022-01-20 05:00:00+00:00,321.08042246053043,324.96631190525255,313.2293835392829,313.8043212890625,16925000.0,META
2022-01-21 05:00:00+00:00,312.06954052686575,315.5390726265912,300.4020106136228,300.5308837890625,28710700.0,META
2022-01-24 05:00:00+00:00,295.24730262476083,306.83554373052056,286.4941809831775,306.0226745605469,38878100.0,META
2022-01-25 05:00:00+00:00,297.33892957316243,303.56426059087903,294.9895351520155,297.53717041015625,25108500.0,META
2022-01-26 05:00:00+00:00,304.3374833497139,304.83313084274204,288.3181527448159,292.06524658203125,28348800.0,META
2022-01-27 05:00:00+00:00,295.1580159546106,299.08353474916333,291.69840690917283,292.0751037597656,21629900.0,META
2022-01-28 05:00:00+00:00,293.046605096765,299.27193610509295,290.47915483437316,299.0835876464844,21871600.0,META
2022-01-31 05:00:00+00:00,298.0625144426168,311.0584050556387,296.71436802993236,310.53302001953125,21579500.0,META
2022-02-01 05:00:00+00:00,311.821701482423,316.8773112011151,309.40293966017686,316.2230529785156,18023800.0,META
2022-02-02 05:00:00+00:00,324.96628079773285,325.1447066079721,314.1115902294131,320.188232421875,58458300.0,META
2022-02-03 05:00:00+00:00,242.5202671599868,245.84111079571545,233.697749476169,235.69024658203125,188119900.0,META
2022-02-04 05:00:00+00:00,232.92456740840566,240.49805995464288,228.1068735160375,235.02610778808594,89342200.0,META
2022-02-07 05:00:00+00:00,235.6307879297406,236.22557090302277,222.05995871878767,222.95213317871094,88613800.0,META
2022-02-08 05:00:00+00:00,218.92748656351395,223.8046556975706,214.26838839341522,218.2633056640625,94729700.0,META
2022-02-09 05:00:00+00:00,222.24831952087897,231.33849218278192,220.27565229753864,229.9804229736328,86563300.0,META
2022-02-10 05:00:00+00:00,226.28288119030293,232.9542913411008,224.72654100471263,226.08462524414062,49310400.0,META
2022-02-11 05:00:00+00:00,226.47121907896008,228.4141484371467,216.86556994435307,217.63877868652344,46156900.0,META
2022-02-14 05:00:00+00:00,217.40091729303128,219.07620836539115,212.91035187914798,215.804931640625,38184000.0,META
2022-02-15 05:00:00+00:00,218.5508020127306,219.2248753280657,213.187892625062,219.07618713378906,42685500.0,META
2022-02-16 05:00:00+00:00,210.56094601163443,215.56698810761435,210.51137824316746,214.6549835205078,45817500.0,META
2022-02-17 05:00:00+00:00,212.15693913832794,215.60664116164554,205.35665550630617,205.90187072753906,38747500.0,META
2022-02-18 05:00:00+00:00,207.56723467799455,208.91539632217007,203.39387657053754,204.3653564453125,37128400.0,META
2022-02-22 05:00:00+00:00,200.57860830625324,205.67386353473034,198.31845712325313,200.3208770751953,39852400.0,META
2022-02-23 05:00:00+00:00,202.38277377288952,205.13857243054682,196.32596122833482,196.72247314453125,44481400.0,META
2022-02-24 05:00:00+00:00,189.3968049752726,206.53630261082083,188.56412087278997,205.79283142089844,49957200.0,META
2022-02-25 05:00:00+00:00,203.15599850164332,209.4804654040174,201.41130963149257,208.64776611328125,37627600.0,META
2022-02-28 05:00:00+00:00,205.87207361379868,211.29445676908992,205.0294822042844,209.1929168701172,34239800.0,META
2022-03-01 05:00:00+00:00,208.0430640988383,209.90670342528273,200.45966386254756,201.71861267089844,27094900.0,META
2022-03-02 05:00:00+00:00,202.99737173398083,207.32932567756626,200.26140321055217,206.2983856201172,29452100.0,META
2022-03-03 05:00:00+00:00,207.20047782231057,207.25995310005763,199.66663003782656,201.20314025878906,27263500.0,META
2022-03-04 05:00:00+00:00,200.60835511137336,204.09771758664783,197.05951735897975,198.31846618652344,32130900.0,META
2022-03-07 05:00:00+00:00,199.04209884176245,199.14123438340457,185.64971001813566,185.8380584716797,38560600.0,META
2022-03-08 05:00:00+00:00,186.2147523045471,194.9877030604823,184.48989373978588,188.6334991455078,37508100.0,META
2022-03-09 05:00:00+00:00,194.03608031442005,197.36683197473633,192.2319162323501,196.7720489501953,31894700.0,META
2022-03-10 05:00:00+00:00,193.1438917592487,194.57135881377323,189.40672093356542,193.51068115234375,24853000.0,META
2022-03-11 05:00:00+00:00,190.96306497278132,191.8750545422777,185.04503271256127,185.9768524169922,34694500.0,META
2022-03-14 04:00:00+00:00,185.40188300136523,190.61608870370827,184.20242464895531,185.00537109375,31010500.0,META
2022-03-15 04:00:00+00:00,189.1390642063968,190.60617637861344,184.29163289751435,190.3583526611328,31721700.0,META
2022-03-16 04:00:00+00:00,193.0051051808488,201.95649650852528,192.8266793674669,201.8573760986328,40640300.0,META
2022-03-17 04:00:00+00:00,199.9441958450524,206.2290024321611,199.35933543297546,206.03074645996094,29499700.0,META
2022-03-18 04:00:00+00:00,204.9006526960362,214.91273723110518,204.2067492915965,214.60543823242188,52128000.0,META
2022-03-21 04:00:00+00:00,212.632763871021,212.84094246310048,205.82257249783686,209.6489715576172,30142300.0,META
2022-03-22 04:00:00+00:00,209.52995746453237,217.54954314319068,208.3503143425637,214.7639923095703,31998800.0,META
2022-03-23 04:00:00+00:00,211.47294871851972,214.9127433273441,210.3131354683512,211.60182189941406,23717300.0,META
2022-03-24 04:00:00+00:00,213.12840537772053,218.74904569512475,212.9202267914641,217.65863037109375,31502300.0,META
2022-03-25 04:00:00+00:00,218.59042908411953,223.53699599289988,216.98453621485453,219.8890380859375,40039000.0,META
2022-03-28 04:00:00+00:00,220.19633368710993,222.08969538769563,217.6288684853834,221.64361572265625,26224100.0,META
2022-03-29 04:00:00+00:00,224.10205341388328,228.88008713930483,223.32882944801673,227.8590545654297,31417900.0,META
2022-03-30 04:00:00+00:00,226.9173167936126,229.1378076655561,224.73647106182824,225.86654663085938,25588000.0,META
2022-03-31 04:00:00+00:00,226.46131389627396,226.50097416228894,220.3251961259612,220.42433166503906,24192300.0,META
2022-04-01 04:00:00+00:00,222.59526293695754,225.30149365853208,220.7613614029989,222.8926544189453,19544800.0,META
2022-04-04 04:00:00+00:00,224.01282676690582,232.3099757174328,223.89387621416836,231.85397338867188,28054800.0,META
2022-04-05 04:00:00+00:00,232.04231390079502,234.7981125352081,229.00895390219355,229.82180786132812,29727200.0,META
2022-04-06 04:00:00+00:00,224.9347306089512,226.99662582724713,219.4826086293868,221.3561553955078,28995100.0,META
2022-04-07 04:00:00+00:00,221.9806658434369,223.55683627381228,216.6574169233372,221.0092010498047,21037200.0,META
2022-04-08 04:00:00+00:00,220.4441295298614,223.17019006991123,218.11458083616316,220.39456176757812,18375700.0,META
2022-04-11 04:00:00+00:00,216.51864376614157,218.68958215288694,213.3465029132089,214.57571411132812,20516600.0,META
2022-04-12 04:00:00+00:00,218.32281493800306,220.0972263219547,211.2747069251695,212.27590942382812,20128800.0,META
2022-04-13 04:00:00+00:00,209.97609668254103,214.72439268188097,209.49035672762682,213.11849975585938,19231800.0,META
2022-04-14 04:00:00+00:00,213.01934713942245,213.11848267360907,208.1719159864897,208.350341796875,18379500.0,META
2022-04-18 04:00:00+00:00,208.1719251462913,211.52250668657197,206.48672687267987,208.9352264404297,16580800.0,META
2022-04-19 04:00:00+00:00,208.687388784282,216.5285192787811,207.18061642952617,215.41827392578125,20089900.0,META
2022-04-20 04:00:00+00:00,211.75053825847243,212.2957535663735,197.1884114147009,198.67535400390625,43036500.0,META
2022-04-21 04:00:00+00:00,199.8450490008672,201.20311811315037,183.96450117399772,186.43283081054688,49954100.0,META
2022-04-22 04:00:00+00:00,188.71280973536275,191.04235885583572,181.67462485450002,182.50730895996094,36426800.0,META
2022-04-25 04:00:00+00:00,181.13931758710004,185.55057698247137,180.0786398818122,185.36224365234375,29281100.0,META
2022-04-26 04:00:00+00:00,185.00538003576446,185.56050278364089,177.93744225250256,179.37481689453125,31747400.0,META
2022-04-27 04:00:00+00:00,172.91155490901065,179.6325479655742,167.52883108777505,173.42703247070312,71062900.0,META
2022-04-28 04:00:00+00:00,201.1535357326842,206.71470007536863,191.22075776279664,203.93907165527344,100890600.0,META
2022-04-29 04:00:00+00:00,202.68015601451035,210.6303299905901,198.15983869617668,198.72488403320312,49193400.0,META
2022-05-02 04:00:00+00:00,199.41876597102583,210.03553955486385,199.2403401738651,209.2920684814453,49915300.0,META
2022-05-03 04:00:00+00:00,208.61798702460686,213.02924584651242,206.27853069841137,210.18423461914062,41556300.0,META
2022-05-04 04:00:00+00:00,208.81626224243902,222.34744654800306,205.15839680914934,221.46519470214844,41375900.0,META
2022-05-05 04:00:00+00:00,216.83585515286595,218.2533996208579,204.36536330702657,206.46690368652344,41129200.0,META
2022-05-06 04:00:00+00:00,205.53508504215011,207.55733514909008,199.27010901448142,201.9961700439453,34747200.0,META
2022-05-09 04:00:00+00:00,198.10035838901905,200.80660420921586,193.8774477905192,194.50196838378906,36303200.0,META
2022-05-10 04:00:00+00:00,197.77323719295447,201.19321664925386,192.49955626673494,195.92942810058594,34452500.0,META
2022-05-11 04:00:00+00:00,194.6209563366654,198.92317316496624,186.6311207624033,187.09703063964844,31153400.0,META
2022-05-12 04:00:00+00:00,185.43163548920708,196.32597270309722,183.17148415767517,189.57525634765625,38262200.0,META
2022-05-13 04:00:00+00:00,190.90357657872764,198.14993998847334,189.61489016381347,196.8909912109375,24549800.0,META
2022-05-16 04:00:00+00:00,195.33466762129902,203.58223351596016,194.22440702177838,198.2986297607422,27112600.0,META
2022-05-17 04:00:00+00:00,200.36052319724772,203.67145970606575,196.63325976558357,200.85617065429688,24872700.0,META
2022-05-18 04:00:00+00:00,198.25898682246762,199.25028175657994,189.96185306425463,190.56654357910156,23960000.0,META
2022-05-19 04:00:00+00:00,189.5356039733506,193.5899969572623,187.94954102383508,189.62481689453125,24446900.0,META
2022-05-20 04:00:00+00:00,193.2727689309171,196.1871783731729,186.23456905164684,191.85520935058594,31465600.0,META
2022-05-23 04:00:00+00:00,193.4908647116595,195.27519865608267,189.57525266409456,194.5218048095703,25059200.0,META
2022-05-24 04:00:00+00:00,178.97826339191744,182.08100555682256,174.57691244765323,179.701904296875,50406300.0,META
2022-05-25 04:00:00+00:00,178.8295721112959,183.8356137712795,177.75898706063882,182.22972106933594,28030200.0,META
2022-05-26 04:00:00+00:00,181.2880223555462,191.15140392285537,180.67340921086296,189.96185302734375,23056500.0,META
2022-05-27 04:00:00+00:00,189.69418020410123,193.62962190857738,188.14776268187097,193.43136596679688,22562700.0,META
2022-05-31 04:00:00+00:00,193.19344898292155,195.87986462999697,190.3385150297135,191.95433044433594,26131100.0,META
2022-06-01 04:00:00+00:00,194.79934956020318,197.79306430443702,183.38955104588305,186.99786376953125,36623500.0,META
2022-06-02 04:00:00+00:00,186.80950815490593,199.19078605787604,186.09577466544653,197.12889099121094,31951600.0,META
2022-06-03 04:00:00+00:00,194.2739780991515,194.89849875163702,188.12795249655804,189.11924743652344,19465000.0,META
2022-06-06 04:00:00+00:00,192.30130502364528,195.2057918492942,186.75995498137883,192.5590362548828,30574200.0,META
2022-06-07 04:00:00+00:00,190.2592201932253,194.81918271881858,189.8230631492287,193.94683837890625,18828700.0,META
2022-06-08 04:00:00+00:00,192.97537055202793,200.27130140118285,192.7176393311409,194.92822265625,22267200.0,META
2022-06-09 04:00:00+00:00,192.5887643538881,197.713756969315,182.0810327786021,182.39825439453125,23501600.0,META
2022-06-10 04:00:00+00:00,181.44659972815228,181.50609012398724,173.49642605155532,174.04164123535156,27450800.0,META
2022-06-13 04:00:00+00:00,169.1049918602242,171.0776741390652,162.60209979408089,162.83009338378906,31749300.0,META
2022-06-14 04:00:00+00:00,164.58468395588787,165.29841746325724,159.9553387871744,162.30470275878906,27244300.0,META
2022-06-15 04:00:00+00:00,165.74448533100573,170.6613141290513,162.55251490737075,167.8757781982422,30008300.0,META
2022-06-16 04:00:00+00:00,162.29481651488845,163.64297830252244,158.22059351244727,159.46961975097656,26944100.0,META
2022-06-17 04:00:00+00:00,160.27254091529267,164.45580630957073,158.5080373272939,162.3146209716797,31374200.0,META
2022-06-21 04:00:00+00:00,164.48556555136005,166.29963714436744,154.61227621435427,155.68287658691406,50724900.0,META
2022-06-22 04:00:00+00:00,157.00129154437553,159.39030076437285,154.08688211001586,154.49331665039062,47267800.0,META
2022-06-23 04:00:00+00:00,154.90965026115896,158.3593520998016,152.90723043126386,157.36805725097656,40499200.0,META
2022-06-24 04:00:00+00:00,160.32210319661192,168.7679390977407,159.89585369459297,168.67872619628906,68736000.0,META
2022-06-27 04:00:00+00:00,169.82862813839694,170.25487763124974,166.54742972686054,168.01455688476562,29174600.0,META
2022-06-28 04:00:00+00:00,168.42097363647179,169.8087953757403,159.21185197352423,159.28123474121094,27744500.0,META
2022-06-29 04:00:00+00:00,162.1461041676376,164.88207247948387,158.92439593906067,162.51287841796875,28595200.0,META
2022-06-30 04:00:00+00:00,160.7384575527912,163.79164757572488,157.11032981455412,159.84629821777344,35250600.0,META
2022-07-01 04:00:00+00:00,158.9144784682679,159.2217774583534,153.6507051194892,158.6369171142578,31423900.0,META
2022-07-05 04:00:00+00:00,156.76337437522923,166.7853663869358,155.65312893111812,166.72589111328125,28618600.0,META
2022-07-06 04:00:00+00:00,166.7358044722956,170.09629368542892,164.0196660402876,168.29214477539062,23085900.0,META
2022-07-07 04:00:00+00:00,167.9749321123274,171.21647094718156,166.3194713031898,170.6910858154297,24083400.0,META
2022-07-08 04:00:00+00:00,168.50029685970665,170.89922861706972,166.686225442263,169.39247131347656,19249200.0,META
2022-07-11 04:00:00+00:00,165.61560902799786,166.0319509774271,160.50052486194204,161.4620819091797,21885600.0,META
2022-07-12 04:00:00+00:00,163.36541977086938,164.4657578309303,160.68892628384486,161.84873962402344,16639700.0,META
2022-07-13 04:00:00+00:00,158.76577431384956,163.5438072493945,158.22055916405765,162.06678771972656,16555100.0,META
2022-07-14 04:00:00+00:00,159.81658243814633,161.1746517591242,155.91087768553626,156.67417907714844,23765200.0,META
2022-07-15 04:00:00+00:00,159.14247548359506,163.54382722913314,158.42875707644262,163.26626586914062,23342800.0,META
2022-07-18 04:00:00+00:00,165.29841367168555,170.19541257482624,164.198075800227,165.77423095703125,23574300.0,META
2022-07-19 04:00:00+00:00,168.88689304820255,174.95362761088478,168.0343789009671,174.2498016357422,25933700.0,META
2022-07-20 04:00:00+00:00,175.9449279721321,182.00174009691054,175.16179657187416,181.4961700439453,24784300.0,META
2022-07-21 04:00:00+00:00,179.05760283598016,182.24957362777684,177.31291412933265,181.5754852294922,27195800.0,META
2022-07-22 04:00:00+00:00,171.5634172107559,174.0713921211751,166.94397930324826,167.79649353027344,42583900.0,META
2022-07-25 04:00:00+00:00,167.52882872010937,169.08516888643103,163.37530090151066,165.19927978515625,26166300.0,META
2022-07-26 04:00:00+00:00,164.49547276575285,164.55494803766118,156.57502132751043,157.7645721435547,28468400.0,META
2022-07-27 04:00:00+00:00,161.17461888480676,169.38253866879188,160.60958871085882,168.10377502441406,43846600.0,META
2022-07-28 04:00:00+00:00,159.6579594985726,160.1040391932578,153.50202643480458,159.3209228515625,73214300.0,META
2022-07-29 04:00:00+00:00,156.3172973966075,158.74596691052585,153.81922997825376,157.71502685546875,42065400.0,META
2022-08-01 04:00:00+00:00,155.88111777957656,163.7520014408737,153.87869791368956,158.53778076171875,40596700.0,META
2022-08-02 04:00:00+00:00,156.93192313631215,160.8277207020017,156.63453158438764,158.79556274414062,27374500.0,META
2022-08-03 04:00:00+00:00,161.27373982543764,168.06409955695793,160.16349458341602,167.33055114746094,31721900.0,META
2022-08-04 04:00:00+00:00,166.83493095275554,170.65140715656858,165.34798863611059,169.08517456054688,23938200.0,META
2022-08-05 04:00:00+00:00,165.53635339832977,170.11613134467288,164.3567099573721,165.65530395507812,25832700.0,META
2022-08-08 04:00:00+00:00,166.5375309746696,175.96473933628346,165.67510931528614,168.7679443359375,27299100.0,META
2022-08-09 04:00:00+00:00,167.47925398956878,168.05420679058827,165.14972027742735,167.0629119873047,18655100.0,META
2022-08-10 04:00:00+00:00,174.457972463635,178.90887631170045,172.43572265712888,176.78750610351562,30262100.0,META
2022-08-11 04:00:00+00:00,178.14562229024335,181.50611156891782,174.83468565834784,175.9449462890625,24079100.0,META
2022-08-12 04:00:00+00:00,179.23602518954743,179.8803759384062,177.35257096418084,178.92872619628906,21274000.0,META
2022-08-15 04:00:00+00:00,177.4021310965874,179.86053806278343,176.64873733810558,179.31532287597656,15878700.0,META
2022-08-16 04:00:00+00:00,177.8779619475911,179.41447209085894,175.49884507628477,177.90769958496094,21156700.0,META
2022-08-17 04:00:00+00:00,175.2212730535076,176.5892647931606,172.65382301032733,173.32791137695312,20118100.0,META
2022-08-18 04:00:00+00:00,172.82235051275006,174.22998746603588,170.36394337785367,173.1395721435547,18844500.0,META
2022-08-19 04:00:00+00:00,168.71838513218586,170.81994055822395,165.59581231831734,166.49789428710938,26240800.0,META
2022-08-22 04:00:00+00:00,164.04940786700593,164.04940786700593,160.84751426544375,161.63064575195312,19499700.0,META
2022-08-23 04:00:00+00:00,161.0656040719676,163.61323943034614,159.30110021811734,159.70753479003906,18111800.0,META
2022-08-24 04:00:00+00:00,159.20195810249263,164.0196516525699,158.37918156631125,161.8387908935547,20891500.0,META
2022-08-25 04:00:00+00:00,163.742077693332,167.40988077562878,162.5921871516085,167.3107452392578,15550500.0,META
2022-08-26 04:00:00+00:00,167.01337758513512,169.4321398084809,160.26266104638015,160.3717041015625,24023600.0,META
2022-08-29 04:00:00+00:00,159.26145882808834,161.63065328045607,157.62581299739847,157.784423828125,20052700.0,META
2022-08-30 04:00:00+00:00,158.95414916201582,160.25274310903546,154.5527972225878,155.7919158935547,19567900.0,META
2022-08-31 04:00:00+00:00,165.61564843587365,166.3789346284713,160.72855664749912,161.5116729736328,40953000.0,META
2022-09-01 04:00:00+00:00,162.15601334520824,165.9031066673711,158.95413521562654,163.92051696777344,30145700.0,META
2022-09-02 04:00:00+00:00,165.99234635137884,166.46816372077225,157.8339926567037,158.92442321777344,22634200.0,META
2022-09-06 04:00:00+00:00,158.70631429044778,160.2824694990789,156.31729003024532,157.15988159179688,19339800.0,META
2022-09-07 04:00:00+00:00,156.38669423335267,159.55885034383166,155.4449670056623,158.99380493164062,16831200.0,META
2022-09-08 04:00:00+00:00,157.32840249210523,160.81774925591185,156.36684533746566,160.64923095703125,22530800.0,META
2022-09-09 04:00:00+00:00,161.82887235875899,168.06410985118802,161.60087879529817,167.67750549316406,22086800.0,META
2022-09-12 04:00:00+00:00,165.93282625440304,169.8980052223089,165.82378322774733,167.48916625976562,23220400.0,META
2022-09-13 04:00:00+00:00,160.13379201067593,160.22302005883935,151.34100996124553,151.79701232910156,44444100.0,META
2022-09-14 04:00:00+00:00,151.995252646758,152.20341611044483,147.75251157835422,150.1514434814453,43064200.0,META
2022-09-15 04:00:00+00:00,148.49599269308936,152.8576846035777,147.40556215248668,148.2481689453125,34606300.0,META
2022-09-16 04:00:00+00:00,146.7612139852357,147.28659907579265,143.03393545484252,145.0165252685547,40122800.0,META
2022-09-19 04:00:00+00:00,143.97569218103433,147.28661387232108,143.83691148517087,146.7314910888672,22169500.0,META
2022-09-20 04:00:00+00:00,144.51096882445577,147.54432878807003,143.9558461024819,144.81826782226562,23217400.0,META
2022-09-21 04:00:00+00:00,145.1156455422139,148.297708513864,140.76386196399903,140.8828125,38338600.0,META
2022-09-22 04:00:00+00:00,140.3178028899763,143.32142537181252,139.64371445995508,141.57675170898438,34418500.0,META
2022-09-23 04:00:00+00:00,140.1889006084037,141.37845127369607,137.68092612104357,139.1876983642578,31710700.0,META
2022-09-26 04:00:00+00:00,138.9002166711742,141.00177184409586,135.0044355321183,135.182861328125,30497000.0,META
2022-09-27 04:00:00+00:00,136.71940412750206,138.20634662252763,132.9524801149117,133.23004150390625,30826500.0,META
2022-09-28 04:00:00+00:00,133.44810215073147,140.79360030483306,133.10115804366748,140.37725830078125,32658500.0,META
2022-09-29 04:00:00+00:00,138.14686655208894,138.6226838987271,134.02307587866284,135.22254943847656,38985400.0,META
2022-09-30 04:00:00+00:00,134.86566021029577,139.76265892956278,134.32044504653885,134.49887084960938,33166400.0,META
2022-10-03 04:00:00+00:00,135.9461615943145,138.4045683423802,134.91522170833778,137.4033660888672,27723100.0,META
2022-10-04 04:00:00+00:00,139.26700117923596,141.1504551039004,138.12700317139624,139.05882263183594,34670700.0,META
2022-10-05 04:00:00+00:00,137.03662351437458,138.98947583553354,133.60673622730505,137.77017211914062,27979300.0,META
2022-10-06 04:00:00+00:00,136.52112097055306,140.21864633669762,135.41087563563656,137.859375,36231100.0,META
2022-10-07 04:00:00+00:00,135.5694675770126,137.08614736813666,131.28708202735578,132.2882843017578,33214800.0,META
2022-10-10 04:00:00+00:00,132.3874193707211,134.92513155816465,130.72203629398763,132.6253204345703,24024000.0,META
2022-10-11 04:00:00+00:00,130.47421015288506,131.50516516340699,125.88451818312103,127.4210205078125,38481400.0,META
2022-10-12 04:00:00+00:00,127.20296764266038,128.5412066696093,125.15097995832855,126.39009857177734,34605200.0,META
2022-10-13 04:00:00+00:00,122.45463039771789,129.9983835044587,121.46333571943897,129.15577697753906,34325700.0,META
2022-10-14 04:00:00+00:00,129.8596280507722,130.6427443431372,125.41862370269885,125.65653991699219,23559400.0,META
2022-10-17 04:00:00+00:00,129.16573549889992,133.61664016062548,129.04676981879663,132.8731689453125,29612200.0,META
2022-10-18 04:00:00+00:00,135.89663092212427,136.64010218854972,130.2561598273559,131.64398193359375,25445000.0,META
2022-10-19 04:00:00+00:00,131.73319951691272,135.80742280613526,131.06903364385218,132.0702362060547,30691000.0,META
2022-10-20 04:00:00+00:00,131.77280107717593,135.57938433260037,130.16690845636006,130.38499450683594,26356300.0,META
2022-10-21 04:00:00+00:00,125.21046185736593,128.98729317086242,124.348040097076,128.8782501220703,46348600.0,META
2022-10-24 04:00:00+00:00,126.14228991228431,132.3180535839191,123.48561898528632,128.59078979492188,63563400.0,META
2022-10-25 04:00:00+00:00,129.74068278951964,137.1456569846256,129.45319879479754,136.31295776367188,38433200.0,META
2022-10-26 04:00:00+00:00,130.53368940019047,134.3700104853309,127.41111689285002,128.6898956298828,82791500.0,META
2022-10-27 04:00:00+00:00,97.12708556812662,101.60773555462907,95.54100754810898,97.08743286132812,232316600.0,META
2022-10-28 04:00:00+00:00,98.71313790398267,99.97207897105858,96.66115797247939,98.33644104003906,95928300.0,META
2022-10-31 04:00:00+00:00,97.36499502368316,98.45541799892014,91.79391446317196,92.34904479980469,121361400.0,META
2022-11-01 04:00:00+00:00,93.50884752374887,96.64133540102044,92.73563873008625,94.37126922607422,110189600.0,META
2022-11-02 04:00:00+00:00,93.38988111321918,94.37126083616003,89.69235578753322,89.7518310546875,71821100.0,META
2022-11-03 04:00:00+00:00,89.2958298485177,89.67251911799346,87.64036948761363,88.13601684570312,60664000.0,META
2022-11-04 04:00:00+00:00,89.56347694841955,90.59442437063615,87.32314875085312,89.99964904785156,55638100.0,META
2022-11-07 05:00:00+00:00,93.95491464571712,96.03663209595285,92.28953917293279,95.8780288696289,81987300.0,META
2022-11-08 05:00:00+00:00,95.08500329540075,96.94864251443767,93.96484280107093,95.63021850585938,52088300.0,META
2022-11-09 05:00:00+00:00,100.83452417856167,103.98684244254157,99.86305179354484,100.58670043945312,107677300.0,META
2022-11-10 05:00:00+00:00,106.18751313338271,111.76850073569403,103.69936079981403,110.89616394042969,80671000.0,META
2022-11-11 05:00:00+00:00,108.27915436886865,113.89979510985843,107.86280472795862,112.0361557006836,59961700.0,META
2022-11-14 05:00:00+00:00,110.02382205922324,115.25785807460645,109.83548116552747,113.2257080078125,53395000.0,META
2022-11-15 05:00:00+00:00,115.05960389234444,117.70635957873935,113.41405821741367,116.0608139038086,50670500.0,META
2022-11-16 05:00:00+00:00,113.50325719818159,115.06950483314925,111.67927835465922,112.24431610107422,33287800.0,META
2022-11-17 05:00:00+00:00,109.44886503222872,111.35214927717924,108.84417458519039,110.47980499267578,35093800.0,META
2022-11-18 05:00:00+00:00,112.80936635172509,113.32483638895054,109.65704816363142,111.07460021972656,33357700.0,META
2022-11-21 05:00:00+00:00,110.54919382748199,111.39180046593846,108.23948266921633,108.90364837646484,24351100.0,META
2022-11-22 05:00:00+00:00,108.90364681747944,110.64832777485412,107.37705192514898,110.46989440917969,29029000.0,META
2022-11-23 05:00:00+00:00,110.74746942359464,111.68919657028627,109.7660895726345,111.262939453125,21343100.0,META
2022-11-25 05:00:00+00:00,110.33111962036043,111.74867155568367,110.05355070998553,110.4401626586914,12007600.0,META
2022-11-28 05:00:00+00:00,109.81564330754605,111.06467694794803,107.4365341325355,107.83305358886719,23309400.0,META
2022-11-29 05:00:00+00:00,108.5864541570239,109.97426865619343,107.59515916661431,108.50714874267578,23899200.0,META
2022-11-30 05:00:00+00:00,108.55669594886484,117.13139750383256,108.42782278422197,117.07191467285156,43348600.0,META
2022-12-01 05:00:00+00:00,118.16234470998532,120.14493443708561,117.36931335693296,119.39155578613281,36551400.0,META
2022-12-02 05:00:00+00:00,116.80427590530408,122.96021611715648,116.58618982465244,122.41500091552734,39950500.0,META
2022-12-05 05:00:00+00:00,120.69014650269564,123.58472561396967,120.29362705497797,121.36422729492188,35474900.0,META
2022-12-06 05:00:00+00:00,118.86617779381996,119.50060593921687,112.74988237378976,113.12657928466797,43689200.0,META
2022-12-07 05:00:00+00:00,112.7697064797689,114.87124676294755,111.89736215424148,112.93822479248047,29461100.0,META
2022-12-08 05:00:00+00:00,115.37681234494076,116.31853947098587,113.59247850687862,114.32604217529297,30619400.0,META
2022-12-09 05:00:00+00:00,114.29630732414842,116.51680582776,112.8787552857445,114.89108276367188,26033400.0,META
2022-12-12 05:00:00+00:00,114.17734320872192,114.71264334504619,112.15510077026792,113.71143341064453,24747100.0,META
2022-12-13 05:00:00+00:00,121.06683980846766,122.22666055478824,117.6072228281434,119.10408020019531,44701100.0,META
2022-12-14 05:00:00+00:00,118.35069422268502,123.05934486705796,118.35069422268502,120.53153991699219,36922000.0,META
2022-12-15 05:00:00+00:00,117.2999316503039,117.59731559346363,113.01753782717437,115.13890838623047,34531000.0,META
2022-12-16 05:00:00+00:00,119.1833816073748,122.23656395816606,117.78565225665622,118.39034271240234,67064000.0,META
2022-12-19 05:00:00+00:00,115.81297794533405,116.77453514998675,113.33474084591141,113.48343658447266,29769900.0,META
2022-12-20 05:00:00+00:00,112.27406311760701,116.30863308058215,111.48102416799355,116.07071685791016,28742500.0,META
2022-12-21 05:00:00+00:00,115.68410100799696,119.29241350219432,114.61350836378021,118.71746826171875,20392800.0,META
2022-12-22 05:00:00+00:00,116.17974644378964,117.5873907944349,113.38429543656028,116.10044860839844,23618100.0,META
2022-12-23 05:00:00+00:00,115.0199538001518,117.15123949159809,114.53422138400184,117.01245880126953,17796600.0,META
2022-12-27 05:00:00+00:00,116.9034038330725,117.56756957808179,115.03977220793341,115.86254119873047,21392300.0,META
2022-12-28 05:00:00+00:00,115.23802314751119,117.1214848233782,114.50446709629242,114.61351013183594,19612500.0,META
2022-12-29 05:00:00+00:00,115.38672820613152,119.97642088372568,114.76220757701917,119.21312713623047,22366200.0,META
2022-12-30 05:00:00+00:00,117.13141139747924,119.37173247171707,116.71506178314314,119.29242706298828,19583800.0,META
2023-01-03 05:00:00+00:00,121.75083704158786,125.26993689605494,121.21553689802785,123.65412139892578,35528500.0,META
2023-01-04 05:00:00+00:00,126.27114560210994,127.92661388492843,124.75446556758857,126.26123809814453,32397100.0,META
2023-01-05 05:00:00+00:00,125.0320070283355,127.40120849436228,123.45585196908546,125.8349609375,25447100.0,META
2023-01-06 05:00:00+00:00,127.84729051950087,129.19545204150296,124.9427964767583,128.88815307617188,27584500.0,META
2023-01-09 05:00:00+00:00,130.01823194659175,131.79264301521917,128.15459284862445,128.3429412841797,26649100.0,META
2023-01-10 05:00:00+00:00,126.16209066362623,132.27838555996667,126.04314012341165,131.83230590820312,28684400.0,META
2023-01-11 05:00:00+00:00,129.81999282847258,132.6848346183648,129.20537967608695,131.73318481445312,25423000.0,META
2023-01-12 05:00:00+00:00,132.27840442063882,136.4814854510704,130.61302099038483,135.5199432373047,30757700.0,META
2023-01-13 05:00:00+00:00,133.79506989412366,136.19400166584558,133.66619672063948,135.78756713867188,22423800.0,META
2023-01-17 05:00:00+00:00,134.99452505190794,135.55957037535876,133.08133325697926,134.18167114257812,21147600.0,META
2023-01-18 05:00:00+00:00,134.6277512663834,136.05521827168238,131.6439592108342,131.86204528808594,20215500.0,META
2023-01-19 05:00:00+00:00,131.3366700442586,136.25348440118418,130.98971077016242,134.9647979736328,28625200.0,META
2023-01-20 05:00:00+00:00,134.70703694097787,138.72178352390978,133.43818092786725,138.15673828125,28688600.0,META
2023-01-23 05:00:00+00:00,138.07744764888903,142.5085366667069,137.4529422032484,142.02281188964844,27470100.0,META
2023-01-24 05:00:00+00:00,140.45656173163377,143.73774507844354,140.1294326346161,141.89393615722656,21970200.0,META
2023-01-25 05:00:00+00:00,139.99064242213555,141.92366411273167,139.088560591205,140.26820373535156,26622000.0,META
2023-01-26 05:00:00+00:00,143.14298160387807,146.22590943609623,142.05256625826522,146.0177459716797,25482100.0,META
2023-01-27 05:00:00+00:00,146.94955074370452,151.85645711696716,146.10694408954603,150.41908264160156,35771900.0,META
2023-01-30 05:00:00+00:00,148.1093645810106,149.80447027435721,145.67077263719494,145.77981567382812,28040100.0,META
2023-01-31 05:00:00+00:00,146.66209263533804,148.57529985619328,146.23584304460633,147.6732177734375,29842100.0,META
2023-02-01 05:00:00+00:00,146.74139116044864,152.24308119270972,145.77983384283002,151.78707885742188,55661000.0,META
2023-02-02 05:00:00+00:00,181.78364585873078,195.4436870373218,178.59167538221652,187.12672424316406,150475700.0,META
2023-02-03 05:00:00+00:00,181.87288980447352,195.05711596317784,181.29793690534038,184.90625,76809700.0,META
2023-02-06 05:00:00+00:00,184.90623267945966,189.03993051222616,183.90503029642124,184.44032287597656,42483800.0,META
2023-02-07 05:00:00+00:00,183.9645347075933,192.09315098253194,182.79479869890352,189.9519500732422,47080700.0,META
2023-02-08 05:00:00+00:00,188.34602056954392,189.16879710609436,181.32765125110058,181.8332061767578,36139100.0,META
2023-02-09 05:00:00+00:00,184.50972301839462,185.02518547134846,175.72684967356224,176.37118530273438,37118800.0,META
2023-02-10 05:00:00+00:00,174.81486359032888,177.33274600863183,171.84097885758246,172.63400268554688,33433600.0,META
2023-02-13 05:00:00+00:00,176.66858359767645,179.42438229242248,174.2894818165588,177.8680419921875,31463200.0,META
2023-02-14 05:00:00+00:00,175.6177761377305,179.9298990920029,174.3489201068407,177.91757202148438,24034600.0,META
2023-02-15 05:00:00+00:00,174.88421902803222,176.63881498131627,173.80371137428614,175.61778259277344,25308900.0,META
2023-02-16 05:00:00+00:00,171.2461875370984,174.3192076619539,170.29453781345282,170.9388885498047,25827500.0,META
2023-02-17 05:00:00+00:00,168.73819804103596,171.67242210850705,168.22272052206372,171.3750457763672,24171300.0,META
2023-02-21 05:00:00+00:00,172.7926146811642,176.61901366845885,170.3837752916554,170.58203125,34592600.0,META
2023-02-22 05:00:00+00:00,169.58083370599772,171.25610945926005,168.2128418399416,169.63038635253906,22433200.0,META
2023-02-23 05:00:00+00:00,170.50269800483608,172.1779885623624,167.9055105848363,170.54234313964844,20017800.0,META
2023-02-24 05:00:00+00:00,167.17197219726032,169.2338674150604,166.20050742549483,168.90673828125,19791300.0,META
2023-02-27 05:00:00+00:00,170.3837588103686,171.61295470878045,167.5883001524476,168.06411743164062,19277000.0,META
2023-02-28 05:00:00+00:00,170.40358459714915,176.00440977021506,170.37384696069057,173.41712951660156,46051100.0,META
2023-03-01 05:00:00+00:00,173.070183159276,176.3018144043206,171.54359557874108,171.91036987304688,30998400.0,META
2023-03-02 05:00:00+00:00,170.87943351305253,173.48652902510946,169.9376911811716,173.01071166992188,17352000.0,META
2023-03-03 05:00:00+00:00,177.36247652852418,184.99544401107892,175.50875995980698,183.6373748779297,45877700.0,META
2023-03-06 05:00:00+00:00,186.36344076544492,188.00899392583824,183.03268930417306,183.29042053222656,33209400.0,META
2023-03-07 05:00:00+00:00,187.35471231628523,188.7028738141815,182.40814594788083,182.90379333496094,36701500.0,META
2023-03-08 05:00:00+00:00,181.2780921799188,183.64728636833115,179.76141220423,183.3598175048828,19432400.0,META
2023-03-09 05:00:00+00:00,184.72782130910593,187.28534898762197,178.73048379335697,180.10838317871094,26582800.0,META
2023-03-10 05:00:00+00:00,179.4342996541124,183.16157847551509,177.24354620945363,177.94735717773438,25665000.0,META
2023-03-13 04:00:00+00:00,176.4108618038768,182.18019073857934,173.29819616275796,179.32525634765625,24728000.0,META
2023-03-14 04:00:00+00:00,185.94709789585886,192.62843092188572,184.93597286944848,192.33103942871094,41642600.0,META
2023-03-15 04:00:00+00:00,191.2703459570102,196.05830208974152,189.1787131345453,196.028564453125,42123600.0,META
2023-03-16 04:00:00+00:00,196.5341514679955,203.96886435435718,194.38304302132366,203.14608764648438,50447100.0,META
2023-03-17 04:00:00+00:00,198.81410277601756,200.14243431213578,193.72875509737597,193.90719604492188,50141100.0,META
2023-03-20 04:00:00+00:00,196.75220898573428,197.62455334455456,191.95434526414255,196.08804321289062,25186300.0,META
2023-03-21 04:00:00+00:00,201.4311170239478,201.77807628307767,196.22681889275694,200.40017700195312,31827000.0,META
2023-03-22 04:00:00+00:00,200.7372186543796,205.56482001084692,197.93185225263778,198.0706329345703,28477800.0,META
2023-03-23 04:00:00+00:00,201.07425714388052,206.07039199137296,200.39026123164382,202.50172424316406,27389700.0,META
2023-03-24 04:00:00+00:00,203.39385255851317,205.7729690693424,201.77805237772068,204.2166290283203,27716400.0,META
2023-03-27 04:00:00+00:00,203.02710138580258,204.06796403208844,199.6071370845429,201.07424926757812,18527200.0,META
2023-03-28 04:00:00+00:00,198.40767458850203,199.28001896896532,196.17726099151233,198.9330596923828,19127300.0,META
2023-03-29 04:00:00+00:00,201.78798215208548,203.9291827103764,200.7768571452326,203.56240844726562,18851100.0,META
2023-03-30 04:00:00+00:00,201.60957928864843,206.27857020670143,201.05445651610344,206.03074645996094,22608300.0,META
2023-03-31 04:00:00+00:00,205.4359340744729,210.3230100418726,204.97002432137518,210.0950164794922,25440300.0,META
2023-04-03 04:00:00+00:00,207.02200671999375,211.63153671171784,206.3875786397987,211.21519470214844,17924600.0,META
2023-04-04 04:00:00+00:00,211.53240612071065,214.35760247602127,210.6897994530681,212.850830078125,21026400.0,META
2023-04-05 04:00:00+00:00,212.2857781628593,213.31673323896115,208.11243547048335,209.63902282714844,19396600.0,META
2023-04-06 04:00:00+00:00,207.42846519605177,215.0515256680938,206.83368218453202,214.21884155273438,26104400.0,META
2023-04-10 04:00:00+00:00,212.84090906340407,213.78263608007165,208.82616217554968,212.88055419921875,16106100.0,META
2023-04-11 04:00:00+00:00,213.60420359135924,214.13951126472867,211.55223117933252,211.9884033203125,16710100.0,META
2023-04-12 04:00:00+00:00,212.96976895391873,214.95235853299292,210.7294481749098,212.1370849609375,18972200.0,META
2023-04-13 04:00:00+00:00,213.85203129059846,219.224847500562,213.81238615247736,218.43182373046875,23310400.0,META
2023-04-14 04:00:00+00:00,215.983314832495,220.17648758119475,215.6561857349428,219.5618896484375,21591200.0,META
2023-04-17 04:00:00+00:00,217.87668514416077,219.056328418045,215.23985237860873,216.9547882080078,15481900.0,META
2023-04-18 04:00:00+00:00,217.99562944471987,218.52101444573728,214.32784193963252,215.9932098388672,12281000.0,META
2023-04-19 04:00:00+00:00,211.61172796314864,215.43812696265397,211.07642023535394,213.8223114013672,15898100.0,META
2023-04-20 04:00:00+00:00,211.62161408289757,214.86315238178037,210.91780323075358,211.21519470214844,16475400.0,META
2023-04-21 04:00:00+00:00,208.38008043860845,211.55222068017963,207.75555989265803,211.0367431640625,17717200.0,META
2023-04-24 04:00:00+00:00,211.81985854910266,212.05777473852407,208.87572700703544,210.93760681152344,15750900.0,META
2023-04-25 04:00:00+00:00,208.98477861278425,209.42093562235263,205.32689835234027,205.7432403564453,19198200.0,META
2023-04-26 04:00:00+00:00,210.65016871382687,212.24615412653236,207.06168597416203,207.5771484375,41992700.0,META
2023-04-27 04:00:00+00:00,237.80174624937138,239.5860801943098,234.7089108287852,236.4833221435547,71196500.0,META
2023-04-28 04:00:00+00:00,236.92938780573903,238.3370247438833,233.69777188796778,238.22799682617188,39554000.0,META
2023-05-01 04:00:00+00:00,236.54277763553986,241.87594888989452,234.4015922066699,241.06307983398438,29143900.0,META
2023-05-02 04:00:00+00:00,241.06309907149617,242.78795773263934,236.90958593006684,237.15740966796875,24350100.0,META
2023-05-03 04:00:00+00:00,237.38539100541473,239.6455421682171,230.72388806474677,234.9666290283203,34463900.0,META
2023-05-04 04:00:00+00:00,234.00506493525833,236.12643535513135,230.9023071473006,231.4871826171875,17889400.0,META
2023-05-05 04:00:00+00:00,230.2183085405626,232.6370551335535,227.84911458653457,230.75360107421875,27000500.0,META
2023-05-08 04:00:00+00:00,229.40546301604877,233.56889855403585,228.26547993603842,231.23936462402344,16400500.0,META
2023-05-09 04:00:00+00:00,229.44513909049456,233.82666101755078,229.0684421637561,231.3385009765625,16865600.0,META
2023-05-10 04:00:00+00:00,234.1141076501327,234.6890604898904,228.71155363342422,231.05101013183594,19119000.0,META
2023-05-11 04:00:00+00:00,231.02127322703902,236.13635840303854,230.2778020721307,233.73741149902344,20449000.0,META
2023-05-12 04:00:00+00:00,234.67914467629853,234.8972307500688,229.43518652876685,231.77464294433594,16161400.0,META
2023-05-15 04:00:00+00:00,234.85757102043314,238.16849214653735,233.28141585947415,236.7806854248047,20653200.0,META
2023-05-16 04:00:00+00:00,233.73740578256724,237.55389700147478,233.46976706403657,236.7410430908203,18163800.0,META
2023-05-17 04:00:00+00:00,236.37426476658152,241.71734364737938,236.06696576918233,240.3791046142578,21193100.0,META
2023-05-18 04:00:00+00:00,239.1994518791044,244.9390424423486,239.09040883985995,244.70114135742188,22943300.0,META
2023-05-19 04:00:00+00:00,245.31574994768903,246.52513093495048,241.29109507655596,243.50167846679688,21733600.0,META
2023-05-22 04:00:00+00:00,243.27366885675846,251.36263833291363,242.9861848843443,246.15834045410156,27738500.0,META
2023-05-23 04:00:00+00:00,244.66145430005568,249.41967211499235,244.50284351016774,244.59207153320312,17748100.0,META
2023-05-24 04:00:00+00:00,243.14482191294246,247.41730068840283,242.81769276730455,247.04061889648438,17724300.0,META
2023-05-25 04:00:00+00:00,251.19410627565514,253.3947820293933,247.00093333989307,250.49029541015625,22371400.0,META
2023-05-26 04:00:00+00:00,250.72825822568853,260.0266109498383,250.51018722318975,259.75897216796875,25727200.0,META
2023-05-30 04:00:00+00:00,262.940956499197,266.31135290723864,259.0154374005094,260.2347106933594,23816500.0,META
2023-05-31 04:00:00+00:00,257.7366752187053,262.6931497421419,256.2001802172078,262.41558837890625,25473700.0,META
2023-06-01 04:00:00+00:00,263.58532716339073,271.6148224918179,263.57543478497155,270.2369079589844,25609500.0,META
2023-06-02 04:00:00+00:00,270.28649085876737,272.95307675520934,268.7598881304285,270.2369079589844,19416900.0,META
2023-06-05 04:00:00+00:00,267.9469888352594,273.1711321141078,267.2134403187121,269.02752685546875,20742900.0,META
2023-06-06 04:00:00+00:00,267.7884075776989,274.1624262569552,267.3423127906372,268.7598571777344,19419000.0,META
2023-06-07 04:00:00+00:00,269.30505361291546,271.8625807149981,260.51224391346034,261.3052978515625,26163600.0,META
2023-06-08 04:00:00+00:00,258.35118487124004,265.31998445800264,256.626342007541,262.2767028808594,20899400.0,META
2023-06-09 04:00:00+00:00,260.19511592437004,265.61750064760685,259.4219070539598,262.64361572265625,16949800.0,META
2023-06-12 04:00:00+00:00,264.8442916334225,269.3844093055368,263.0202822587517,268.69049072265625,15442500.0,META
2023-06-13 04:00:00+00:00,272.48716809809827,273.3198522484866,266.74756171115075,268.9581604003906,16164000.0,META
2023-06-14 04:00:00+00:00,269.5232072981204,272.5961975421648,265.98427695032746,270.9704895019531,19175100.0,META
2023-06-15 04:00:00+00:00,269.9295786141267,281.5178179621432,269.05726454784934,279.3766174316406,25973500.0,META
2023-06-16 04:00:00+00:00,282.2712193553558,285.3442395585109,277.6914418131458,278.5538635253906,43127700.0,META
2023-06-20 04:00:00+00:00,276.3036313019316,282.3207681995998,273.81547148594564,281.8548583984375,20701600.0,META
2023-06-21 04:00:00+00:00,281.06182497496616,281.52773476017416,275.93681733767835,279.18829345703125,20556200.0,META
2023-06-22 04:00:00+00:00,276.6505869881599,282.7768128958016,275.37183825791345,282.4001159667969,17563100.0,META
2023-06-23 04:00:00+00:00,279.059492475702,287.14846409857233,276.5217794471848,286.2166442871094,51092000.0,META
2023-06-26 04:00:00+00:00,286.18685639120184,287.26736422711815,275.183476694736,276.0458984375,24232700.0,META
2023-06-27 04:00:00+00:00,279.555073656432,286.8311743118034,278.2068969133884,284.5511779785156,26108300.0,META
2023-06-28 04:00:00+00:00,282.3406087612761,287.02941407913994,281.5872149884615,282.8065185546875,16722100.0,META
2023-06-29 04:00:00+00:00,282.0234012362909,284.0753889556589,278.2465700581659,279.0792541503906,15395700.0,META
2023-06-30 04:00:00+00:00,282.2811357109331,286.53376890451335,281.9440990867374,284.4818115234375,19694900.0,META
2023-07-03 04:00:00+00:00,284.2042242885285,286.88070203171793,282.37032290313533,283.5301208496094,8629300.0,META
2023-07-05 04:00:00+00:00,285.14602153787104,295.5248821564272,283.8672424238805,291.8075256347656,33865500.0,META
2023-07-06 04:00:00+00:00,293.31422444494905,295.52479242405417,288.7740774506401,289.4481506347656,47600500.0,META
2023-07-07 04:00:00+00:00,289.63657680646963,293.6216022185909,286.1472291650395,288.0009460449219,25586000.0,META
2023-07-10 04:00:00+00:00,292.9771848405433,295.5347425297434,284.5511784998187,291.5398254394531,37058300.0,META
2023-07-11 04:00:00+00:00,291.3415903824076,297.5669216854234,289.35900041008506,295.6933898925781,27585900.0,META
2023-07-12 04:00:00+00:00,299.12320145419704,306.7561834015163,297.48757110889034,306.6471252441406,36677100.0,META
2023-07-13 04:00:00+00:00,310.8899261701611,313.48711417229805,307.58892720415946,310.6817626953125,30281000.0,META
2023-07-14 04:00:00+00:00,309.07580744281717,312.1389046779914,304.68434858283683,306.18121337890625,23054100.0,META
2023-07-17 04:00:00+00:00,304.8628406574557,308.9965234309528,302.05745916188715,307.916015625,25323100.0,META
2023-07-18 04:00:00+00:00,308.17381985947526,311.4649267913978,304.94218821230464,309.3336181640625,20731900.0,META
2023-07-19 04:00:00+00:00,310.3050549337283,315.9058653137581,307.81689494508896,313.2591247558594,21763700.0,META
2023-07-20 04:00:00+00:00,310.77096502311366,312.7932151799263,299.5891592620239,299.88653564453125,23836900.0,META
2023-07-21 04:00:00+00:00,301.91864094603187,302.8008775182186,288.66503534415375,291.6983947753906,42139300.0,META
2023-07-24 04:00:00+00:00,293.2052158926609,294.93005940617286,285.7903188571034,289.0715026855469,24915700.0,META
2023-07-25 04:00:00+00:00,292.6203191709946,295.7032315280009,289.3192904924628,291.9065856933594,19585600.0,META
2023-07-26 04:00:00+00:00,298.5681660392196,299.1431038718337,289.3590263225532,295.9709777832031,47256900.0,META
2023-07-27 04:00:00+00:00,322.28975724084523,322.5177659332042,307.14277406177325,308.9964904785156,64229200.0,META
2023-07-28 04:00:00+00:00,314.12152548725567,323.3604010020382,311.51441512024616,322.64666748046875,39220300.0,META
2023-07-31 04:00:00+00:00,320.8722871378495,322.82513953546345,314.82538147123347,315.82659912109375,25799600.0,META
2023-08-01 04:00:00+00:00,314.77574930554596,321.31830082897517,311.9208155315466,319.9007263183594,22817900.0,META
2023-08-02 04:00:00+00:00,315.2317634870685,315.6183830009451,307.94574026174797,311.5738830566406,20461100.0,META
2023-08-03 04:00:00+00:00,307.23202249512775,313.1996371815222,307.23202249512775,310.4636535644531,15180200.0,META
2023-08-04 04:00:00+00:00,312.2182436549531,315.63822327487594,307.49970034475876,308.02508544921875,17612800.0,META
2023-08-07 04:00:00+00:00,310.50332247597623,314.30989138505396,307.75741615279827,313.8043212890625,16236500.0,META
2023-08-08 04:00:00+00:00,311.663054133199,315.12269327969364,307.41039131092145,309.91839599609375,15183500.0,META
2023-08-09 04:00:00+00:00,310.156314310015,310.8997853919067,300.21362891825964,302.5530700683594,19955800.0,META
2023-08-10 04:00:00+00:00,305.2593520785052,309.6210435617212,301.22477459946464,303.0784912109375,14358900.0,META
2023-08-11 04:00:00+00:00,299.93608761646493,302.0673654764671,297.745304234176,299.0141906738281,14046300.0,META
2023-08-14 04:00:00+00:00,298.35989905436605,303.54435113674515,295.65365354779925,303.5245361328125,15641900.0,META
2023-08-15 04:00:00+00:00,303.4750306746695,304.5555384693023,297.4182031951271,299.3215026855469,11623600.0,META
2023-08-16 04:00:00+00:00,297.5867363272898,298.4590504137435,291.7182573021849,291.7281799316406,18547700.0,META
2023-08-17 04:00:00+00:00,290.4989757740898,293.47286065252206,282.4695108038598,282.6082763671875,23950100.0,META
2023-08-18 04:00:00+00:00,276.60097562608496,283.2030023568016,271.99146104324524,280.78424072265625,35347900.0,META
2023-08-21 04:00:00+00:00,280.98250976931354,287.97112567547384,279.39643211452176,287.3763427734375,20181500.0,META
2023-08-22 04:00:00+00:00,290.0033274305193,290.35028671568716,284.2538287834448,285.096435546875,12980200.0,META
2023-08-23 04:00:00+00:00,285.98859599429807,294.81111508897186,285.1658344882448,291.6786193847656,18287000.0,META
2023-08-24 04:00:00+00:00,295.90146632306767,296.8531007592996,284.1447257666273,284.2537536621094,18360900.0,META
2023-08-25 04:00:00+00:00,283.6391995492964,285.8795355852113,273.6271155393811,283.0146789550781,23701400.0,META
2023-08-28 04:00:00+00:00,285.49287958247294,288.9128584699036,283.3120190960079,287.73321533203125,14239300.0,META
2023-08-29 04:00:00+00:00,286.0678175763602,296.5458100488153,285.67130573792576,295.3959045410156,20844500.0,META
2023-08-30 04:00:00+00:00,294.58308487968134,295.69333019974454,290.875621808572,292.5310974121094,17717000.0,META
2023-08-31 04:00:00+00:00,293.22499634625575,298.47887705578745,293.0862308021256,293.3142395019531,17229900.0,META
2023-09-01 04:00:00+00:00,296.7639806937551,299.1133450144046,291.90664122148576,293.8000183105469,12842300.0,META
2023-09-05 04:00:00+00:00,294.4344124053595,298.76639670796936,292.9375776161612,297.53717041015625,14956000.0,META
2023-09-06 04:00:00+00:00,299.0835715746785,300.65972681313633,293.08624961534355,296.5657043457031,15418100.0,META
2023-09-07 04:00:00+00:00,295.4058265509968,304.37703166595776,289.676144279648,296.07000732421875,33748700.0,META
2023-09-08 04:00:00+00:00,296.61525335375495,302.59276023279784,294.19649144148667,295.2968444824219,17548000.0,META
2023-09-11 04:00:00+00:00,298.78620226973936,306.34978726869906,298.65732909121135,304.8826599121094,19489300.0,META
2023-09-12 04:00:00+00:00,303.663388392477,305.973122716666,297.616513007327,299.0340576171875,13480400.0,META
2023-09-13 04:00:00+00:00,299.72794086935227,304.5059900169056,298.69701585352163,302.4044494628906,13210900.0,META
2023-09-14 04:00:00+00:00,304.06977984776057,310.1464222632418,302.37467408444013,309.0064392089844,19343100.0,META
2023-09-15 04:00:00+00:00,308.89735891461083,309.2839784085415,296.1493222742044,297.69573974609375,28131100.0,META
2023-09-18 04:00:00+00:00,295.59422852439974,300.9571375613304,295.2076089926441,299.916259765625,14234200.0,META
2023-09-19 04:00:00+00:00,299.8468567834762,303.5047369520571,297.2000864026327,302.414306640625,15924400.0,META
2023-09-20 04:00:00+00:00,302.39448120124234,305.3782883735429,296.8234089972703,297.06134033203125,19379500.0,META
2023-09-21 04:00:00+00:00,293.1259020127335,297.64620415124955,290.7170325130372,293.1556396484375,21319600.0,META
2023-09-22 04:00:00+00:00,296.6944959593835,302.7215847648245,295.6734636134896,296.4764099121094,25369600.0,META
2023-09-25 04:00:00+00:00,293.06638980081726,298.33016242036194,291.1432755959158,298.211181640625,18987000.0,META
2023-09-26 04:00:00+00:00,295.0688117797383,297.6858143028395,293.43318142131056,296.35748291015625,19417200.0,META
2023-09-27 04:00:00+00:00,297.8346248614519,298.6772014948143,284.2935301667811,295.148193359375,36429800.0,META
2023-09-28 04:00:00+00:00,296.33767574089586,303.66332872549503,294.11718502598364,301.31396484375,22167100.0,META
2023-09-29 04:00:00+00:00,304.704216042569,307.93584693640213,296.75401197888146,297.59661865234375,25373700.0,META
2023-10-02 04:00:00+00:00,300.1046087482149,304.50596053027635,299.0042859286593,304.14910888671875,16265600.0,META
2023-10-03 04:00:00+00:00,301.61138822655596,304.0995177904984,297.03161074620874,298.3202819824219,17362300.0,META
2023-10-04 04:00:00+00:00,296.1295452893803,304.2284079253051,295.9015365648199,302.9198913574219,16880500.0,META
2023-10-05 04:00:00+00:00,301.97810796847045,303.5443402767157,296.8927613396094,302.13671875,19130000.0,META
2023-10-06 04:00:00+00:00,298.81587876702196,313.5564262133331,298.2904937826192,312.68408203125,21803900.0,META
2023-10-09 04:00:00+00:00,309.77961962304516,317.54144446147717,309.10554643120525,315.5885925292969,22503700.0,META
2023-10-10 04:00:00+00:00,316.34203714260326,321.83381959341597,315.3904024685447,319.0383605957031,19038000.0,META
2023-10-11 04:00:00+00:00,320.19815236923245,325.97738791097737,320.13867709965075,324.9662780761719,22036300.0,META
2023-10-12 04:00:00+00:00,325.14476502943165,327.6626628389175,319.8809909181639,321.33819580078125,20530500.0,META
2023-10-13 04:00:00+00:00,320.713603882826,322.2203610808488,309.65075033810035,311.9505615234375,21341000.0,META
2023-10-16 04:00:00+00:00,315.8661797826119,319.0184898882461,312.77331469106156,318.35430908203125,16536100.0,META
2023-10-17 04:00:00+00:00,315.41013162277847,321.5759856955545,314.5377874707079,321.1794738769531,16387800.0,META
2023-10-18 04:00:00+00:00,318.5922293988665,323.10260834229825,312.8129641528115,314.210693359375,16851000.0,META
2023-10-19 04:00:00+00:00,317.09543774973184,319.08795030688776,309.03620485654955,310.08697509765625,18709200.0,META
2023-10-20 04:00:00+00:00,311.40545698428866,312.55533267766856,303.80221026256083,305.9632263183594,22312300.0,META
2023-10-23 04:00:00+00:00,306.80577011666287,314.59733347334077,304.5852792316508,311.2765197753906,17796800.0,META
2023-10-24 04:00:00+00:00,314.02241214997355,315.5787524774694,307.9259542753489,309.8292236328125,19525500.0,META
2023-10-25 04:00:00+00:00,307.3014047174126,308.1737490291754,296.2385505173556,296.92254638671875,42192500.0,META
2023-10-26 04:00:00+00:00,292.4320101500182,292.4320101500182,276.9678028849212,285.83990478515625,66684100.0,META
2023-10-27 04:00:00+00:00,291.9165286472556,296.70446963131815,290.41966369017985,294.1469421386719,29596300.0,META
2023-10-30 04:00:00+00:00,296.48636924282346,306.70661659471585,296.44670897879655,300.0252990722656,28435100.0,META
2023-10-31 04:00:00+00:00,300.66961921940054,301.03639345003336,294.2757557468523,298.6473693847656,19434200.0,META
2023-11-01 04:00:00+00:00,299.2223365843718,310.0175210505434,299.2223365843718,309.1352844238281,20434600.0,META
2023-11-02 04:00:00+00:00,314.537867992154,316.04465564125337,305.64595129379006,308.1638488769531,21631800.0,META
2023-11-03 04:00:00+00:00,309.82918609596044,312.8030705771321,308.31250622063965,311.8613586425781,16764300.0,META
2023-11-06 05:00:00+00:00,313.22938992076604,315.5589088571514,311.7127098538126,313.0509338378906,12887700.0,META
2023-11-07 05:00:00+00:00,314.2999888616323,318.2056935641624,312.37687415015614,316.044677734375,14055600.0,META
2023-11-08 05:00:00+00:00,315.37059933746826,318.53280249069024,312.1389680232896,316.9963073730469,13609700.0,META
2023-11-09 05:00:00+00:00,316.63941423329265,321.35795714702647,316.0247860148068,317.7595520019531,16103100.0,META
2023-11-10 05:00:00+00:00,317.1548991851157,326.2351642842686,316.67906673273416,325.90802001953125,19096200.0,META
2023-11-13 05:00:00+00:00,323.36037901996815,329.4369907917262,322.8647316151257,326.3243408203125,16908900.0,META
2023-11-14 05:00:00+00:00,331.6278345293252,335.1568422746801,330.4283458096643,333.3824157714844,17179400.0,META
2023-11-15 05:00:00+00:00,334.9882503418072,335.45416011600383,327.14710470691955,329.8136901855469,14531200.0,META
2023-11-16 05:00:00+00:00,326.5028044744622,331.667442561079,323.5388423305294,331.2808532714844,18932600.0,META
2023-11-17 05:00:00+00:00,327.3850853902392,332.57946133524786,326.48300334029153,332.12347412109375,14494400.0,META
2023-11-20 05:00:00+00:00,331.97470365714753,338.8939214489306,331.280785251639,337.0104675292969,16960500.0,META
2023-11-21 05:00:00+00:00,335.3847937518308,336.94113402174503,332.9759543798253,334.04656982421875,12027900.0,META
2023-11-22 05:00:00+00:00,336.25712187256374,339.9348475941971,335.6326012688178,338.51727294921875,10702700.0,META
2023-11-24 05:00:00+00:00,337.1691599420157,338.8840808634013,333.83839314189083,335.28570556640625,5467500.0,META
2023-11-27 05:00:00+00:00,333.25353518012435,336.94115367224947,331.290790504135,331.78643798828125,15684500.0,META
2023-11-28 05:00:00+00:00,330.4976973935413,336.42565149537353,330.4976973935413,336.0390319824219,12637200.0,META
2023-11-29 05:00:00+00:00,336.7329865734287,336.94115004399055,327.90054487082136,329.3081970214844,16024500.0,META
2023-11-30 05:00:00+00:00,329.00085151227404,330.59682164758357,319.593443122573,324.3020935058594,23146400.0,META
2023-12-01 05:00:00+00:00,322.64665935567007,324.0146208399716,317.96774644363103,321.9924011230469,15276400.0,META
2023-12-04 05:00:00+00:00,314.5279458457028,318.0668454059469,310.92954076374997,317.2341613769531,19037100.0,META
2023-12-05 05:00:00+00:00,316.2032524808111,319.078001589407,312.644507483201,315.5192565917969,16952100.0,META
2023-12-06 05:00:00+00:00,319.12756635327975,319.4447879881586,314.2801499252027,314.68658447265625,11294300.0,META
2023-12-07 05:00:00+00:00,315.0037213010435,325.38257852662645,315.0037213010435,323.7469482421875,15905100.0,META
2023-12-08 05:00:00+00:00,320.27742147491017,330.2696896309997,320.18820857643453,329.85333251953125,14087400.0,META
2023-12-11 05:00:00+00:00,326.53249390387987,327.01824891652325,317.2143290387498,322.4483642578125,25802500.0,META
2023-12-12 05:00:00+00:00,321.7743550864856,331.5584316540226,321.73469481692894,331.31060791015625,18485500.0,META
2023-12-13 05:00:00+00:00,331.02304245710206,335.4243934854844,329.7442940347382,331.82598876953125,16353300.0,META
2023-12-14 05:00:00+00:00,330.9437875845794,331.7863942469266,325.77914995119795,330.26971435546875,19607300.0,META
2023-12-15 05:00:00+00:00,329.0999691679317,335.7119191603619,328.33668302041815,332.0044860839844,31776900.0,META
2023-12-18 05:00:00+00:00,334.54222603722934,344.53446568560287,334.08620858508846,341.62005615234375,18993900.0,META
2023-12-19 05:00:00+00:00,342.57167029164464,350.5218745666176,342.11568311875016,347.31005859375,17729400.0,META
2023-12-20 05:00:00+00:00,345.61495082632456,351.87001904403724,344.7624517579326,346.2394714355469,16369900.0,META
2023-12-21 05:00:00+00:00,349.9072152421134,353.30734881378453,346.17001484965505,351.0075378417969,15289600.0,META
2023-12-22 05:00:00+00:00,352.4846287114761,354.0905518678329,348.1625974502464,350.313720703125,11772800.0,META
2023-12-26 05:00:00+00:00,351.8997607137992,353.8724581015916,350.3731883758891,351.74114990234375,9898600.0,META
2023-12-27 05:00:00+00:00,352.9703988386223,355.8748857712245,352.2170049987148,354.7150573730469,13207900.0,META
2023-12-28 05:00:00+00:00,356.56873623402754,358.74956654852525,354.6951746221661,355.20074462890625,11798800.0,META
2023-12-29 05:00:00+00:00,355.86490417120007,356.86612158180657,348.757337524102,350.8786926269531,14987100.0,META
2024-01-02 05:00:00+00:00,348.2617247349704,350.08570368515996,337.0501820548259,343.2755126953125,19042200.0,META
2024-01-03 05:00:00+00:00,341.9769751823711,344.9211226732362,340.19262595195124,341.4714050292969,15451100.0,META
2024-01-04 05:00:00+00:00,341.5010789113967,345.11929909621364,340.41064851615806,344.0982666015625,12099900.0,META
2024-01-05 05:00:00+00:00,343.96941637649724,350.4227560194501,343.2457904424102,348.8862609863281,13920700.0,META
2024-01-08 05:00:00+00:00,351.61232236037006,355.85506343366256,348.9853666048785,355.537841796875,13890200.0,META
2024-01-09 05:00:00+00:00,353.2974794746207,357.50059022164334,352.2665243572093,354.3185119628906,13463900.0,META
2024-01-10 05:00:00+00:00,357.03472985619703,369.69355598770045,355.9541916954143,367.24505615234375,22117200.0,META
2024-01-11 05:00:00+00:00,368.8905728121484,369.5349084412359,359.7706477096314,366.4519958496094,17205400.0,META
2024-01-12 05:00:00+00:00,366.9376872898426,373.7776153686232,366.32308935332577,371.22998046875,19310000.0,META
2024-01-16 05:00:00+00:00,370.39731754067816,372.3402469912931,364.0332214951215,364.2611999511719,15306900.0,META
2024-01-17 05:00:00+00:00,363.1112814992652,365.3318024736922,355.48822189160364,365.16326904296875,12724800.0,META
2024-01-18 05:00:00+00:00,368.25603027808063,373.56938519499755,367.7207529623674,372.85565185546875,16354300.0,META
2024-01-19 05:00:00+00:00,375.70075575671575,381.0140817393726,374.6797232506199,380.1120300292969,21670800.0,META
2024-01-22 05:00:00+00:00,384.5728144342601,386.95191580906175,377.84191453997227,378.4565124511719,17680500.0,META
2024-01-23 05:00:00+00:00,381.2718642551316,384.99914300079473,378.75396657575783,381.8468322753906,15506100.0,META
2024-01-24 05:00:00+00:00,386.60503162752025,392.70148953741614,384.4340932605351,387.2989501953125,15698500.0,META
2024-01-25 05:00:00+00:00,386.7735774043585,392.04724373031695,382.3028273437507,389.7573547363281,15091100.0,META
2024-01-26 05:00:00+00:00,390.91714783237995,393.3359097959545,388.18116424199445,390.708984375,13163700.0,META
2024-01-29 05:00:00+00:00,391.55154595567524,399.422429541813,389.6780144066085,397.529052734375,18742400.0,META
2024-01-30 05:00:00+00:00,400.0766619883151,402.8225376750017,396.0916678100326,396.577392578125,18614700.0,META
2024-01-31 05:00:00+00:00,385.61368380179516,394.5353371545359,383.7302296999333,386.7437744140625,20180800.0,META
2024-02-01 05:00:00+00:00,390.5107301891786,397.01362256052823,389.6284631736777,391.3434143066406,29727100.0,META
2024-02-02 05:00:00+00:00,455.59912098341835,481.72963881592403,449.0664915252919,470.8551330566406,84707600.0,META
2024-02-05 05:00:00+00:00,465.7896560115249,467.79206083413476,455.22244866654785,455.4107971191406,40832400.0,META
2024-02-06 05:00:00+00:00,459.9608428440702,463.0536781539214,449.056598724922,450.7616271972656,21655200.0,META
2024-02-07 05:00:00+00:00,454.01303276517825,467.415327994543,452.2088689116338,465.50213623046875,23066000.0,META
2024-02-08 05:00:00+00:00,464.24323169322327,466.49346021033546,460.98186302371124,465.9085998535156,18815100.0,META
2024-02-09 05:00:00+00:00,468.83286637940745,469.4672792914781,463.4005602324606,464.03497314453125,18413100.0,META
2024-02-12 05:00:00+00:00,464.1143348840818,474.97891789094643,462.5183344561305,464.8181457519531,19382000.0,META
2024-02-13 05:00:00+00:00,452.89291546087304,463.8170050865518,451.1284116736069,456.1146240234375,20916600.0,META
2024-02-14 05:00:00+00:00,463.8566307551382,469.98282618084056,462.0326517085822,469.1600646972656,16858400.0,META
2024-02-15 05:00:00+00:00,471.1426369454391,484.3665072274175,468.1092769839316,479.81646728515625,24212300.0,META
2024-02-16 05:00:00+00:00,473.94801862403494,474.79062539009806,465.1254995337819,469.1997375488281,23324600.0,META
2024-02-20 05:00:00+00:00,465.63101374806274,472.03476994795795,462.49851842146023,467.6433410644531,18015500.0,META
2024-02-21 05:00:00+00:00,462.92970889465835,465.41057550181085,458.25576468630754,464.447998046875,12921800.0,META
2024-02-22 05:00:00+00:00,476.5644882258124,486.239866900408,472.41648699553343,482.409423828125,21625800.0,META
2024-02-23 05:00:00+00:00,484.31478426826664,490.57648938610384,478.65842637192833,480.3255615234375,18374300.0,META
2024-02-26 05:00:00+00:00,479.7698406915825,482.41941959747976,476.92181062419036,478.0530700683594,12101400.0,META
2024-02-27 05:00:00+00:00,476.3065805684811,483.5407662161046,476.2470421891275,483.32244873046875,10809600.0,META
2024-02-28 05:00:00+00:00,481.2881234084936,487.29180850441577,479.0553434545367,480.31561279296875,12715500.0,META
2024-02-29 05:00:00+00:00,484.7018378583035,487.936897879875,478.916439479653,486.37890625,17732000.0,META
2024-03-01 05:00:00+00:00,488.34373392761546,500.3908377455122,488.08574437139015,498.45574951171875,16273600.0,META
2024-03-04 05:00:00+00:00,499.1503515840117,500.5594971142455,492.62072412682585,494.3771667480469,12324100.0,META
2024-03-05 05:00:00+00:00,491.21161670016596,491.7871644614326,484.15604619661946,486.46820068359375,15325300.0,META
2024-03-06 05:00:00+00:00,493.8214657207925,499.120593170195,490.50703156108455,492.2932434082031,11757900.0,META
2024-03-07 05:00:00+00:00,499.4282074814689,515.8713680175964,497.542754953555,508.27001953125,18586400.0,META
2024-03-08 05:00:00+00:00,510.2547468573878,519.5629636532714,495.52832561465306,502.07781982421875,18597100.0,META
2024-03-11 04:00:00+00:00,493.206190107269,493.5138151285209,472.3569784877546,479.8888854980469,20428300.0,META
2024-03-12 04:00:00+00:00,489.48488182788077,498.4656062281619,481.02016674493694,495.9252014160156,15448200.0,META
2024-03-13 04:00:00+00:00,491.59863706276775,497.14585137802413,487.27198978393096,491.7772521972656,12090700.0,META
2024-03-14 04:00:00+00:00,496.4313625069967,497.5130167599525,484.4239615573876,488.06585693359375,12620000.0,META
2024-03-15 04:00:00+00:00,485.2674452189563,488.0658397573239,477.61643073962875,480.39501953125,29153600.0,META
2024-03-18 04:00:00+00:00,488.14527802239974,493.61311813323977,483.0843037003027,493.1764831542969,11755300.0,META
2024-03-19 04:00:00+00:00,484.4338634191074,492.82910735533255,477.59658066238825,492.44207763671875,10903100.0,META
2024-03-20 04:00:00+00:00,495.6771461475813,504.3105740199144,491.3802985259637,501.65106201171875,11711100.0,META
2024-03-21 04:00:00+00:00,510.7707839758228,511.09821477284595,502.1373557038148,503.87396240234375,9712500.0,META
2024-03-22 04:00:00+00:00,503.11975164327384,506.06702240568086,500.4801059197025,505.67999267578125,8120600.0,META
2024-03-25 04:00:00+00:00,501.9189854253503,503.33803376728696,496.41144373322453,499.170166015625,8380600.0,META
2024-03-26 04:00:00+00:00,501.2640919046953,506.09681547367757,491.41999934541593,492.0948181152344,11205400.0,META
2024-03-27 04:00:00+00:00,495.4786906872178,496.0642018848251,484.3346567294072,490.080322265625,9989700.0,META
2024-03-28 04:00:00+00:00,489.06812442310434,489.1177599265289,481.4369761827551,481.8636779785156,15212800.0,META
2024-04-01 04:00:00+00:00,483.4713059825083,493.62299295598973,478.0927737479156,487.58953857421875,9247000.0,META
2024-04-02 04:00:00+00:00,481.38733384665454,493.7221946148297,480.94076577034946,493.56341552734375,11081000.0,META
2024-04-03 04:00:00+00:00,495.11146999848677,503.3578676240407,494.93285488293304,502.8616943359375,12099200.0,META
2024-04-04 04:00:00+00:00,512.467703628433,525.943789766792,506.6724021073493,507.00982666015625,26476300.0,META
2024-04-05 04:00:00+00:00,512.9043035265651,526.638408576823,510.47304198515513,523.3041381835938,19263300.0,META
2024-04-08 04:00:00+00:00,525.2292670059732,527.4223143515474,514.9187707168354,515.2760009765625,13260600.0,META
2024-04-09 04:00:00+00:00,518.2331950359386,521.8453515412855,502.8617544246005,512.9440307617188,10863800.0,META
2024-04-10 04:00:00+00:00,505.3922206037786,518.5606494016819,501.928910292975,515.8515625,11418500.0,META
2024-04-11 04:00:00+00:00,517.1217075007655,519.8506605732492,513.3309363282792,519.156005859375,10369500.0,META
2024-04-12 04:00:00+00:00,513.787472668167,516.2088008915841,505.43190063751956,507.98223876953125,11984500.0,META
2024-04-15 04:00:00+00:00,512.7653372648631,514.5615428654139,493.4741460488993,496.4015808105469,13512900.0,META
2024-04-16 04:00:00+00:00,494.2977844340761,500.90681687935023,493.3054377657289,495.9351806640625,9847900.0,META
2024-04-17 04:00:00+00:00,499.2496185150052,499.30915689281545,483.41177405310106,490.3879699707031,12193700.0,META
2024-04-18 04:00:00+00:00,495.994706718665,508.28989617034574,495.22067754794534,497.95953369140625,14808700.0,META
2024-04-19 04:00:00+00:00,498.95188761147057,498.95188761147057,472.08908659081203,477.3882141113281,25215400.0,META
2024-04-22 04:00:00+00:00,485.97192967227505,488.2444116390472,469.77682750808566,478.0430908203125,17271100.0,META
2024-04-23 04:00:00+00:00,487.49033492134237,494.9428686127563,485.22778557062543,492.30322265625,15079200.0,META
2024-04-24 04:00:00+00:00,504.17164864318624,506.09680361298444,480.87133784126775,489.72308349609375,37772700.0,META
2024-04-25 04:00:00+00:00,418.17488602057387,442.35836983181287,411.32769996695043,438.0019836425781,82890700.0,META
2024-04-26 04:00:00+00:00,438.0813579966591,443.023255377978,428.6540645124844,439.8973693847656,32691400.0,META
2024-04-29 04:00:00+00:00,436.195878453334,436.3943598912081,425.28006561859786,429.3089904785156,21502600.0,META
2024-04-30 04:00:00+00:00,427.7510167239678,436.2554348890997,426.43120898791216,426.8777770996094,18429500.0,META
2024-05-01 04:00:00+00:00,425.3197579943867,446.5162667930731,423.8411409701157,435.8287048339844,20344900.0,META
2024-05-02 04:00:00+00:00,435.48139130558843,440.562201203768,428.9715998380439,438.2996520996094,15221300.0,META
2024-05-03 04:00:00+00:00,442.5171576767287,450.69411509659585,440.4530898609674,448.5010070800781,16489100.0,META
2024-05-06 04:00:00+00:00,452.093259876696,462.592304076786,449.8704131384758,462.115966796875,15094600.0,META
2024-05-07 04:00:00+00:00,462.7213751109802,467.92126239654385,457.7794773876033,464.65643310546875,13406800.0,META
2024-05-08 04:00:00+00:00,459.9526716667021,471.9402058578811,459.4564983423583,468.9830322265625,11683900.0,META
2024-05-09 04:00:00+00:00,466.40290121752565,472.4363552104369,464.0510446249137,471.78143310546875,9437700.0,META
2024-05-10 04:00:00+00:00,473.4386537168411,473.8455194723548,466.0059870918143,472.55548095703125,10750000.0,META
2024-05-13 04:00:00+00:00,469.13187501336745,469.7272890553807,459.30764931420595,464.42816162109375,14668800.0,META
2024-05-14 04:00:00+00:00,459.8236291276941,468.9234605753996,456.55880040566063,468.2387390136719,10478600.0,META
2024-05-15 04:00:00+00:00,471.34476245371104,478.8071974053278,467.5936938076785,477.85455322265625,13100500.0,META
2024-05-16 04:00:00+00:00,471.36465799748123,474.0340729044409,469.1318780385458,469.60821533203125,16608200.0,META
2024-05-17 04:00:00+00:00,467.2265884372279,469.1815126685142,464.83505951456476,468.29833984375,10807300.0,META
2024-05-20 04:00:00+00:00,466.35335165798784,469.5784784874787,463.46561907811537,465.2518310546875,11745100.0,META
2024-05-21 04:00:00+00:00,463.5449691486391,467.0975871671568,458.73208176825443,461.07403564453125,11742200.0,META
2024-05-22 04:00:00+00:00,464.28925874330497,470.0944931584009,462.0862477959769,464.199951171875,10078600.0,META
2024-05-23 04:00:00+00:00,469.26087705798136,470.72953068178265,458.0076699601858,462.2152099609375,11747900.0,META
2024-05-24 04:00:00+00:00,464.04111742441904,476.1775273800848,462.7312126296393,474.55999755859375,12024300.0,META
2024-05-28 04:00:00+00:00,472.9325751794718,477.17981782811154,471.205901618862,476.2470397949219,10175800.0,META
2024-05-29 04:00:00+00:00,471.0272753949379,476.17755705003367,470.07463106847433,470.72955322265625,9226200.0,META
2024-05-30 04:00:00+00:00,468.06016138210737,468.1196997588506,461.1534068397315,463.4754943847656,10719600.0,META
2024-05-31 04:00:00+00:00,462.23508624663583,465.52968459800337,450.98187816881347,463.2572021484375,16919800.0,META
2024-06-03 04:00:00+00:00,467.2563084447153,475.9294383757683,464.65636518199324,473.8355712890625,11279400.0,META
2024-06-04 04:00:00+00:00,473.34938017945996,475.224929995745,469.60824398888354,473.3394470214844,7088700.0,META
2024-06-05 04:00:00+00:00,480.7423648637953,492.84897628065335,480.2064891730306,491.2711486816406,15690500.0,META
2024-06-06 04:00:00+00:00,489.20708041502814,498.9717681761462,487.13307947431673,489.9811096191406,10667300.0,META
2024-06-07 04:00:00+00:00,492.11459884745994,495.0916386039483,486.4185391375969,489.1871643066406,9380700.0,META
2024-06-10 04:00:00+00:00,490.0803178915368,498.81298686453346,489.63378005499686,498.7534484863281,11220900.0,META
2024-06-11 04:00:00+00:00,496.332099600009,503.71516103182034,494.4565499121785,503.5861511230469,9673700.0,META
2024-06-12 04:00:00+00:00,510.05622720634506,510.07609352042476,500.60909832909755,504.9456481933594,11983200.0,META
2024-06-13 04:00:00+00:00,501.8396375159677,505.46169688773693,497.5229233456596,500.2419738769531,9954600.0,META
2024-06-14 04:00:00+00:00,499.29830731982713,503.76830117284993,497.41098264470133,500.7982482910156,10243300.0,META
2024-06-17 04:00:00+00:00,498.3248218231231,507.3442620321648,492.70255969673593,503.2517395019531,11266600.0,META
2024-06-18 04:00:00+00:00,501.1955013675605,502.6259016154662,491.7191073037055,496.1593017578125,13060400.0,META
2024-06-20 04:00:00+00:00,498.6526016949452,500.3114792658719,493.45746507098966,498.3546142578125,11801200.0,META
2024-06-21 04:00:00+00:00,500.09294409403304,500.09294409403304,489.1066959926516,491.4807434082031,22359200.0,META
2024-06-24 04:00:00+00:00,495.8713572448748,504.41398837827114,490.99409338175263,495.5832824707031,13525300.0,META
2024-06-25 04:00:00+00:00,493.73561634252076,507.3045339423374,492.1959639995384,507.1952819824219,12063200.0,META
2024-06-26 04:00:00+00:00,503.27159725374554,510.38385724147327,501.3147322130294,509.6984558105469,8882300.0,META
2024-06-27 04:00:00+00:00,510.8209300507455,519.3933892059828,510.47328813668884,516.0955200195312,10121200.0,META
2024-06-28 04:00:00+00:00,513.7015919827431,518.4000322459863,500.48031713157917,500.8577880859375,15855100.0,META
2024-07-01 04:00:00+00:00,501.58294679281164,503.2020522993896,489.8814984155555,501.3147277832031,10328200.0,META
2024-07-02 04:00:00+00:00,497.4209190368857,507.0959625693369,496.11965660213826,506.1026306152344,7739500.0,META
2024-07-03 04:00:00+00:00,502.9934818232005,507.87074521081,502.6458095867641,506.5595397949219,6005600.0,META
2024-07-05 04:00:00+00:00,508.18856248198745,537.2633737862543,508.18856248198745,536.3097534179688,21354100.0,META
2024-07-08 04:00:00+00:00,538.733549875278,539.190504390823,523.1382870220716,525.7904663085938,14917500.0,META
2024-07-09 04:00:00+00:00,530.1908757911539,533.8959841966067,524.667953121388,526.4658813476562,8753200.0,META
2024-07-10 04:00:00+00:00,527.2505545542191,535.2866353441332,524.8367656001964,531.1245727539062,10983300.0,META
2024-07-11 04:00:00+00:00,527.3500535200477,531.8895881515471,504.9801969068251,509.2813415527344,16458300.0,META
2024-07-12 04:00:00+00:00,494.4409341236974,504.70204009860527,490.9344734606303,495.54351806640625,19750500.0,META
2024-07-15 04:00:00+00:00,495.3050935222818,503.30140324613546,490.0801579921721,492.8515625,12539200.0,META
2024-07-16 04:00:00+00:00,498.1559561053816,500.58963142634576,482.55072018571695,486.5240478515625,14075800.0,META
2024-07-17 04:00:00+00:00,475.9748583365877,475.9748583365877,456.0585356169319,458.9093933105469,28076600.0,META
2024-07-18 04:00:00+00:00,471.8326942182321,476.04441214611455,461.442450113497,472.6770324707031,19267200.0,META
2024-07-19 04:00:00+00:00,472.88560505542085,483.46458424586564,472.5379328105717,473.6107482910156,15149400.0,META
2024-07-22 04:00:00+00:00,483.3354544094365,488.77892449316187,480.6733320174168,484.1499938964844,12023100.0,META
2024-07-23 04:00:00+00:00,486.57375276148383,491.9178838762886,484.46789373053934,485.4314270019531,9455500.0,META
2024-07-24 04:00:00+00:00,469.1606069922724,473.12399173942754,457.5088124022394,458.1942138671875,17649700.0,META
2024-07-25 04:00:00+00:00,460.17098380293606,460.4590282516497,439.6983958852032,450.38665771484375,18240500.0,META
2024-07-26 04:00:00+00:00,461.1046981366571,466.63753399730916,456.3565726815499,462.5946960449219,14222400.0,META
2024-07-29 04:00:00+00:00,466.7467910394615,470.7995717926328,461.91918231436165,462.6045837402344,11339600.0,META
2024-07-30 04:00:00+00:00,463.88603283345884,469.57783596951856,453.6547256053789,460.1014404296875,11390400.0,META
2024-07-31 04:00:00+00:00,467.87919560673834,473.3226655061121,463.6376791709923,471.6637878417969,24285800.0,META
2024-08-01 04:00:00+00:00,517.5259306837595,523.6547716585801,488.8186442383986,494.4210205078125,43083100.0,META
2024-08-02 04:00:00+00:00,485.7393217238086,497.8082988081169,472.97500015148046,484.88507080078125,24044700.0,META
2024-08-05 04:00:00+00:00,448.340392438967,480.256153607523,447.7940416649235,472.5578308105469,21396200.0,META
2024-08-06 04:00:00+00:00,475.80600414778166,499.2089024694643,475.4583319023931,490.7953796386719,20955000.0,META
2024-08-07 04:00:00+00:00,499.77508903606014,506.7482681354804,483.61355944940226,485.65985107421875,20105300.0,META
2024-08-08 04:00:00+00:00,494.1826592575275,506.5595672205357,491.42119757011926,506.2317810058594,16156800.0,META
2024-08-09 04:00:00+00:00,504.32449769396317,514.8836502692486,502.32792131826227,514.3174438476562,13696600.0,META
2024-08-12 04:00:00+00:00,513.4134878308477,514.5657867339853,505.70525325253175,512.5095825195312,9767400.0,META
2024-08-13 04:00:00+00:00,516.5425353486345,527.9559092747828,514.6949525499102,525.015625,13743800.0,META
2024-08-14 04:00:00+00:00,524.538816844259,530.4392104871642,519.6416980752537,523.2474975585938,11444200.0,META
2024-08-15 04:00:00+00:00,528.2439121362164,536.1707413680679,523.1878870724586,533.7470092773438,13482100.0,META
2024-08-16 04:00:00+00:00,528.3531826083482,530.1013955624555,521.1614098034524,523.9030151367188,14776700.0,META
2024-08-19 04:00:00+00:00,523.3567686125551,528.1148065447744,519.2741890909025,525.750732421875,9879700.0,META
2024-08-20 04:00:00+00:00,524.8269052919596,527.5486857302659,522.3734045061494,523.2177124023438,7944400.0,META
2024-08-21 04:00:00+00:00,523.6349538269176,535.8032700316064,523.4163892745524,531.5914916992188,13423300.0,META
2024-08-22 04:00:00+00:00,533.4192569001465,540.6010274942679,525.0653618809546,528.383056640625,15708300.0,META
2024-08-23 04:00:00+00:00,533.3397517008707,536.2700929585844,521.55884980876,524.479248046875,11323900.0,META
2024-08-26 04:00:00+00:00,524.0818514507407,524.4792084356696,511.51624012553435,517.6450805664062,9584000.0,META
2024-08-27 04:00:00+00:00,515.5194158515097,520.5159048538387,511.87390443058763,515.6386108398438,6282700.0,META
2024-08-28 04:00:00+00:00,514.2181257900095,517.615364659823,509.0329621910887,513.3341064453125,9106100.0,META
2024-08-29 04:00:00+00:00,515.5888867116108,523.684565573268,512.2413632137636,514.764404296875,8317400.0,META
2024-08-30 04:00:00+00:00,517.8735127156259,520.0489117955093,511.76455848669906,517.8338012695312,9157500.0,META
2024-09-03 04:00:00+00:00,516.1749942685213,521.9859615332059,505.22845751609213,508.3475341796875,12459100.0,META
2024-09-04 04:00:00+00:00,502.6954771522908,513.1453480424364,500.70881337108693,509.32098388671875,8335200.0,META
2024-09-05 04:00:00+00:00,508.307802962019,518.1517257651456,507.74159650154314,513.4135131835938,8640900.0,META
2024-09-06 04:00:00+00:00,518.4000932131843,521.0821016570909,494.92765391819984,496.9341735839844,14744500.0,META
2024-09-09 04:00:00+00:00,502.78490166446124,507.9204108518389,498.7320903469637,501.4240417480469,11047800.0,META
2024-09-10 04:00:00+00:00,504.77156555740726,510.751412962104,496.69577198232815,501.4240417480469,9899000.0,META
2024-09-11 04:00:00+00:00,503.6291862714389,509.698429267569,492.29526633096543,508.4170227050781,10782500.0,META
2024-09-12 04:00:00+00:00,513.6022393471186,523.1978593142228,511.7844250205015,522.09521484375,11970500.0,META
2024-09-13 04:00:00+00:00,516.8703967615143,524.0621107021185,513.6618931917054,521.121826171875,10321400.0,META
2024-09-16 04:00:00+00:00,521.5393768501115,531.0446869851908,514.4402669362904,530.2294311523438,9527600.0,META
2024-09-17 04:00:00+00:00,534.5247216049645,538.9989800805172,527.5349671432173,533.2520751953125,11690800.0,META
2024-09-18 04:00:00+00:00,533.9977098303668,541.0869276726933,530.845860739671,534.8726806640625,10323500.0,META
2024-09-19 04:00:00+00:00,546.8537527288971,558.8547141847413,543.3936793129712,555.9016723632812,15647000.0,META
2024-09-20 04:00:00+00:00,556.7965408444652,561.2707987619654,553.1176944195414,558.1387939453125,22066800.0,META
2024-09-23 04:00:00+00:00,566.2422454333392,570.696598725916,559.1927762027452,561.1813354492188,12830700.0,META
2024-09-24 04:00:00+00:00,563.4382949321094,564.5021812702805,551.0197537936696,560.1074829101562,12993000.0,META
2024-09-25 04:00:00+00:00,560.8233197330189,573.5799422527921,560.4951905177006,565.0589599609375,16543400.0,META
2024-09-26 04:00:00+00:00,572.436555499505,574.0970460697704,559.1330900425771,564.5917358398438,14400800.0,META
2024-09-27 04:00:00+00:00,566.8388185533927,567.5746364892888,561.2808291532298,564.114501953125,9398400.0,META
2024-09-30 04:00:00+00:00,564.4525297734127,571.392581823153,561.5690947166503,569.1654052734375,12792300.0,META
2024-10-01 04:00:00+00:00,574.6736128791929,579.7046644318758,566.8386860157418,573.1722412109375,15259300.0,META
2024-10-02 04:00:00+00:00,571.5715863452846,572.7050797135277,566.0832039311861,569.5333251953125,6524700.0,META
2024-10-03 04:00:00+00:00,566.8884769556879,580.0228702133212,565.4765563823341,579.436279296875,11581000.0,META
2024-10-04 04:00:00+00:00,580.3908297151592,593.4357736219438,578.1039987005454,592.531005859375,14169500.0,META
2024-10-07 04:00:00+00:00,594.7979355563699,599.5009195077625,580.6990575803541,581.4348754882812,12014200.0,META
2024-10-08 04:00:00+00:00,586.3167064096679,590.1645633879729,582.6179549512773,589.4984130859375,7857400.0,META
2024-10-09 04:00:00+00:00,590.5920924118491,590.9898285010107,578.2829068901802,587.1320190429688,9529700.0,META
2024-10-10 04:00:00+00:00,584.2087686773417,586.8535252444071,579.187669721319,580.4901733398438,7740400.0,META
2024-10-11 04:00:00+00:00,581.4844891955055,587.8279971754954,579.3766215385939,586.5751953125,8587100.0,META
2024-10-14 04:00:00+00:00,590.8207303998246,596.6670986656153,586.585150741633,587.04248046875,8252000.0,META
2024-10-15 04:00:00+00:00,586.7840223253323,587.2314602827565,576.821381994876,582.9163208007812,9564200.0,META
2024-10-16 04:00:00+00:00,578.074153352245,578.7502561624128,570.7463179400054,573.490478515625,11268400.0,META
2024-10-17 04:00:00+00:00,579.9931131702996,581.6236855285798,571.9096154864388,573.6296997070312,8701200.0,META
2024-10-18 04:00:00+00:00,577.7757598855744,580.6293370312779,571.9592494201094,573.1722412109375,7694300.0,META
2024-10-21 04:00:00+00:00,572.7348910706112,573.937930513858,565.8544327374575,571.8698120117188,8171900.0,META
2024-10-22 04:00:00+00:00,571.0047942012734,580.1919884331684,568.8472245196812,578.6806640625,8544500.0,META
2024-10-23 04:00:00+00:00,576.6522939692993,581.6535493433651,559.2822589840049,560.4654541015625,14248400.0,META
2024-10-24 04:00:00+00:00,563.885737507838,565.6257266322763,558.3078440792799,564.5320434570312,7184700.0,META
2024-10-25 04:00:00+00:00,570.6468669862153,577.9647500652169,568.4494872870167,569.9707641601562,11337900.0,META
2024-10-28 04:00:00+00:00,578.67072146079,580.410710743533,570.8357934356153,574.8526611328125,10925100.0,META
2024-10-29 04:00:00+00:00,576.8313344603039,590.2739533915471,572.1085063582906,589.88623046875,13019100.0,META
2024-10-30 04:00:00+00:00,597.5420905900066,597.7608636426235,586.0084723536592,588.4146118164062,26864900.0,META
2024-10-31 04:00:00+00:00,581.6535861943853,586.52558067794,559.7893867410456,564.333251953125,26838400.0,META
2024-11-01 04:00:00+00:00,564.3630263338429,570.3883582518947,559.3419265164682,563.9155883789062,15303200.0,META
2024-11-04 05:00:00+00:00,560.8730139446373,565.4367833258351,554.6985773939598,557.4725952148438,12064600.0,META
2024-11-05 05:00:00+00:00,564.0547974082218,570.1994379718212,563.4283964137084,569.1554565429688,9775400.0,META
2024-11-06 05:00:00+00:00,559.5308004818795,569.7221655728422,551.9941447200907,568.777587890625,18305400.0,META
2024-11-07 05:00:00+00:00,573.5899682554951,591.3974890420855,571.9195858236583,588.3152465820312,14653700.0,META
2024-11-08 05:00:00+00:00,588.1561777738406,589.7072516411704,581.1763757138644,585.9688110351562,9415700.0,META
2024-11-11 05:00:00+00:00,583.0057385461188,583.6420920185832,573.2121093173138,579.833984375,10209100.0,META
2024-11-12 05:00:00+00:00,585.1732389751623,596.2296222338206,577.059944903041,581.4745483398438,16287700.0,META
2024-11-13 05:00:00+00:00,579.2771839216865,582.2898800347385,571.8797417717248,576.68212890625,10757600.0,META
2024-11-14 05:00:00+00:00,573.6993404002395,577.4378414789874,569.7321744285508,573.8583984375,11053700.0,META
2024-11-15 05:00:00+00:00,567.9523048385856,569.2946185704093,548.3451422976771,550.910400390625,17712900.0,META
2024-11-18 05:00:00+00:00,553.8534284072965,556.6971138862053,546.9432344613651,551.2285766601562,14327300.0,META
2024-11-19 05:00:00+00:00,548.7030690284671,558.2183311036446,547.4502671516217,557.8803100585938,9522400.0,META
2024-11-20 05:00:00+00:00,559.7097624878369,563.1101814515828,551.0297217043255,562.2849731445312,9797300.0,META
2024-11-21 05:00:00+00:00,566.2621066854078,566.7393414481576,545.9091728138703,559.868896484375,11154700.0,META
2024-11-22 05:00:00+00:00,560.3262747981044,560.6047022245103,551.4175681293176,555.9415283203125,9164000.0,META
2024-11-25 05:00:00+00:00,558.884588798054,569.3146337097819,553.2072906140769,561.8773803710938,13599800.0,META
2024-11-26 05:00:00+00:00,562.7621877433986,574.1964018053228,561.9667762936829,570.259033203125,10356600.0,META
2024-11-27 05:00:00+00:00,571.6013615253704,571.6908126970225,560.8730467836217,565.9439086914062,7200200.0,META
2024-11-29 05:00:00+00:00,565.7450932068846,575.1510000832634,563.6571303183109,571.03466796875,7130500.0,META
2024-12-02 05:00:00+00:00,574.1963992934365,591.0991504414684,572.2774471807156,589.438720703125,12522400.0,META
2024-12-03 05:00:00+00:00,591.5963703951107,610.6865511232141,587.8678218422003,610.1397094726562,14907200.0,META
2024-12-04 05:00:00+00:00,609.4536653526643,614.2461004633882,601.6385813202486,610.2689819335938,14697000.0,META
2024-12-05 05:00:00+00:00,613.5500580968196,616.353933785045,603.5774048146206,605.4466552734375,8081200.0,META
2024-12-06 05:00:00+00:00,606.609996608488,626.1873655515558,605.0490309451652,620.2018432617188,16935500.0,META
2024-12-09 05:00:00+00:00,620.350888846341,622.8167434326103,602.7024265777296,610.0601196289062,11426000.0,META
2024-12-10 05:00:00+00:00,614.0272799520044,622.0113739130567,609.234845211511,615.7772216796875,10938900.0,META
2024-12-11 05:00:00+00:00,619.8039905100828,634.7480401253283,617.9745502630952,629.0607299804688,10837200.0,META
2024-12-12 05:00:00+00:00,627.887478818055,633.017934128409,623.6220417827839,627.1815185546875,7474700.0,META
2024-12-13 05:00:00+00:00,623.6319031965186,627.4698678453126,613.3610405721996,616.8012084960938,8453300.0,META
2024-12-16 05:00:00+00:00,626.8814975325155,628.0457867533739,615.5376035416824,621.1697387695312,10885600.0,META
2024-12-17 05:00:00+00:00,623.0903132613655,629.2598321679556,613.5076712904854,616.3934326171875,12897800.0,META
2024-12-18 05:00:00+00:00,617.9457625285903,624.2744678389638,593.3871523945554,594.2528686523438,17075500.0,META
2024-12-19 05:00:00+00:00,607.3878008993366,608.5122478337648,592.0734823017316,592.6406860351562,14958100.0,META
2024-12-20 05:00:00+00:00,587.6752614717944,600.143601343373,577.1472819775203,582.3714599609375,48989400.0,META
2024-12-23 05:00:00+00:00,586.7000120717197,598.1335492116074,583.366513431805,596.8995971679688,10205800.0,META
2024-12-24 05:00:00+00:00,599.7555744761255,604.99967413285,596.3325519539701,604.7608642578125,4726100.0,META
2024-12-26 05:00:00+00:00,602.5019136601244,603.3178877600023,595.9941026607926,600.3823852539062,6081400.0,META
2024-12-27 05:00:00+00:00,596.4618673609139,598.8898690255031,586.8991472446073,596.8599243164062,8084200.0,META
2024-12-30 05:00:00+00:00,585.854287801351,594.0040084763427,582.6998961577467,588.33203125,7025900.0,META
2024-12-31 05:00:00+00:00,589.3569487521584,591.048538740922,580.9783186606066,582.6301879882812,6019500.0,META
2025-01-02 05:00:00+00:00,586.8194076338101,601.934697394125,584.9287893065956,596.2926025390625,12682300.0,META
2025-01-03 05:00:00+00:00,601.7854933825649,606.5021699414652,593.4765264756181,601.6561279296875,11436800.0,META
2025-01-06 05:00:00+00:00,608.8208189352832,627.8865565009487,602.6413400646944,627.1004638671875,14560800.0,META
2025-01-07 05:00:00+00:00,628.5930258941997,628.9910220723464,605.2384303850833,614.8509521484375,12071500.0,META
2025-01-08 05:00:00+00:00,610.3831198774918,613.4081462857669,599.8252572139608,607.7162475585938,10085800.0,META
2025-01-10 05:00:00+00:00,607.0296506844576,626.811816790901,594.4020628949343,612.8309326171875,19256600.0,META
2025-01-13 05:00:00+00:00,604.1140210154849,605.9748187670136,595.5066015316934,605.3380126953125,10785000.0,META
2025-01-14 05:00:00+00:00,602.0940612489228,602.5119785361296,585.6552929558646,591.3272705078125,13598000.0,META
2025-01-15 05:00:00+00:00,607.2087904116609,619.3985405217896,603.5170156565779,614.0847778320312,15524300.0,META
2025-01-16 05:00:00+00:00,608.4923634164871,613.2190007447427,606.7111893194766,608.2933349609375,8355300.0,META
2025-01-17 05:00:00+00:00,620.9806532892833,621.8961113451103,600.7008856525179,609.7561645507812,17280600.0,META
2025-01-21 05:00:00+00:00,614.7912965163201,618.443229069153,606.0146693079478,613.4280395507812,11674000.0,META
2025-01-22 05:00:00+00:00,620.2343821669388,630.5832556521083,616.3834210286319,620.4334106445312,12274000.0,META
2025-01-23 05:00:00+00:00,624.2743234364817,633.468866899262,618.0949061109532,633.3196411132812,9910200.0,META
2025-01-24 05:00:00+00:00,633.2699982280365,648.7932479651176,631.0808064099955,644.305419921875,19065300.0,META
2025-01-27 05:00:00+00:00,623.5280177511174,660.6047649681485,622.0254349357211,656.6343994140625,28399200.0,META
2025-01-28 05:00:00+00:00,662.7243202820943,679.222789585596,656.2264085295512,671.0133666992188,20950100.0,META
2025-01-29 05:00:00+00:00,671.6801188096443,677.7003506905008,662.3959899394188,673.1627807617188,21377800.0,META
2025-01-30 05:00:00+00:00,693.3927409364592,707.294001197109,672.774619401076,683.6210327148438,29322900.0,META
2025-01-31 05:00:00+00:00,687.6014000766061,701.8310551092019,682.2080746968453,685.7903442382812,19303900.0,META
2025-02-03 05:00:00+00:00,672.5856051378313,700.5374751524545,671.9288779782597,694.0296630859375,21415700.0,META
2025-02-04 05:00:00+00:00,699.0448111623289,704.2292080677055,688.2083581609453,700.7265014648438,13826300.0,META
2025-02-05 05:00:00+00:00,700.0896222542642,714.6078889974233,695.5719738179728,701.4031372070312,17778200.0,META
2025-02-06 05:00:00+00:00,702.4082250040422,715.364207246352,700.0399258686745,708.4881591796875,13080700.0,META
2025-02-07 05:00:00+00:00,713.2745530420232,721.4441956937233,708.2494025854946,711.0057983398438,16427100.0,META
2025-02-10 05:00:00+00:00,715.0257888589608,717.652818700605,707.8313687608933,713.8715209960938,12904300.0,META
2025-02-11 05:00:00+00:00,709.8116559132554,720.100766250331,706.5477589206668,716.259765625,12998000.0,META
2025-02-12 05:00:00+00:00,711.7818770685368,723.5238281436095,709.0951445232752,721.8123168945312,12016500.0,META
2025-02-13 05:00:00+00:00,717.9712711727863,725.4144618537392,714.5083460221898,724.9766235351562,12569100.0,META
2025-02-14 05:00:00+00:00,722.5685751543255,737.2658892402018,722.0511132817282,733.0467529296875,16901200.0,META
2025-02-18 05:00:00+00:00,732.3800758046814,733.375157429416,702.9654654069245,712.8466186523438,21938700.0,META
2025-02-19 05:00:00+00:00,700.6369269472729,703.5226878675882,691.9698051227019,700.30859375,17535500.0,META
2025-02-20 05:00:00+00:00,693.8506092423628,702.1595172908319,690.22849721369,691.422607421875,12587400.0,META
2025-02-21 05:00:00+00:00,693.1539301625503,700.4080528713276,679.0038387952945,680.18798828125,15660400.0,META
2025-02-24 05:00:00+00:00,682.9046273446285,683.8897484077801,659.1918158891808,664.8438720703125,15677000.0,META
2025-02-25 05:00:00+00:00,662.6944247816905,664.7144694629277,638.703023401866,654.26611328125,20579700.0,META
2025-02-26 05:00:00+00:00,656.4056502775858,679.650743596255,654.7637412221762,670.3865356445312,14488700.0,META
2025-02-27 05:00:00+00:00,679.0934498337167,685.2629678985895,654.3358147754243,655.0025024414062,12500000.0,META
2025-02-28 05:00:00+00:00,654.8034504822056,666.3364725318584,639.4393887052988,664.9135131835938,17534200.0,META
2025-03-03 05:00:00+00:00,670.3664982200642,677.8992724698688,647.638870751695,651.828125,10843800.0,META
2025-03-04 05:00:00+00:00,642.3351433054311,646.5542796373367,620.5826737681288,636.8522338867188,21495200.0,META
2025-03-05 05:00:00+00:00,637.8473868134231,656.2563987573362,634.5237871228655,653.2412719726562,13770000.0,META
2025-03-06 05:00:00+00:00,644.812846805576,647.3602531536812,621.040333910999,624.841552734375,13446500.0,META
2025-03-07 05:00:00+00:00,622.29408984179,631.667740220239,597.6558630930216,622.5826416015625,21375700.0,META
2025-03-10 04:00:00+00:00,605.0792054575583,607.1091498209839,583.9834658430217,595.0487670898438,21999900.0,META
2025-03-11 04:00:00+00:00,592.1232921602733,611.9055191678449,590.4117809661785,602.7308959960938,17401500.0,META
2025-03-12 04:00:00+00:00,626.8018648059933,630.2149870827395,606.352891273559,616.5126953125,15747000.0,META
2025-03-13 04:00:00+00:00,617.1993356753703,617.4481060645986,583.6252936627146,587.7349853515625,16480300.0,META
2025-03-14 04:00:00+00:00,600.3688460487675,606.4044031406513,592.381232702444,605.1494750976562,12364500.0,META
2025-03-17 04:00:00+00:00,605.01006095703,610.6272679434014,595.5881924170304,602.4603881835938,15473900.0,META
2025-03-18 04:00:00+00:00,597.6299490711036,597.8291546165306,572.3423339224544,580.0112915039062,20297700.0,META
2025-03-19 04:00:00+00:00,581.9236121177603,589.9311646960157,572.4519564790293,581.7044677734375,20537500.0,META
2025-03-20 04:00:00+00:00,580.4096736870833,607.7390075399582,577.1727812993547,583.6365966796875,24336500.0,META
2025-03-21 04:00:00+00:00,581.0669435562578,595.1299901540924,578.6069346961235,593.84521484375,25015900.0,META
2025-03-24 04:00:00+00:00,612.4896480218807,620.0291236750295,609.7308614385815,616.35400390625,15741300.0,META
2025-03-25 04:00:00+00:00,624.2321938231848,631.3234729455945,618.674681768664,623.7839965820312,15312500.0,META
2025-03-26 04:00:00+00:00,622.3696786412489,624.2221622117868,604.1633772244318,608.5157470703125,12609800.0,META
2025-03-27 04:00:00+00:00,599.572102422941,611.7726975303846,597.6797409070035,600.1497802734375,10436500.0,META
2025-03-28 04:00:00+00:00,597.8888875675808,599.3230823357646,571.605306475786,574.4139404296875,17602800.0,META
2025-03-31 04:00:00+00:00,561.2272821521618,576.365989409716,551.0684088090011,574.035400390625,21124700.0,META
2025-04-01 04:00:00+00:00,568.5377653967017,587.5308004666896,567.7011264631773,583.6365966796875,12836600.0,META
2025-04-02 04:00:00+00:00,572.5912500878843,590.2696609066593,571.0475136953103,581.5748901367188,13470800.0,META
2025-04-03 04:00:00+00:00,544.0169200737723,550.3313759122457,528.1611466950332,529.475830078125,34777500.0,META
2025-04-04 04:00:00+00:00,504.5767280238223,515.9108358048159,492.2068365877987,502.6943664550781,38589800.0,META
2025-04-07 04:00:00+00:00,483.14348777248983,537.1945936136326,479.9563819403582,514.1678466796875,36606100.0,META
2025-04-08 04:00:00+00:00,541.0589972717423,545.2221314563009,500.8318811641039,508.39129638671875,28034200.0,META
2025-04-09 04:00:00+00:00,507.21603593950647,585.5189766353849,500.0849095170737,583.4075317382812,39216600.0,META
2025-04-10 04:00:00+00:00,573.1689763297147,578.9555415344041,533.141064552052,544.0867309570312,28173500.0,META
2025-04-11 04:00:00+00:00,533.3501954996136,545.1922554454453,526.4581222037267,541.377685546875,17642300.0,META
2025-04-14 04:00:00+00:00,553.926912857093,555.5204964254532,526.1494412576809,529.3364868164062,14130900.0,META
2025-04-15 04:00:00+00:00,529.9639426413264,535.7704467995947,515.41288054515,519.4166870117188,15558700.0,META
2025-04-16 04:00:00+00:00,506.459094542153,511.29947867102186,493.6310371089192,500.2840881347656,18735100.0,META
2025-04-17 04:00:00+00:00,503.212273262548,505.25399323772916,496.00148267523775,499.4574890136719,14593500.0,META
2025-04-21 04:00:00+00:00,489.34840447960073,491.50966603004946,477.8649073178194,482.705322265625,16166000.0,META
2025-04-22 04:00:00+00:00,489.8861836549685,504.83565500654777,484.3983968763898,498.26226806640625,17399400.0,META
2025-04-23 04:00:00+00:00,526.3984497963002,533.1809824042,514.4368768066369,518.1717529296875,18173900.0,META
2025-04-24 04:00:00+00:00,516.6379293508005,531.746792125581,515.4129094243589,530.9998168945312,13910000.0,META
2025-04-25 04:00:00+00:00,544.5946691393716,547.6423253119987,534.0872308807745,545.0628051757812,17098900.0,META
2025-04-28 04:00:00+00:00,553.3991177920019,556.237599422927,538.409826618149,547.5228881835938,15179000.0,META
2025-04-29 04:00:00+00:00,543.7979549633997,554.3253329246786,541.9255322333729,552.2039184570312,11835000.0,META
2025-04-30 04:00:00+00:00,536.2286028212618,546.8854000110363,527.3644731031741,546.7858276367188,29244000.0,META
2025-05-01 04:00:00+00:00,589.6920784232152,590.5585647326062,568.1990964565776,569.9022216796875,31159000.0,META
2025-05-02 04:00:00+00:00,581.1068737819331,601.9026676753685,575.9975586829169,594.6121826171875,24739300.0,META
2025-05-05 04:00:00+00:00,588.8355064073843,600.7772002962906,585.6783084359005,596.8530883789062,13887700.0,META
2025-05-06 04:00:00+00:00,590.1402011332192,593.6260847202794,584.2141868774198,584.9412231445312,10600700.0,META
2025-05-07 04:00:00+00:00,587.9790163444538,600.6477471780503,584.3038959778277,594.4030151367188,13139100.0,META
2025-05-08 04:00:00+00:00,603.8447803031055,608.8345844494372,594.2137969163823,595.5982055664062,14622800.0,META
2025-05-09 04:00:00+00:00,601.2850913628599,604.5219836999701,589.3235802814015,590.1004028320312,10427300.0,META
2025-05-12 04:00:00+00:00,628.3754468402599,637.8072854035049,618.52537997075,636.8511352539062,21965100.0,META
2025-05-13 04:00:00+00:00,642.9364721174845,658.2544484118764,640.2374406337076,653.3842163085938,18570800.0,META
2025-05-14 04:00:00+00:00,658.5432587283299,659.9973314154452,651.671063189936,656.70068359375,12348200.0,META
2025-05-15 04:00:00+00:00,651.6412216753015,654.6589696292252,636.0045299274248,641.2831420898438,14341800.0,META
2025-05-16 04:00:00+00:00,635.3869794893193,637.8569576148437,623.6246144224174,637.7573852539062,18519000.0,META
2025-05-19 04:00:00+00:00,625.7161768945482,640.4066880114517,625.2679796518272,637.8470458984375,9592400.0,META
2025-05-20 04:00:00+00:00,633.4448867170665,636.7713819580241,629.7100110253076,634.5304565429688,6743500.0,META
2025-05-21 04:00:00+00:00,629.2418916838421,644.0021281038256,627.6284302053292,632.9369506835938,11464600.0,META
2025-05-22 04:00:00+00:00,631.492890186238,640.6557991212096,628.1663943111508,634.0027465820312,8228400.0,META
2025-05-23 04:00:00+00:00,621.4834102948378,629.8993436337141,620.1388791554737,624.5310668945312,8454100.0,META
2025-05-27 04:00:00+00:00,632.8472058332585,640.4863145733809,630.1979610255678,639.7293701171875,9508400.0,META
2025-05-28 04:00:00+00:00,640.0082861312126,648.2549209907568,639.958499945528,640.984375,9042900.0,META
2025-05-29 04:00:00+00:00,649.0218431897822,650.6850908623647,636.9208212538034,642.4484252929688,8858800.0,META
2025-05-30 04:00:00+00:00,639.9086753837215,646.7907792932219,630.227907169861,644.8785400390625,16241000.0,META
2025-06-02 04:00:00+00:00,641.7910631431,670.5446198991036,641.6615825955165,668.1941528320312,15766300.0,META
2025-06-03 04:00:00+00:00,668.7420068089284,672.8553550898889,662.3479161440031,664.1605224609375,11585000.0,META
2025-06-04 04:00:00+00:00,666.6205475323237,686.2211680866209,665.8735723856402,685.1754150390625,14031900.0,META
2025-06-05 04:00:00+00:00,688.8704104821669,691.5794719470881,679.4983890924821,681.8588256835938,13083100.0,META
2025-06-06 04:00:00+00:00,693.3622292653906,699.9754637799698,689.0795839414949,694.8960571289062,11728000.0,META
2025-06-09 04:00:00+00:00,695.6430205968694,702.3458579741853,691.1412310298801,691.2607421875,12773200.0,META
2025-06-10 04:00:00+00:00,698.5213248498013,700.3937473880201,688.7708312874433,699.567138671875,10850100.0,META
2025-06-11 04:00:00+00:00,700.8719261687401,706.0110888975141,689.1991618728138,691.3405151367188,9582500.0,META
2025-06-12 04:00:00+00:00,690.5038430500748,692.5754712333077,684.229263706634,690.5635986328125,7322700.0,META
2025-06-13 04:00:00+00:00,685.1754345871889,691.768730540237,678.2634219344503,680.1159057617188,9274400.0,META
2025-06-16 04:00:00+00:00,697.0454910726894,704.8399525033387,691.2444961715431,699.8263549804688,13720300.0,META
2025-06-17 04:00:00+00:00,699.7066458929623,703.6636471536132,693.7860487635145,694.9522094726562,10066100.0,META
2025-06-18 04:00:00+00:00,695.8991705300261,699.2980647722242,692.6299173050131,693.4970703125,10068300.0,META
2025-06-20 04:00:00+00:00,698.4608895095022,699.5274014858925,676.4530002808796,680.1209716796875,22538600.0,META
2025-06-23 04:00:00+00:00,681.4564999402276,696.7663067524254,676.5326356722177,696.248046875,11080100.0,META
2025-06-24 04:00:00+00:00,702.5872352556954,710.8601081222891,699.8162879347926,709.8733520507812,13823200.0,META
2025-06-25 04:00:00+00:00,710.9896633208298,714.2390229657091,703.0756000608375,706.3648071289062,9320400.0,META
2025-06-26 04:00:00+00:00,712.026356119824,725.8410644855094,708.7271714667934,723.7180786132812,13964800.0,META
2025-06-27 04:00:00+00:00,724.1466398304902,733.0275060697373,723.4887618360168,731.2333984375,18775700.0,META
2025-06-30 04:00:00+00:00,742.1176905331245,745.4567832484664,731.851350759088,735.6788330078125,15402100.0,META
2025-07-01 04:00:00+00:00,734.4727647300622,735.3399177465482,713.0330238804761,716.8704223632812,13431200.0,META
2025-07-02 04:00:00+00:00,712.9931517050737,717.946886332231,710.4713875973353,711.2388916015625,9336700.0,META
2025-07-03 04:00:00+00:00,724.23628063908,726.6484187341657,712.0861007528597,716.6611328125,8601700.0,META
2025-07-07 04:00:00+00:00,715.2556849998467,724.6250009558648,711.1790804792781,716.0032348632812,9457100.0,META
2025-07-08 04:00:00+00:00,719.2128191233631,720.5484076114845,712.4748926138262,718.3157348632812,7770700.0,META
2025-07-09 04:00:00+00:00,720.3589150351036,735.1205906116353,720.3589150351036,730.3861083984375,11418000.0,META
2025-07-10 04:00:00+00:00,729.1601141641413,733.3962299961528,717.2491410105094,724.8641967773438,9913600.0,META
2025-07-11 04:00:00+00:00,720.1397657932962,722.791049443565,707.3815924903404,715.1660766601562,10873900.0,META
2025-07-14 04:00:00+00:00,715.2557188520466,725.6217684499236,714.2091611608587,718.5648803710938,8939400.0,META
2025-07-15 04:00:00+00:00,721.5351494521201,722.1032338104419,707.5011297082585,708.0692749023438,11529500.0,META
2025-07-16 04:00:00+00:00,711.0395596935507,711.637575280654,696.9856458747225,700.6137084960938,13067600.0,META
2025-07-17 04:00:00+00:00,702.0888975460598,703.5939743779064,694.8326508122145,699.1185913085938,11803300.0,META
2025-07-18 04:00:00+00:00,699.896109861645,702.4078970710398,689.3905635084973,701.9793090820312,12779800.0,META
2025-07-21 04:00:00+00:00,704.4909815749821,714.6576719200774,703.4544009949688,710.6408081054688,9404400.0,META
2025-07-22 04:00:00+00:00,713.8503357336546,714.258969568067,699.1185901916039,702.5075073242188,8921100.0,META
2025-07-23 04:00:00+00:00,704.062433018762,712.2954590710364,702.6271347622425,711.2489013671875,8771600.0,META
2025-07-24 04:00:00+00:00,714.7075545657141,721.256099225235,711.6675303636672,712.4649047851562,10920800.0,META
2025-07-25 04:00:00+00:00,714.5779456568456,718.2958018452817,709.5743863825453,710.351806640625,8271700.0,META
2025-07-28 04:00:00+00:00,712.8635901780652,722.3724029167645,710.3518030699777,715.28564453125,8715700.0,META
2025-07-29 04:00:00+00:00,717.6479213169642,722.1032896273051,697.6235240780348,697.7132568359375,13267000.0,META
2025-07-30 04:00:00+00:00,705.7768943450448,706.1855282217244,688.9420546609523,692.93896484375,27077300.0,META
2025-07-31 04:00:00+00:00,772.667590247117,782.1863801577031,763.0092430876867,770.913330078125,38831100.0,META
2025-08-01 04:00:00+00:00,758.2448261685668,763.497629588928,742.8752172910131,747.5598754882812,19028700.0,META
2025-08-04 04:00:00+00:00,757.5171630668631,774.3120916242385,755.9323306553437,773.8336791992188,15801700.0,META
2025-08-05 04:00:00+00:00,773.913496774336,780.571667176634,760.507423214992,760.9659423828125,11640300.0,META
2025-08-06 04:00:00+00:00,767.4845892138412,771.1127127816184,757.9757760743282,769.4680786132812,9733900.0,META
2025-08-07 04:00:00+00:00,770.9631295472946,772.4682063669705,757.0686667309535,759.3412475585938,9019700.0,META
2025-08-08 04:00:00+00:00,760.2582747146965,767.3849416766147,756.101914160301,766.786865234375,7320800.0,META
2025-08-11 04:00:00+00:00,767.5643106154529,770.9332736584846,762.171949999175,763.3680419921875,7612000.0,META
2025-08-12 04:00:00+00:00,770.4747258826147,791.077183084039,769.9065806861354,787.419189453125,14563100.0,META
2025-08-13 04:00:00+00:00,788.5655214330485,792.861439232817,775.687684264025,777.5316772460938,8811800.0,META
2025-08-14 04:00:00+00:00,775.3387743217048,785.2363270315518,769.986322264654,779.5748901367188,8116200.0,META
2025-08-15 04:00:00+00:00,781.5883668624648,793.6488143059948,778.269228256533,782.664794921875,13375400.0,META
2025-08-18 04:00:00+00:00,772.5579712024165,773.2755899130946,754.0884756033142,764.8631591796875,16513700.0,META
2025-08-19 04:00:00+00:00,764.6140081257292,764.663832621222,746.9120158198551,749.0250854492188,12286700.0,META
2025-08-20 04:00:00+00:00,745.1278702665168,747.7492835360712,728.611993296026,745.27734375,11898200.0,META
2025-08-21 04:00:00+00:00,742.2772053426181,743.0646026719377,730.7150636889187,736.6854858398438,8876300.0,META
2025-08-22 04:00:00+00:00,736.8149930490538,754.4273107995948,731.9908388934149,752.3241577148438,10612700.0,META
2025-08-25 04:00:00+00:00,752.354165267511,756.40089964729,747.6794841015795,750.839111328125,6861200.0,META
2025-08-26 04:00:00+00:00,748.3472672479323,752.4039786334924,745.4966249237331,751.636474609375,7601800.0,META
2025-08-27 04:00:00+00:00,749.8423255190061,751.6863183207686,740.4132689939565,744.9384155273438,8315400.0,META
2025-08-28 04:00:00+00:00,741.5694916361576,750.5899148175357,738.3799332684189,748.65625,7468000.0,META
2025-08-29 04:00:00+00:00,742.8453254860702,744.6992345800578,732.9477115811937,736.2868041992188,9070500.0,META
2025-09-02 04:00:00+00:00,723.6681793458474,733.595664312695,719.3722615167949,732.7085571289062,9350900.0,META
2025-09-03 04:00:00+00:00,733.5955932459119,737.8317091036498,731.5921498947655,734.6421508789062,7699300.0,META
2025-09-04 04:00:00+00:00,746.1245900119145,758.6734271200463,743.3835736708148,746.204345703125,11439100.0,META
2025-09-05 04:00:00+00:00,750.1613099282893,755.4739147328357,742.596139272426,749.9918823242188,9663400.0,META
2025-09-08 04:00:00+00:00,753.5302710608411,764.0059463353695,749.5632925404257,749.8423461914062,13087800.0,META
2025-09-09 04:00:00+00:00,755.0154070864886,763.7966239723705,750.9686728075005,763.1986083984375,10999000.0,META
2025-09-10 04:00:00+00:00,762.6304417530438,763.1985869501963,748.5465974429485,749.5233764648438,12478300.0,META
2025-09-11 04:00:00+00:00,752.1846484905694,754.6265958852796,745.9251355026145,748.4468994140625,7923300.0,META
2025-09-12 04:00:00+00:00,746.2840072815898,755.095155276553,741.330272625368,753.1216430664062,8248600.0,META
2025-09-15 04:00:00+00:00,754.9954213012545,771.5412279036273,749.5333431691193,762.2018432617188,10533800.0,META
2025-09-16 04:00:00+00:00,764.494341124313,778.8074148399552,762.6005237676653,776.4551391601562,11782500.0,META
2025-09-17 04:00:00+00:00,777.4419223006557,780.7311297077449,763.8066193659058,773.1858520507812,9400900.0,META
2025-09-18 04:00:00+00:00,778.1994774600552,786.203274581819,770.8336042127465,777.7011108398438,10955000.0,META
2025-09-19 04:00:00+00:00,783.8508708699721,788.2165669565625,766.6771780735046,775.837158203125,23696800.0,META
2025-09-22 04:00:00+00:00,779.8217552362186,783.6916948825968,762.4868363426395,763.175048828125,11706900.0,META
2025-09-23 04:00:00+00:00,767.254476840496,768.6009504341728,749.1216451610411,753.4404296875,10872600.0,META
2025-09-24 04:00:00+00:00,755.5349916265823,759.1356124217834,750.5779133776451,758.686767578125,8828200.0,META
2025-09-25 04:00:00+00:00,751.4955472633491,754.806942419776,742.6186096970315,746.96728515625,10591100.0,META
2025-09-26 04:00:00+00:00,748.0544659269957,749.9794521140951,735.4372562509625,741.8206787109375,9696300.0,META
2025-09-29 04:00:00+00:00,746.777703342028,748.8324179023273,737.2325826153279,741.4715576171875,9246800.0,META
2025-09-30 04:00:00+00:00,740.3245554260684,741.0426584785586,724.4159185837501,732.4749755859375,16226800.0,META
2025-10-01 04:00:00+00:00,719.618385039583,719.9774365591268,708.3576941566364,715.4791870117188,20419600.0,META
2025-10-02 04:00:00+00:00,720.7056259804448,725.8821654223162,716.2771410193245,725.1640014648438,11415300.0,META
2025-10-03 04:00:00+00:00,727.7372737109582,729.1037149276121,708.3377167266436,708.7167358398438,16154300.0,META
2025-10-06 04:00:00+00:00,703.3607165744016,715.0203947681905,688.718804278428,713.8035278320312,21654700.0,META
2025-10-07 04:00:00+00:00,715.8581417735932,716.636147605649,703.9192222306009,711.230224609375,12062900.0,META
2025-10-08 04:00:00+00:00,711.5993392573523,717.783268775081,705.9739546774089,715.9779663085938,10790600.0,META
2025-10-09 04:00:00+00:00,716.416706057987,731.607177734375,710.5918290846139,731.607177734375,12717200.0,META
2025-10-10 04:00:00+00:00,729.0239332852144,733.3626856542741,702.6824691715568,703.4703979492188,16980100.0,META
2025-10-13 04:00:00+00:00,711.1603595995662,718.072374881022,705.8042950194317,713.8433837890625,9251800.0,META
2025-10-14 04:00:00+00:00,705.9439682909708,713.6937706407739,697.5158763660478,706.8117065429688,8829800.0,META
2025-10-15 04:00:00+00:00,715.1999404706222,722.0222242634773,707.6695373823591,715.6886596679688,10246800.0,META
2025-10-16 04:00:00+00:00,715.6886043056783,723.6080097298942,702.0540824517458,710.2228393554688,9017000.0,META
2025-10-17 04:00:00+00:00,705.2458014471516,716.6760344343375,704.2882698394852,715.0602416992188,12232400.0,META
2025-10-20 04:00:00+00:00,719.3191330444083,731.866515781436,718.3117433877071,730.2706298828125,8900200.0,META
2025-10-21 04:00:00+00:00,734.1107864324557,736.5843338414116,726.859625303898,731.367919921875,7647300.0,META
2025-10-22 04:00:00+00:00,731.9264616753367,738.6788588958609,722.1518950553793,731.5075073242188,8734500.0,META
2025-10-23 04:00:00+00:00,732.7941435868839,740.4841042897723,731.1982575844598,732.095947265625,9856000.0,META
2025-10-24 04:00:00+00:00,734.8787064697904,739.2872845910176,729.253383189777,736.4446411132812,9151300.0,META
2025-10-27 04:00:00+00:00,747.7851152228061,753.7895182960361,746.069606274355,748.872314453125,11321100.0,META
2025-10-28 04:00:00+00:00,750.677577029167,756.4326283200122,743.5860359773924,749.4906616210938,12193800.0,META
2025-10-29 04:00:00+00:00,752.7921200604676,757.1906533932021,740.5838813084906,749.7200927734375,26818600.0,META
2025-10-30 04:00:00+00:00,667.414190282622,679.1935516668058,648.4833846789722,664.7410888671875,88440100.0,META
2025-10-31 04:00:00+00:00,672.7603267493847,673.139345897249,643.8953948481166,646.6681518554688,56953200.0,META
2025-11-03 05:00:00+00:00,654.298319497033,657.6196984387726,634.5297257704245,636.0557861328125,33003600.0,META
2025-11-04 05:00:00+00:00,626.410791028598,640.0752642850032,624.3860886703497,625.6926879882812,27356600.0,META
2025-11-05 05:00:00+00:00,630.6697208898194,640.5639703518489,624.9146693781357,634.30029296875,20219900.0,META
2025-11-06 05:00:00+00:00,634.2005186436334,634.3501538797125,616.3968476378337,617.3344116210938,23628800.0,META
2025-11-07 05:00:00+00:00,614.8907991985972,620.516183502649,599.6404837711106,620.0972900390625,29946800.0,META
2025-11-10 05:00:00+00:00,629.4529098843899,633.3527401283538,616.5065400363918,630.1211547851562,19245000.0,META
2025-11-11 05:00:00+00:00,626.3709044869131,627.9268552540688,617.7832543081277,625.4533081054688,13302200.0,META
2025-11-12 05:00:00+00:00,626.5005716840028,627.3583261459861,606.1934022078184,607.43017578125,24493300.0,META
2025-11-13 05:00:00+00:00,611.4796659420805,616.0478021853295,601.4357808374693,608.3079223632812,20973800.0,META
2025-11-14 05:00:00+00:00,600.2288811530552,612.088052043071,593.6560102918138,607.8790283203125,20724100.0,META
2025-11-17 05:00:00+00:00,607.4600346656293,610.1031845088386,593.8554651895852,600.4483032226562,16501300.0,META
2025-11-18 05:00:00+00:00,590.065358149623,602.0940719298206,582.2656968950795,596.1395874023438,25500600.0,META
2025-11-19 05:00:00+00:00,592.1798400423816,593.7857099116716,579.7422168855177,588.7886962890625,24744700.0,META
2025-11-20 05:00:00+00:00,601.9344542639864,605.1460720070379,581.8367012414765,587.6217041015625,20603000.0,META
2025-11-21 05:00:00+00:00,586.9734117815261,596.5684523172222,580.3506215479276,592.70849609375,21052600.0,META
2025-11-24 05:00:00+00:00,597.1668722231478,615.1002729325323,596.0797338085368,611.459716796875,23554900.0,META
2025-11-25 05:00:00+00:00,622.3812488080194,635.3973829418613,616.6960233021972,634.5695190429688,25213000.0,META
2025-11-26 05:00:00+00:00,636.0357415239101,636.7039864006342,629.9914644832529,631.96630859375,15209500.0,META
2025-11-28 05:00:00+00:00,634.4299618769652,646.3688812783262,633.8514494094911,646.2691650390625,11033200.0,META
2025-12-01 05:00:00+00:00,637.8908755177382,643.6459265392308,636.1055410281542,639.2074584960938,13029900.0,META
2025-12-02 05:00:00+00:00,640.6737247939117,646.1893476978298,636.4147821721649,645.4213256835938,11640900.0,META
2025-12-03 05:00:00+00:00,642.7383158920676,647.1668005690203,635.8961259576193,637.9407958984375,11134300.0,META
2025-12-04 05:00:00+00:00,674.2463992276428,674.3461154685141,658.3377626918029,659.81396484375,29874600.0,META
2025-12-05 05:00:00+00:00,662.2775487290173,672.9398207362489,660.6717397649775,671.673095703125,21207900.0,META
2025-12-08 05:00:00+00:00,667.603701448277,674.9545781663558,663.344758713728,665.0702514648438,13161000.0,META
2025-12-09 05:00:00+00:00,662.0481300460407,662.7562492699393,651.6451938720459,655.2557983398438,12997100.0,META
2025-12-10 05:00:00+00:00,648.2640167126568,652.812185461044,641.7310198416047,648.4435424804688,16910900.0,META
2025-12-11 05:00:00+00:00,641.6212380225077,653.5801862453618,639.1377070000864,651.016845703125,13056700.0,META
2025-12-12 05:00:00+00:00,648.1143349664432,709.1555875928369,636.9533606253732,642.5587768554688,14016900.0,META
2025-12-15 05:00:00+00:00,644.5502809809109,651.8372704406642,637.5627451568915,646.3570556640625,15549100.0,META
2025-12-16 05:00:00+00:00,642.3541401459643,661.3602142938313,642.054686531657,655.9798583984375,14309100.0,META
2025-12-17 05:00:00+00:00,654.4426118233187,660.0526000253047,648.0440522221027,648.343505859375,15598500.0,META
2025-12-18 05:00:00+00:00,655.8601356908653,669.366012780715,655.2911433094866,663.2669067382812,20260300.0,META
2025-12-19 05:00:00+00:00,665.2333263832898,669.8051880946751,657.0080086354003,657.5969848632812,49977100.0,META
2025-12-22 05:00:00+00:00,660.4718397886508,672.380589007267,655.4807431709672,660.3220825195312,15659400.0,META
2025-12-23 05:00:00+00:00,658.8746741689592,664.8140915262984,657.0778915122911,663.7559814453125,8486800.0,META
2025-12-24 05:00:00+00:00,661.3503688947783,666.9902722948509,661.0209394131572,666.3613891601562,5627500.0,META
2025-12-26 05:00:00+00:00,666.8704124858896,667.7588423243637,660.1424238558649,662.10888671875,7133800.0,META
2025-12-29 05:00:00+00:00,656.8383689858442,659.0743707339258,653.2248195668056,657.5171508789062,8506500.0,META
2025-12-30 05:00:00+00:00,657.5171386037911,671.0230153954109,656.6686764849229,664.7642211914062,9187500.0,META
2025-12-31 05:00:00+00:00,663.5663484641349,663.8159033150052,658.2658058687088,658.9146728515625,7940400.0,META
2026-01-02 05:00:00+00:00,661.5499631466852,663.2070415689074,642.3542224297569,649.2518920898438,13726500.0,META
2026-01-05 05:00:00+00:00,649.8508280292294,663.3567049684374,646.5966230035071,657.616943359375,12213700.0,META
2026-01-06 05:00:00+00:00,658.3956073528642,664.3350252422523,650.7392812609531,659.4437255859375,11074400.0,META
2026-01-07 05:00:00+00:00,654.4726104611178,657.9763704555172,643.6618768302103,647.5349731445312,12846300.0,META
2026-01-08 05:00:00+00:00,644.7299347572825,645.9477331499952,634.5879917891143,644.9096069335938,11921700.0,META
2026-01-09 05:00:00+00:00,644.2906685217797,653.7837438291153,641.7052537227476,651.8970947265625,11634900.0,META
2026-01-12 05:00:00+00:00,651.3681600668523,652.8055375702352,640.0882316599212,640.826904296875,14797200.0,META
2026-01-13 05:00:00+00:00,641.1263941859123,641.1263941859123,622.9887038024194,629.96630859375,18030400.0,META
2026-01-14 05:00:00+00:00,625.3844405077801,627.3309804807691,613.7252454803604,614.4240112304688,15527900.0,META
2026-01-15 05:00:00+00:00,617.378703801015,623.0585745209008,613.1362714280776,619.694580078125,13076100.0,META
2026-01-16 05:00:00+00:00,623.0685636897582,627.9598630097294,618.9758886129073,619.1455688476562,17012500.0,META
2026-01-20 05:00:00+00:00,606.7976262932837,610.3113781504126,598.9316523845154,603.0443115234375,15169600.0,META
2026-01-21 05:00:00+00:00,605.659634898437,617.169133937088,599.0115204374271,611.8685913085938,14494700.0,META
2026-01-22 05:00:00+00:00,628.2293275614567,659.3937675491238,625.4343255489129,646.476806640625,21394700.0,META
2026-01-23 05:00:00+00:00,643.6219561683764,665.3032527677875,643.3025186421843,657.5870361328125,22797700.0,META
2026-01-26 05:00:00+00:00,663.9456740004919,674.0776252750454,660.1124846991261,671.1627807617188,16327400.0,META
2026-01-27 05:00:00+00:00,673.3888389297905,675.6148486525956,663.4764668627315,671.7716674804688,13297400.0,META
2026-01-28 05:00:00+00:00,673.2989910894674,676.4733214975852,664.9139236867763,667.5392456054688,25709600.0,META
2026-01-29 05:00:00+00:00,736.1169233837337,742.6752321400184,711.2812198864386,736.995361328125,59852900.0,META
2026-01-30 05:00:00+00:00,726.2045952530067,730.8662626744616,712.3193905555435,715.2241821289062,23744600.0,META
2026-02-02 05:00:00+00:00,713.3275184694113,720.0156002559207,702.2672920108814,705.152099609375,14365200.0,META
2026-02-03 05:00:00+00:00,706.1104025957663,715.7232596178901,685.1877035052055,690.4683227539062,13760700.0,META
2026-02-04 05:00:00+00:00,686.5053883494637,687.603466213174,666.2715231343633,667.7987670898438,16882800.0,META
2026-02-05 05:00:00+00:00,662.3984025060512,680.2864759062725,652.3363345630947,669.0166015625,17131800.0,META
2026-02-06 05:00:00+00:00,664.3050190645899,670.7934451675868,645.3488423980709,660.2822265625,18159300.0,META
2026-02-09 05:00:00+00:00,661.9991209626965,682.0932819515241,657.6069922476072,676.0140991210938,14837500.0,META
2026-02-10 05:00:00+00:00,676.3934502400131,679.4380681924739,668.597359057372,669.5256958007812,10455800.0,META
2026-02-11 05:00:00+00:00,672.7998711552045,678.0605068549233,655.9299390360635,667.4993286132812,14323800.0,META
2026-02-12 05:00:00+00:00,668.7770306530766,674.7963229561075,644.1310518439949,648.6529541015625,14960100.0,META
2026-02-13 05:00:00+00:00,643.9513250294082,650.2700710327099,633.4401061931457,638.630859375,12336400.0,META
2026-02-17 05:00:00+00:00,638.3612593202278,641.4557148619026,627.6803003409905,638.151611328125,12674700.0,META
2026-02-18 05:00:00+00:00,632.67143641335,643.8515057528024,627.0315334227189,642.0746459960938,14649200.0,META
2026-02-19 05:00:00+00:00,637.432932921519,646.0375787806976,635.5861905818066,643.6318969726562,10035700.0,META
2026-02-20 05:00:00+00:00,638.5509584025834,662.1688021543367,637.6426055733327,654.4924926757812,14183500.0,META
2026-02-23 05:00:00+00:00,651.3780476889771,656.5288937722072,634.8675211939732,636.1152954101562,8605900.0,META
2026-02-24 05:00:00+00:00,631.9527259539814,639.9683956881865,627.8599900449855,638.16162109375,10135600.0,META
2026-02-25 05:00:00+00:00,641.3859599741169,652.7157261405878,640.9966397738364,652.5260620117188,11330700.0,META
2026-02-26 05:00:00+00:00,649.3916295582877,659.823034651462,646.3470725216666,655.8401489257812,10637700.0,META
2026-02-27 05:00:00+00:00,642.3043203814821,648.2836451675449,636.983793627941,647.02587890625,15703000.0,META
2026-03-02 05:00:00+00:00,636.0254184162494,658.764884603327,633.3701817354564,652.396240234375,9816100.0,META
2026-03-03 05:00:00+00:00,647.1356255764312,657.866484005116,637.7025010942567,653.91357421875,12263800.0,META
2026-03-04 05:00:00+00:00,656.788453587829,671.5720803574089,656.4989309709863,666.541015625,10810100.0,META
2026-03-05 05:00:00+00:00,660.751362594833,669.5057662619517,649.1520579976961,659.393798828125,13341400.0,META
2026-03-06 05:00:00+00:00,646.7463568472266,648.3135076492586,634.9773114336934,643.7117309570312,13159400.0,META
2026-03-09 04:00:00+00:00,633.6497720389343,646.596649067328,625.6640164348609,646.2373046875,13489700.0,META
2026-03-10 04:00:00+00:00,652.3962328583322,659.1242214972237,647.8443550809549,652.9053344726562,9859300.0,META
2026-03-11 04:00:00+00:00,653.5941111270305,657.9463328691638,647.2054829186618,653.6939086914062,8977200.0,META
2026-03-12 04:00:00+00:00,647.5948263527883,652.336368433984,635.7659510050273,637.0436401367188,11617500.0,META
2026-03-13 04:00:00+00:00,622.7790526456299,628.0496188589474,608.4645611002024,612.6171875,18957600.0,META
2026-03-16 04:00:00+00:00,631.4147932406764,634.1622468505053,622.5230098937741,626.8690185546875,15134900.0,META
2026-03-17 04:00:00+00:00,627.4085169382369,635.9605885584036,621.1243629754691,622.0834350585938,10348800.0,META
2026-03-18 04:00:00+00:00,615.769347359454,622.0735023862151,614.04090772979,615.1099243164062,11726300.0,META
2026-03-19 04:00:00+00:00,611.5832104537112,612.4323990135786,601.7023533616688,606.1382446289062,13247700.0,META
2026-03-20 04:00:00+00:00,602.9712077810872,603.400802317344,586.7062525156723,593.1102905273438,21214900.0,META
2026-03-23 04:00:00+00:00,605.2290499891692,608.0764476338709,598.4553596033379,603.5006713867188,13638000.0,META
2026-03-24 04:00:00+00:00,598.5452420228083,600.443507118967,590.4527665679026,592.3709716796875,10739700.0,META
2026-03-25 04:00:00+00:00,598.1855830392399,603.1110107561809,592.850561795072,594.3391723632812,12585000.0,META
2026-03-26 04:00:00+00:00,581.9506076701073,582.460145169462,542.8468364624507,547.032958984375,35780100.0,META
2026-03-27 04:00:00+00:00,539.599843303006,543.0966023049141,519.7782492802263,525.233154296875,30133000.0,META
2026-03-30 04:00:00+00:00,535.8833618164062,539.0504095872608,528.0505941707193,535.8833618164062,22795200.0,META
2026-03-31 04:00:00+00:00,549.4707059552647,573.1587727471259,546.2637174010383,571.6002197265625,32898300.0,META
2026-04-01 04:00:00+00:00,579.5928556215499,592.0013387220274,573.2887005646345,578.6936645507812,23608100.0,META
2026-04-02 04:00:00+00:00,565.5158531822124,577.9643377947169,559.1817578546791,573.9281005859375,13518500.0,META
2026-04-06 04:00:00+00:00,577.1550997330287,582.2503530791108,571.4703658572956,572.4894409179688,9515700.0,META
2026-04-07 04:00:00+00:00,571.9498894780604,574.6973431004155,564.2370671243236,574.5175170898438,9580800.0,META
2026-04-08 04:00:00+00:00,605.4388670235439,629.3667024291958,591.2820049792073,611.8529052734375,32036600.0,META
2026-04-09 04:00:00+00:00,626.3894374266143,636.9097166035551,622.4231426572783,627.8081665039062,19012900.0,META
2026-04-10 04:00:00+00:00,633.882449891805,637.9886903650855,623.7518859014353,629.2767333984375,13294800.0,META
2026-04-13 04:00:00+00:00,628.9171329935918,634.4120404303904,623.8218795800174,633.9425048828125,9538900.0,META
2026-04-14 04:00:00+00:00,642.624350345733,665.6430543798978,638.7779398291946,661.8765258789062,17818000.0,META
2026-04-15 04:00:00+00:00,666.3824145357423,677.8717665104965,663.6049593103575,670.9581909179688,14952600.0,META
2026-04-16 04:00:00+00:00,675.3640350842893,676.9525896021297,667.131674939706,676.2432250976562,9544800.0,META
2026-04-17 04:00:00+00:00,677.9716157075654,690.8796961433965,674.5048580761284,687.9124145507812,16283500.0,META
2026-04-20 04:00:00+00:00,680.7290935491282,682.7472426832454,667.381478611767,670.2887573242188,12534000.0,META
2026-04-21 04:00:00+00:00,670.3786762058809,675.5738733736962,666.7120915784461,668.220703125,8660100.0,META
2026-04-22 04:00:00+00:00,673.7355628200382,677.7518600207422,669.1298460769134,674.09521484375,9215600.0,META
2026-04-23 04:00:00+00:00,663.0854475032797,668.9400066983026,652.4452846667049,658.5396728515625,11667000.0,META
2026-04-24 04:00:00+00:00,659.7085674039201,680.0396994180859,653.2345872360809,674.4049682617188,13348300.0,META
2026-04-27 04:00:00+00:00,670.3786986745525,681.8680504402118,670.2188736545023,677.9916381835938,12805200.0,META
2026-04-28 04:00:00+00:00,673.6156618787633,677.5520159823654,665.0136491453696,670.7183837890625,10606800.0,META
2026-04-29 04:00:00+00:00,668.290599742094,673.6256820299297,663.1953464496755,668.5004272460938,18947500.0,META
2026-04-30 04:00:00+00:00,618.7465567527638,620.2751083620838,599.4444385151393,611.3433837890625,52765000.0,META
2026-05-01 04:00:00+00:00,614.120842749119,618.3069655430758,605.548770151405,608.1863403320312,21404000.0,META
2026-05-04 04:00:00+00:00,607.3771038685389,613.4314904063681,602.1919069095087,609.8447875976562,16203900.0,META
2026-05-05 04:00:00+00:00,612.7420849871345,613.7811000159977,599.8040642277598,604.3998413085938,17171300.0,META
2026-05-06 04:00:00+00:00,600.4934370812971,619.3759607512419,597.5461564796674,612.3125,19915500.0,META
2026-05-07 04:00:00+00:00,614.150739078972,624.4012480600104,612.9718390781961,616.2388305664062,12307400.0,META
2026-05-08 04:00:00+00:00,614.6303402495529,616.1988937552933,605.4987892063378,609.0654907226562,13557000.0,META
2026-05-11 04:00:00+00:00,604.010215830275,604.3498668649182,597.5262348938886,598.3054809570312,15940600.0,META
2026-05-12 04:00:00+00:00,594.2692320029287,603.1909559259367,592.0512559095129,602.441650390625,11351600.0,META
2026-05-13 04:00:00+00:00,598.275515544453,619.3260125714435,596.1074810052941,616.0590209960938,14634400.0,META
2026-05-14 04:00:00+00:00,615.429618202359,623.152441138389,614.4305441468357,617.8573608398438,10651200.0,META
2026-05-15 04:00:00+00:00,613.421486859321,620.6248329546977,608.7458274653094,613.6612548828125,13272600.0,META
2026-05-18 04:00:00+00:00,608.5459509764945,615.0199919776213,603.1309869574205,610.64404296875,13772400.0,META
2026-05-19 04:00:00+00:00,608.3561568042173,613.361527578881,599.9939118379299,602.052001953125,11749900.0,META
2026-05-20 04:00:00+00:00,600.2037495434126,607.4370360716302,597.2564688338498,604.499755859375,11329700.0,META
2026-05-21 04:00:00+00:00,599.4443949814065,609.0354809096541,594.2591985256718,606.8175659179688,13476100.0,META
2026-05-22 04:00:00+00:00,607.3171451453314,614.2407210713809,606.3880135859368,609.6949462890625,11688600.0,META
2026-05-26 04:00:00+00:00,608.3261927003538,613.9009818092591,604.7394901495815,611.7730102539062,12234200.0,META
2026-05-27 04:00:00+00:00,608.8357727220844,637.908804248614,608.4361186960156,634.6718139648438,23143600.0,META
2026-05-28 04:00:00+00:00,638.9078448274123,642.4046039468743,628.7272779804616,634.7017211914062,16772400.0,META
2026-05-29 04:00:00+00:00,632.9133899267435,633.9124639439917,622.7727642602187,631.92431640625,19806500.0,META
2026-06-01 04:00:00+00:00,629.8162791560948,635.1613007084701,598.974869401479,599.9139404296875,29138800.0,META
2026-06-02 04:00:00+00:00,602.68138962268,608.3161816139932,596.1274666259658,597.0765991210938,18252000.0,META
2026-06-03 04:00:00+00:00,602.4416570391962,623.5720977596394,599.7142043737263,622.4031372070312,23020100.0,META
2026-06-04 04:00:00+00:00,623.0924785224576,641.8051764288737,621.8536364911718,626.9888916015625,21469200.0,META
2026-06-05 04:00:00+00:00,622.8827460758752,628.567480013855,582.3702434655938,592.450927734375,30091600.0,META
2026-06-08 04:00:00+00:00,591.4518261333767,591.4518261333767,578.6836307521693,584.8479614257812,19512400.0,META
2026-06-09 04:00:00+00:00,590.4527436689563,597.0766092757164,580.4720040020986,584.0487060546875,16977400.0,META
2026-06-10 04:00:00+00:00,580.192266144374,590.7724873942649,570.0716409197756,570.4512939453125,17064000.0,META
2026-06-11 04:00:00+00:00,565.3060574843756,571.6401524850257,556.4942175026772,567.9036254882812,17628000.0,META
2026-06-12 04:00:00+00:00,572.4194595335534,575.5365655300229,560.3806300495169,566.4549560546875,14326400.0,META
2026-06-15 04:00:00+00:00,579.9000244140625,601.27001953125,579.2999877929688,593.47998046875,17653300.0,META
2026-06-16 04:00:00+00:00,593.6500244140625,605.8099975585938,592.0,600.2100219726562,11344400.0,META
2026-06-17 04:00:00+00:00,592.0,593.8099975585938,566.1900024414062,567.5800170898438,20478300.0,META
2026-06-18 04:00:00+00:00,572.8200073242188,580.219970703125,563.0999755859375,577.219970703125,28824600.0,META
2026-06-22 04:00:00+00:00,572.02001953125,575.8099975585938,559.8099975585938,563.8499755859375,15405500.0,META
2026-06-23 04:00:00+00:00,562.25,572.2000122070312,561.02001953125,562.2000122070312,13103300.0,META
2026-06-24 04:00:00+00:00,561.8900146484375,569.0399780273438,555.5499877929688,557.6699829101562,13963600.0,META
2026-06-25 04:00:00+00:00,555.5499877929688,556.3400268554688,540.1799926757812,542.8699951171875,16968600.0,META
2026-06-26 04:00:00+00:00,543.3400268554688,556.8499755859375,540.4000244140625,550.25,18867700.0,META
2026-06-29 04:00:00+00:00,560.0,570.9000244140625,558.0,562.5999755859375,15011400.0,META
2026-06-30 04:00:00+00:00,560.9400024414062,565.5399780273438,551.4299926757812,563.2899780273438,18111100.0,META
2026-07-01 04:00:00+00:00,607.9099731445312,628.280029296875,595.0999755859375,612.9099731445312,45536300.0,META
2026-07-02 04:00:00+00:00,607.9000244140625,610.0,580.4199829101562,582.9000244140625,21705900.0,META
2026-07-06 04:00:00+00:00,594.8400268554688,603.5800170898438,581.760009765625,600.2899780273438,17674100.0,META
2026-07-07 04:00:00+00:00,607.5900268554688,625.3699951171875,603.6599731445312,615.5800170898438,18560800.0,META
2026-07-08 04:00:00+00:00,614.3900146484375,616.0,598.010009765625,603.1199951171875,13606500.0,META
2026-07-09 04:00:00+00:00,583.989990234375,633.27001953125,577.0700073242188,631.47998046875,26579700.0,META
2026-07-10 04:00:00+00:00,660.3400268554688,677.8599853515625,658.010009765625,669.2100219726562,40608900.0,META
2026-07-13 04:00:00+00:00,661.3800048828125,676.6199951171875,654.2000122070312,656.72998046875,19840700.0,META
2026-07-14 04:00:00+00:00,652.0,666.5,649.0499877929688,661.0399780273438,16748200.0,META
2026-07-15 04:00:00+00:00,663.5999755859375,686.0800170898438,656.6599731445312,681.3099975585938,19003400.0,META
2026-07-16 04:00:00+00:00,677.280029296875,681.9000244140625,660.1599731445312,664.5399780273438,15816000.0,META
2026-07-17 04:00:00+00:00,647.7000122070312,652.2000122070312,626.0,646.010009765625,22267900.0,META
2026-07-20 04:00:00+00:00,646.7000122070312,653.2999877929688,636.010009765625,645.8499755859375,10225200.0,META
2026-07-21 04:00:00+00:00,654.1799926757812,655.8800048828125,643.2000122070312,643.8099975585938,9140500.0,META
2026-07-22 04:00:00+00:00,647.7000122070312,649.0,624.0,627.1699829101562,11019600.0,META
2026-07-23 04:00:00+00:00,608.4099731445312,614.6500244140625,597.219970703125,606.0999755859375,15494800.0,META
2026-07-24 04:00:00+00:00,605.2999877929688,609.97998046875,594.4500122070312,595.1900024414062,11503500.0,META
2026-07-27 04:00:00+00:00,607.219970703125,611.260009765625,593.1300048828125,593.8699951171875,11195300.0,META
2026-07-28 04:00:00+00:00,596.8200073242188,601.0,587.0,593.4099731445312,12009300.0,META
2026-07-29 04:00:00+00:00,593.25,599.969970703125,582.219970703125,585.6099853515625,22371100.0,META
2026-07-30 04:00:00+00:00,526.0,539.8800048828125,524.489990234375,539.030029296875,42271500.0,META
2026-07-31 04:00:00+00:00,543.5999755859375,558.3300170898438,540.219970703125,556.7100219726562,24261500.0,META
2026-08-03 04:00:00+00:00,562.239990234375,597.52001953125,559.3599853515625,590.239990234375,25938100.0,META
2026-08-04 04:00:00+00:00,581.5,592.7899780273438,578.25,587.9400024414062,17959200.0,META
2026-08-05 04:00:00+00:00,600.4600219726562,601.0,580.1199951171875,588.77001953125,14897200.0,META
2026-08-06 04:00:00+00:00,586.9500122070312,595.3099975585938,586.0,589.9000244140625,11811500.0,META
2026-08-07 04:00:00+00:00,585.6400146484375,598.739990234375,585.6199951171875,592.0999755859375,11250300.0,META
2026-08-10 04:00:00+00:00,599.1300048828125,608.2100219726562,592.030029296875,594.9199829101562,14967300.0,META
2026-08-11 04:00:00+00:00,598.0,612.4299926757812,593.4000244140625,599.1199951171875,13146900.0,META
2026-08-12 04:00:00+00:00,601.0700073242188,604.5,578.2100219726562,578.8499755859375,16186900.0,META
2026-08-13 04:00:00+00:00,580.7100219726562,595.8499755859375,579.3900146484375,594.969970703125,11164200.0,META
2026-08-14 04:00:00+00:00,596.97998046875,601.8599853515625,589.2899780273438,589.8499755859375,8758000.0,META
2026-08-17 04:00:00+00:00,589.75,590.239990234375,564.75,568.969970703125,17225600.0,META
2026-08-18 04:00:00+00:00,557.47998046875,560.6599731445312,543.2100219726562,543.6699829101562,27094900.0,META
2026-08-19 04:00:00+00:00,541.3400268554688,554.0700073242188,537.27001953125,546.030029296875,16971700.0,META
2026-08-20 04:00:00+00:00,546.9500122070312,549.989990234375,539.3099975585938,545.8300170898438,13872200.0,META
2026-08-21 04:00:00+00:00,546.8900146484375,553.8699951171875,543.22998046875,549.9000244140625,13848000.0,META
2026-08-24 04:00:00+00:00,550.2000122070312,561.4199829101562,546.2999877929688,559.02001953125,12990600.0,META
2026-08-25 04:00:00+00:00,563.8800048828125,570.7999877929688,561.4000244140625,570.0499877929688,9769100.0,META
2026-08-26 04:00:00+00:00,590.3099975585938,593.3400268554688,561.8800048828125,576.1400146484375,31416300.0,META
2026-08-27 04:00:00+00:00,576.47998046875,588.3900146484375,567.6199951171875,571.0999755859375,15221400.0,META
2026-08-28 04:00:00+00:00,571.5499877929688,589.1900024414062,571.0,578.02001953125,16042400.0,META
2026-08-31 04:00:00+00:00,577.6300048828125,578.6799926757812,569.1400146484375,572.3400268554688,13383800.0,META
2026-09-01 04:00:00+00:00,558.3499755859375,584.9500122070312,556.0999755859375,578.5399780273438,15796900.0,META
2026-09-02 04:00:00+00:00,578.7899780273438,600.3800048828125,577.0,592.8499755859375,16552700.0,META
2026-09-03 04:00:00+00:00,604.489990234375,619.4600219726562,604.3499755859375,610.6799926757812,19737100.0,META
2026-09-04 04:00:00+00:00,612.3499755859375,617.4600219726562,605.27001953125,616.77001953125,15942700.0,META
