datetime,open,high,low,close,volume,symbol
2021-09-07 04:00:00+00:00,288.8875324668998,288.96429776620096,286.1907010174333,288.0909423828125,17180400.0,MSFT
2021-09-08 04:00:00+00:00,287.70710570280636,288.503666632325,285.490137544591,288.1197814941406,15046800.0,MSFT
2021-09-09 04:00:00+00:00,288.70522581128586,289.97207310645393,285.03905983067443,285.27899169921875,19927000.0,MSFT
2021-09-10 04:00:00+00:00,286.40184654237044,287.84143755665605,283.48426721928973,283.80096435546875,19633400.0,MSFT
2021-09-13 04:00:00+00:00,285.5668027729655,286.5169525710251,282.23654837919304,285.02935791015625,23652900.0,MSFT
2021-09-14 04:00:00+00:00,287.4958964728086,289.25221376514764,286.0947028700539,287.7166442871094,21853400.0,MSFT
2021-09-15 04:00:00+00:00,291.0469559386454,293.0239921430995,289.6649460671842,292.54412841796875,28356300.0,MSFT
2021-09-16 04:00:00+00:00,291.52666332017634,293.01422835488853,288.6474825134752,292.9278564453125,19550800.0,MSFT
2021-09-17 04:00:00+00:00,291.92030251442793,292.23699967637344,287.467153222757,287.79345703125,41372500.0,MSFT
2021-09-20 04:00:00+00:00,284.39593784399835,286.689699826259,277.86019819512114,282.44769287109375,38278700.0,MSFT
2021-09-21 04:00:00+00:00,283.78178370843756,285.5572851714307,282.22703008079156,282.9276123046875,22364100.0,MSFT
2021-09-22 04:00:00+00:00,284.7799475033804,288.12938705763713,282.6493513126284,286.555419921875,26626300.0,MSFT
2021-09-23 04:00:00+00:00,286.8145429004646,288.78197237941265,285.5476956875188,287.4959411621094,18604600.0,MSFT
2021-09-24 04:00:00+00:00,286.21945226743645,287.72620170617705,284.971789339243,287.2943420410156,14999000.0,MSFT
2021-09-27 04:00:00+00:00,284.21372347893407,284.53042067540383,281.1425836817064,282.32305908203125,23571700.0,MSFT
2021-09-28 04:00:00+00:00,278.12895381807755,279.0694970956445,271.3628882146194,272.10186767578125,43186200.0,MSFT
2021-09-29 04:00:00+00:00,273.61823631743374,275.22096437346653,271.6124099419833,272.5625305175781,26353700.0,MSFT
2021-09-30 04:00:00+00:00,274.20372168206217,276.2383391909567,270.2784399241369,270.5663757324219,32343600.0,MSFT
2021-10-01 04:00:00+00:00,270.7582465838053,278.301717984921,269.96168585473896,277.4571533203125,30086300.0,MSFT
2021-10-04 04:00:00+00:00,275.8255502626874,276.1614605902717,268.9635076643741,271.70831298828125,31350700.0,MSFT
2021-10-05 04:00:00+00:00,272.6104927683687,278.70476619683035,272.6104927683687,277.1308288574219,24993000.0,MSFT
2021-10-06 04:00:00+00:00,274.270845855537,281.80471044780717,274.0117300480355,281.3056335449219,28002600.0,MSFT
2021-10-07 04:00:00+00:00,283.29231359523686,284.6935366211754,282.0830770442581,282.9756164550781,20430500.0,MSFT
2021-10-08 04:00:00+00:00,284.2904382451461,284.6935366211754,281.9295171528448,282.9756164550781,17685700.0,MSFT
2021-10-11 04:00:00+00:00,281.1233138675637,285.9699246769011,280.960147351055,282.38055419921875,19298600.0,MSFT
2021-10-12 04:00:00+00:00,283.4458821015579,283.5418606976777,280.57630659547624,281.0849609375,17974100.0,MSFT
2021-10-13 04:00:00+00:00,283.0331881435553,285.30773721131357,281.6703624588803,284.3768005371094,23416300.0,MSFT
2021-10-14 04:00:00+00:00,287.15996114857046,291.05645115386534,285.83553295482557,290.5574035644531,27262900.0,MSFT
2021-10-15 04:00:00+00:00,290.1639328949292,292.18897261999524,288.41722227281656,291.9586181640625,25384800.0,MSFT
2021-10-18 04:00:00+00:00,291.3444250695116,295.7975445356027,290.49986035476513,294.91461181640625,22729300.0,MSFT
2021-10-19 04:00:00+00:00,295.9319350570906,296.84365846900545,294.8474384623916,295.8167724609375,17682100.0,MSFT
2021-10-20 04:00:00+00:00,296.75725195686545,297.2275382211196,293.7820916523756,295.0297546386719,16537100.0,MSFT
2021-10-21 04:00:00+00:00,294.79951579299063,298.4944433215081,294.02210955476625,298.24493408203125,16918100.0,MSFT
2021-10-22 04:00:00+00:00,297.89931136627246,298.5615254647834,295.40401483593905,296.7092590332031,17449300.0,MSFT
2021-10-25 04:00:00+00:00,296.90124058009036,296.939637875098,294.11803710740327,295.7207946777344,17554500.0,MSFT
2021-10-26 04:00:00+00:00,298.475142899543,299.81875504845516,296.171803603044,297.6209716796875,28107300.0,MSFT
2021-10-27 04:00:00+00:00,303.27386241357704,312.96711513957035,303.27386241357704,310.1551208496094,52588700.0,MSFT
2021-10-28 04:00:00+00:00,311.2683538472866,311.78661480927093,308.41796248920383,311.2875671386719,26297900.0,MSFT
2021-10-29 04:00:00+00:00,311.0764222231841,318.62947157711153,310.8556743947785,318.2647705078125,34766000.0,MSFT
2021-11-01 04:00:00+00:00,318.0151944565091,318.1399636800593,313.2261650477916,316.1053466796875,27073200.0,MSFT
2021-11-02 04:00:00+00:00,317.00746021830776,320.02101741036,316.7099471564869,319.7138977050781,26487100.0,MSFT
2021-11-03 04:00:00+00:00,320.4528800727002,321.4126071943846,317.333766927226,320.5488586425781,21500100.0,MSFT
2021-11-04 04:00:00+00:00,319.4836051186062,322.98660357874707,316.23972246138726,322.890625,23992200.0,MSFT
2021-11-05 04:00:00+00:00,324.8773141787061,325.14603666479826,320.9520328371746,322.5259704589844,22570100.0,MSFT
2021-11-08 05:00:00+00:00,323.71603120896236,324.0519416472353,320.97122498059144,323.41851806640625,20897000.0,MSFT
2021-11-09 05:00:00+00:00,323.53369871472705,325.07887510156485,321.0576148411244,322.4204406738281,21307400.0,MSFT
2021-11-10 05:00:00+00:00,321.09594304990367,321.15352434002415,316.6332173342628,317.4777526855469,25500900.0,MSFT
2021-11-11 05:00:00+00:00,317.90964316198944,320.328145224204,317.1994543880921,319.0421142578125,16849800.0,MSFT
2021-11-12 05:00:00+00:00,320.4721079279366,323.6488025020353,320.3473387102782,323.1593322753906,23831000.0,MSFT
2021-11-15 05:00:00+00:00,323.94632259604236,324.2726263246895,320.5776708005054,322.5355224609375,16723000.0,MSFT
2021-11-16 05:00:00+00:00,322.1612942198898,326.95035397533974,321.9981569596239,325.8370666503906,20886800.0,MSFT
2021-11-17 05:00:00+00:00,325.8851065761686,329.0099268651389,324.9813100529108,326.05816650390625,19053400.0,MSFT
2021-11-18 05:00:00+00:00,325.1543261152059,329.2598774584323,324.1351564442823,328.12530517578125,22463500.0,MSFT
2021-11-19 05:00:00+00:00,329.44263177761013,331.8078723346504,329.0195768042026,329.8945007324219,21963400.0,MSFT
2021-11-22 05:00:00+00:00,331.3463268296399,336.2018344650954,326.47160009386823,326.7408142089844,31031100.0,MSFT
2021-11-23 05:00:00+00:00,324.0679363599428,326.3755197666998,320.7123690134607,324.6736755371094,30427600.0,MSFT
2021-11-24 05:00:00+00:00,323.3275835286007,325.13517671876446,321.0488729392215,324.8948059082031,21661300.0,MSFT
2021-11-26 05:00:00+00:00,321.4718896050423,324.9139862915625,315.4818391564863,316.98175048828125,24217200.0,MSFT
2021-11-29 05:00:00+00:00,322.03915370433015,325.9716160847785,321.84684534637535,323.6640625,28563500.0,MSFT
2021-11-30 05:00:00+00:00,322.4045150069706,324.7697551795586,316.31831064916247,317.856689453125,42885600.0,MSFT
2021-12-01 05:00:00+00:00,322.22187131790565,326.21202075185647,316.7029671084376,317.3663635253906,33337600.0,MSFT
2021-12-02 05:00:00+00:00,317.5779018588186,320.6450357362237,315.17419376318077,316.7991027832031,30766000.0,MSFT
2021-12-03 05:00:00+00:00,319.20279534885117,319.88546954113923,305.7804982116358,310.5686950683594,41779300.0,MSFT
2021-12-06 05:00:00+00:00,311.472416708919,314.8376070697841,306.9342159628672,313.6261291503906,30032600.0,MSFT
2021-12-07 05:00:00+00:00,318.8662948497607,322.8660390443126,317.38560254163633,322.01995849609375,31021900.0,MSFT
2021-12-08 05:00:00+00:00,322.39489389495935,322.5775780301863,318.0585957516276,322.0679931640625,24761000.0,MSFT
2021-12-09 05:00:00+00:00,321.5295293799617,323.5294010834797,319.3277251227278,320.2699890136719,22214200.0,MSFT
2021-12-10 05:00:00+00:00,322.0775956761069,329.7886790069199,321.894911553193,329.3464050292969,38095700.0,MSFT
2021-12-13 05:00:00+00:00,327.55799800380936,330.5482251781573,326.0196194452533,326.3273010253906,28899400.0,MSFT
2021-12-14 05:00:00+00:00,320.3853706539691,321.75068944249216,311.6262451506804,315.6933288574219,44438700.0,MSFT
2021-12-15 05:00:00+00:00,315.9529188096588,322.2794934666321,312.00123771055326,321.7602844238281,35381100.0,MSFT
2021-12-16 05:00:00+00:00,322.7794945853097,323.78906948093504,310.5782712717892,312.3858642578125,35034800.0,MSFT
2021-12-17 05:00:00+00:00,308.52073257010983,312.40513289702955,305.03054387453375,311.3282470703125,47750300.0,MSFT
2021-12-20 05:00:00+00:00,307.7227271735364,310.36680632368035,305.3382673007414,307.588134765625,28326500.0,MSFT
2021-12-21 05:00:00+00:00,310.8378448851712,315.1068317195721,307.4822492884366,314.68377685546875,24740600.0,MSFT
2021-12-22 05:00:00+00:00,315.6548897596977,320.760362669551,313.2031195933652,320.3661804199219,24831500.0,MSFT
2021-12-23 05:00:00+00:00,319.93351795028815,323.43333069819255,319.91429885047023,321.7987976074219,19617800.0,MSFT
2021-12-27 05:00:00+00:00,322.5391310058425,329.2887615338592,322.5102876848739,329.2599182128906,19947000.0,MSFT
2021-12-28 05:00:00+00:00,329.9329216504245,330.567504020854,327.21193737349995,328.1061096191406,15661500.0,MSFT
2021-12-29 05:00:00+00:00,328.15415682405353,331.0386060056612,326.59655896072684,328.7791442871094,15042000.0,MSFT
2021-12-30 05:00:00+00:00,328.7406955115323,329.9137060860202,325.76971620596595,326.2504577636719,15994500.0,MSFT
2021-12-31 05:00:00+00:00,325.47164761227714,326.288884758608,322.9140990920403,323.3659973144531,18000800.0,MSFT
2022-01-03 05:00:00+00:00,322.43340214531065,324.9813267976335,317.07793359354395,321.85650634765625,28865100.0,MSFT
2022-01-04 05:00:00+00:00,321.93336411107276,322.28913749513237,313.55885476913005,316.3375549316406,32674300.0,MSFT
2022-01-05 05:00:00+00:00,313.308871857317,313.5108044365724,303.8094433864934,304.19403076171875,40054300.0,MSFT
2022-01-06 05:00:00+00:00,301.0883900628225,306.42463822029214,299.4923247910214,301.790283203125,39646100.0,MSFT
2022-01-07 05:00:00+00:00,302.0498713577004,304.30936222208857,298.1462528184306,301.9441223144531,32720000.0,MSFT
2022-01-10 05:00:00+00:00,297.56942521329626,302.5979928961551,292.9543176051216,302.1653137207031,44289500.0,MSFT
2022-01-11 05:00:00+00:00,301.30958257691026,304.4151542522141,297.95401590280085,302.84796142578125,29386800.0,MSFT
2022-01-12 05:00:00+00:00,307.35726904389804,310.95320590504565,304.8670023701138,306.01116943359375,34372200.0,MSFT
2022-01-13 05:00:00+00:00,308.1264486110597,308.52066014986855,292.2908229193429,293.05999755859375,45366000.0,MSFT
2022-01-14 05:00:00+00:00,292.53120896925554,298.84815945566663,292.0504674590349,298.2520446777344,39846400.0,MSFT
2022-01-18 05:00:00+00:00,292.358208481325,297.86748852909545,290.1179361568295,290.9928894042969,42333200.0,MSFT
2022-01-19 05:00:00+00:00,294.49270951204926,301.8192070990576,291.0409882048272,291.6466979980469,45933900.0,MSFT
2022-01-20 05:00:00+00:00,297.1655242204412,299.64613716915983,289.5409719354608,289.9832458496094,35380700.0,MSFT
2022-01-21 05:00:00+00:00,291.0313502433303,292.39663994676283,284.22403280045586,284.62786865234375,57984400.0,MSFT
2022-01-24 05:00:00+00:00,280.94531414889065,285.66616935055157,265.4173418936867,284.9546813964844,85731500.0,MSFT
2022-01-25 05:00:00+00:00,280.29149648415216,283.6278434641429,274.18610328061175,277.3782043457031,72848600.0,MSFT
2022-01-26 05:00:00+00:00,296.1271750879496,296.61754086589866,281.74339590875957,285.2816467285156,90428900.0,MSFT
2022-01-27 05:00:00+00:00,291.0024659264915,295.46373205879246,286.4546404978711,288.29107666015625,53481300.0,MSFT
2022-01-28 05:00:00+00:00,288.66604220399256,296.5982766943393,283.1086718195925,296.3867492675781,49743700.0,MSFT
2022-01-31 05:00:00+00:00,297.05017439324195,300.3480539279597,294.56953190677376,299.0019836425781,46444500.0,MSFT
2022-02-01 05:00:00+00:00,298.4540257576921,298.6655532510583,293.37739525904294,296.8675842285156,40950400.0,MSFT
2022-02-02 05:00:00+00:00,297.7040073654435,302.9825400250582,296.98289506365415,301.386474609375,36636000.0,MSFT
2022-02-03 05:00:00+00:00,297.5693383559152,299.2423385828115,288.40640733788615,289.646728515625,43730000.0,MSFT
2022-02-04 05:00:00+00:00,288.6468494123292,296.9059861831538,288.41610284488047,294.1561584472656,35096500.0,MSFT
2022-02-07 05:00:00+00:00,294.37731117460294,295.98297161566165,288.3487929994967,289.3583679199219,28533300.0,MSFT
2022-02-08 05:00:00+00:00,289.6467780186861,293.7907677485287,288.3968617508122,292.82928466796875,32421200.0,MSFT
2022-02-09 05:00:00+00:00,297.9348214827328,299.91547470681274,295.55036170966486,299.22320556640625,31284700.0,MSFT
2022-02-10 05:00:00+00:00,292.3293112144285,297.21363213902004,289.1179613871902,290.7332458496094,45386200.0,MSFT
2022-02-11 05:00:00+00:00,291.51204526354115,292.5696824760353,282.8875412205064,283.67596435546875,39175600.0,MSFT
2022-02-14 05:00:00+00:00,282.4549382210914,285.3297932381347,280.12816506880574,283.6375732421875,36359500.0,MSFT
2022-02-15 05:00:00+00:00,288.4546070123702,289.2141576740427,285.5797520645728,288.8968811035156,27058300.0,MSFT
2022-02-16 05:00:00+00:00,287.47084335612135,289.8795209046397,282.95216192287677,288.5595703125,29982100.0,MSFT
2022-02-17 05:00:00+00:00,285.5343344781432,285.95826419364323,279.40667124960413,280.1100158691406,32461600.0,MSFT
2022-02-18 05:00:00+00:00,282.34522991631013,283.12563925409984,275.85144328731116,277.4122619628906,34264000.0,MSFT
2022-02-22 05:00:00+00:00,274.58928762159644,280.8903974019096,274.1075520292779,277.2099304199219,41736100.0,MSFT
2022-02-23 05:00:00+00:00,279.58010909240227,281.04460436118626,269.8683308283759,270.0321044921875,37811200.0,MSFT
2022-02-24 05:00:00+00:00,262.55554816759064,284.3781651371424,261.6016916782459,283.8289794921875,56989700.0,MSFT
2022-02-25 05:00:00+00:00,284.35883888428555,286.7578722133429,280.9963051733294,286.4495544433594,32546700.0,MSFT
2022-02-28 05:00:00+00:00,283.5592782167526,288.21286175496726,282.2971329778482,287.8756408691406,34627500.0,MSFT
2022-03-01 05:00:00+00:00,285.5729192190914,289.0125191995379,281.47816573841146,284.1759033203125,31217800.0,MSFT
2022-03-02 05:00:00+00:00,284.57087386389,290.4576988958387,282.97153735333467,289.2244567871094,31873000.0,MSFT
2022-03-03 05:00:00+00:00,291.82580808856017,292.05703176941057,283.30869674167064,285.11041259765625,27314500.0,MSFT
2022-03-04 05:00:00+00:00,283.53995896520416,284.85990985728677,276.6800484526404,279.2717590332031,32356500.0,MSFT
2022-03-07 05:00:00+00:00,277.99039157836177,279.1080218893395,268.35567793491134,268.7218017578125,43157200.0,MSFT
2022-03-08 05:00:00+00:00,267.6522801991081,273.58726615536074,260.1372168079997,265.7735290527344,48159500.0,MSFT
2022-03-09 05:00:00+00:00,273.0862641319039,279.0212499230222,270.52342735372963,277.96142578125,35204500.0,MSFT
2022-03-10 05:00:00+00:00,272.6816172407287,276.1308607136372,270.33074508462164,275.1577453613281,30628000.0,MSFT
2022-03-11 05:00:00+00:00,277.441127086034,278.9345249185214,269.22271985726513,269.83935546875,27209300.0,MSFT
2022-03-14 04:00:00+00:00,270.09941892286037,274.97457915037205,265.7445411955345,266.3418884277344,30660700.0,MSFT
2022-03-15 04:00:00+00:00,270.1091142008014,277.3062441058317,268.5482958074122,276.66070556640625,34245100.0,MSFT
2022-03-16 04:00:00+00:00,278.54916547604324,283.80973979385806,272.8550761301039,283.6363220214844,37826300.0,MSFT
2022-03-17 04:00:00+00:00,282.5764210911027,284.81165149082653,278.79960179018684,284.4359130859375,30816600.0,MSFT
2022-03-18 04:00:00+00:00,284.580435823197,290.0047824722256,282.0368875720342,289.4555969238281,43390600.0,MSFT
2022-03-21 04:00:00+00:00,287.9719290179041,289.17626805109586,284.1276588300462,288.2320556640625,28351200.0,MSFT
2022-03-22 04:00:00+00:00,288.84863696836237,293.8586986740922,287.85626286698505,292.9530334472656,27599700.0,MSFT
2022-03-23 04:00:00+00:00,289.53277788187336,292.15342106739143,286.8446846467914,288.5500183105469,25715400.0,MSFT
2022-03-24 04:00:00+00:00,288.2127985858923,293.0879606698215,287.4227451186162,292.9916076660156,24484500.0,MSFT
2022-03-25 04:00:00+00:00,294.0803733450445,294.34050002683153,288.3573511232307,292.58697509765625,22566500.0,MSFT
2022-03-28 04:00:00+00:00,293.2132183201872,299.446879031132,293.2132183201872,299.3505554199219,29578200.0,MSFT
2022-03-29 04:00:00+00:00,302.443281807603,304.2835155341289,297.7607959614938,303.88848876953125,30393400.0,MSFT
2022-03-30 04:00:00+00:00,302.29866543748443,304.40866924528797,300.198276345619,302.3949890136719,28163600.0,MSFT
2022-03-31 04:00:00+00:00,302.4335907750661,303.6283150055242,296.643149106342,297.04779052734375,33422100.0,MSFT
2022-04-01 04:00:00+00:00,298.0690878498517,298.8013353889546,294.3790059993479,298.1172790527344,27110500.0,MSFT
2022-04-04 04:00:00+00:00,298.76279420407815,303.59940925877385,298.3966704273003,303.46453857421875,24289600.0,MSFT
2022-04-05 04:00:00+00:00,301.826575864707,303.36813547948924,298.5507800600473,299.5238952636719,23156700.0,MSFT
2022-04-06 04:00:00+00:00,294.041722765152,295.7856029580551,285.8714779355689,288.5595703125,40110400.0,MSFT
2022-04-07 04:00:00+00:00,285.82338673563873,292.55804141565983,285.52471299808303,290.361328125,31411200.0,MSFT
2022-04-08 04:00:00+00:00,289.46525511827485,290.1204083993762,285.4572118764955,286.12200927734375,24361900.0,MSFT
2022-04-11 04:00:00+00:00,281.13124798929533,281.921271966205,274.5892708132743,274.83978271484375,34569300.0,MSFT
2022-04-12 04:00:00+00:00,278.6743994842394,280.1196062790801,270.2440265143357,271.7566833496094,30966700.0,MSFT
2022-04-13 04:00:00+00:00,272.40219747053607,278.0384799408657,271.0244114373308,277.1135559082031,21907200.0,MSFT
2022-04-14 04:00:00+00:00,277.5663736108414,277.7783384197441,269.11674301597424,269.60809326171875,28221600.0,MSFT
2022-04-18 04:00:00+00:00,268.7217442498862,272.14205510022083,268.17255863306326,270.2729187011719,20778000.0,MSFT
2022-04-19 04:00:00+00:00,269.1745633932946,275.7165404624221,268.2399952405621,274.8782958984375,22297700.0,MSFT
2022-04-20 04:00:00+00:00,278.8285578322928,279.1176168323527,274.9457700942281,275.89959716796875,22906700.0,MSFT
2022-04-21 04:00:00+00:00,278.0384353491604,282.5860194343852,269.82967339483776,270.5522766113281,29454600.0,MSFT
2022-04-22 04:00:00+00:00,271.39056854763874,272.8550636325426,263.393769113378,264.02001953125,29405800.0,MSFT
2022-04-25 04:00:00+00:00,263.3070532274066,270.8413756866367,260.87908697872507,270.46563720703125,35678900.0,MSFT
2022-04-26 04:00:00+00:00,267.3632197682349,268.1917907684052,260.13718680152584,260.3491516113281,46518400.0,MSFT
2022-04-27 04:00:00+00:00,271.7952455176826,280.34123080111425,268.9626376903315,272.87432861328125,63477700.0,MSFT
2022-04-28 04:00:00+00:00,274.7722962798131,280.3508015911793,271.1785388721603,279.05010986328125,33646600.0,MSFT
2022-04-29 04:00:00+00:00,278.0674307607547,279.29105809866707,266.3998077256145,267.3825378417969,37073900.0,MSFT
2022-05-02 04:00:00+00:00,267.56550972229473,274.5314152870126,266.12994741338053,274.0785827636719,35151100.0,MSFT
2022-05-03 04:00:00+00:00,273.58726807497914,273.7510711128351,269.9164452309345,271.4869079589844,25978600.0,MSFT
2022-05-04 04:00:00+00:00,272.2672940906547,280.2544777268917,266.6213675689915,279.3873596191406,33599300.0,MSFT
2022-05-05 04:00:00+00:00,275.10948742476916,275.8898964970235,264.31860164617336,267.2186584472656,43260400.0,MSFT
2022-05-06 04:00:00+00:00,264.77152276793004,269.04933732325316,261.36082642726797,264.6944580078125,37780300.0,MSFT
2022-05-09 04:00:00+00:00,260.195055446973,262.4110276632544,253.70126833077944,254.91522216796875,47726000.0,MSFT
2022-05-10 04:00:00+00:00,261.765522095456,263.7502706382624,255.38734673917406,259.655517578125,39336400.0,MSFT
2022-05-11 04:00:00+00:00,255.97505275215912,261.44756278263503,249.82810103784647,251.03244018554688,48975900.0,MSFT
2022-05-12 04:00:00+00:00,248.27684220061502,250.3868460246385,240.8870214585269,246.02232360839844,51033800.0,MSFT
2022-05-13 04:00:00+00:00,247.94931299700548,253.43146634006962,246.0223706452165,251.5815887451172,34925100.0,MSFT
2022-05-16 04:00:00+00:00,250.46395431193443,256.1099105942852,246.43665192316664,251.9477081298828,32550900.0,MSFT
2022-05-17 04:00:00+00:00,256.3892786113193,258.52818561527994,252.87261500014733,257.0733642578125,28828800.0,MSFT
2022-05-18 04:00:00+00:00,253.98308927658698,254.56252427185584,244.10382723032592,245.36891174316406,31356000.0,MSFT
2022-05-19 04:00:00+00:00,245.19507408358177,248.8358391110842,243.2443400632524,244.4611358642578,32692300.0,MSFT
2022-05-20 04:00:00+00:00,248.420587153045,249.67603468949343,237.99087400334946,243.9010467529297,39199300.0,MSFT
2022-05-23 04:00:00+00:00,246.7306492620426,252.53459389725697,244.74126302777523,251.71372985839844,33175400.0,MSFT
2022-05-24 04:00:00+00:00,249.04829526787134,252.3703282848016,244.8087915946299,250.71896362304688,29043900.0,MSFT
2022-05-25 04:00:00+00:00,249.28967862489,255.5088559710711,248.3142970660737,253.5194854736328,28547900.0,MSFT
2022-05-26 04:00:00+00:00,253.2781100641193,257.9521680064266,252.46691284814418,256.7836608886719,25002100.0,MSFT
2022-05-27 04:00:00+00:00,259.2751950241192,263.96855616192437,258.38672418405815,263.8719787597656,26910800.0,MSFT
2022-05-31 04:00:00+00:00,263.1863868585538,265.3495796777819,259.709805919586,262.54901123046875,37827700.0,MSFT
2022-06-01 04:00:00+00:00,265.7648261496329,268.16944748829445,260.78173234380733,263.08013916015625,25292200.0,MSFT
2022-06-02 04:00:00+00:00,255.38346485409735,265.233744850536,252.6311699024097,265.1661376953125,44008200.0,MSFT
2022-06-03 04:00:00+00:00,261.04245577782234,264.0748154478667,259.2076029156242,260.76239013671875,28059000.0,MSFT
2022-06-06 04:00:00+00:00,262.73240274767545,264.7797136936077,258.0583460007989,259.535888671875,22400300.0,MSFT
2022-06-07 04:00:00+00:00,257.49827263962237,263.76575382395623,256.82226032251066,263.1573486328125,22860700.0,MSFT
2022-06-08 04:00:00+00:00,262.39448666074105,263.6402676057848,260.3664787079768,261.1390686035156,17372300.0,MSFT
2022-06-09 04:00:00+00:00,258.5992253476871,263.3601943996646,255.55722824112877,255.7117462158203,26439700.0,MSFT
2022-06-10 04:00:00+00:00,251.64602827171365,251.64602827171365,243.87203349036625,244.31626892089844,31422800.0,MSFT
2022-06-13 04:00:00+00:00,236.7065031685745,240.48245393324984,233.24924025536856,233.95420837402344,46135800.0,MSFT
2022-06-14 04:00:00+00:00,235.49933694664017,237.31488645148173,233.2299000655882,236.1077423095703,28651500.0,MSFT
2022-06-15 04:00:00+00:00,239.79673406143797,246.54708847653447,237.97153296010552,243.12844848632812,33111700.0,MSFT
2022-06-16 04:00:00+00:00,237.5466102902709,238.93724247462407,234.68810167633953,236.5712432861328,33169200.0,MSFT
2022-06-17 04:00:00+00:00,236.31049083013178,241.9116415660145,235.6634634572943,239.1593475341797,43084800.0,MSFT
2022-06-21 04:00:00+00:00,241.67987371090587,246.0159401392919,240.95558733169304,245.0405731201172,29928300.0,MSFT
2022-06-22 04:00:00+00:00,243.253984977507,248.35297445153836,241.78609384504884,244.45147705078125,25939900.0,MSFT
2022-06-23 04:00:00+00:00,246.80780403535596,250.47750946113382,244.93431446825159,249.9849853515625,25861400.0,MSFT
2022-06-24 04:00:00+00:00,252.8338959418169,258.79237173531016,252.74698510975713,258.52197265625,33923200.0,MSFT
2022-06-27 04:00:00+00:00,259.01450212809226,259.1014129718145,254.25353259267325,255.808349609375,24615100.0,MSFT
2022-06-28 04:00:00+00:00,254.92954092954665,257.75907974566,247.53215803754682,247.68667602539062,27295500.0,MSFT
2022-06-29 04:00:00+00:00,248.75854859461052,252.98838543989126,246.99128819672805,251.33702087402344,20069800.0,MSFT
2022-06-30 04:00:00+00:00,248.23707094153858,250.6320551562228,244.22935890804,248.0246124267578,31730900.0,MSFT
2022-07-01 04:00:00+00:00,247.599724121051,250.86381660731956,245.88073757874744,250.68032836914062,22837700.0,MSFT
2022-07-05 04:00:00+00:00,247.37760464946805,253.9637892662612,246.00629085879652,253.83824157714844,22941000.0,MSFT
2022-07-06 04:00:00+00:00,254.70735692498906,258.8019795069243,253.40363564931488,257.0830078125,23824400.0,MSFT
2022-07-07 04:00:00+00:00,256.0303623949221,259.8352819464038,255.93378499828523,259.1979064941406,20859900.0,MSFT
2022-07-08 04:00:00+00:00,255.7117696472832,258.90828502143717,254.26319665701553,258.4833679199219,19658800.0,MSFT
2022-07-11 04:00:00+00:00,256.5421379813925,257.39197174483223,253.19110635176597,255.4412384033203,19455200.0,MSFT
2022-07-12 04:00:00+00:00,256.76436593684815,256.82230649201273,243.39885616958918,244.9729766845703,35868500.0,MSFT
2022-07-13 04:00:00+00:00,241.61229886642806,244.85710267048802,239.60360939385333,244.05555725097656,29497400.0,MSFT
2022-07-14 04:00:00+00:00,241.97925680708025,246.39256746391416,237.5079908622042,245.36891174316406,25102800.0,MSFT
2022-07-15 04:00:00+00:00,246.9526960395664,251.44326589652985,246.03526953214475,247.9184112548828,29774100.0,MSFT
2022-07-18 04:00:00+00:00,250.84451446983314,251.89714046464383,244.6156545937457,245.5330810546875,20975000.0,MSFT
2022-07-19 04:00:00+00:00,248.748908389752,250.81555306514318,244.98262500187312,250.63206481933594,25012600.0,MSFT
2022-07-20 04:00:00+00:00,250.98942693861642,255.78903366259863,250.03337812201053,253.27816772460938,22788300.0,MSFT
2022-07-21 04:00:00+00:00,250.88314483137592,255.80829794667736,248.21776161035194,255.75999450683594,22404700.0,MSFT
2022-07-22 04:00:00+00:00,256.14630415666,256.23321499283503,250.18785755232344,251.43360900878906,21881300.0,MSFT
2022-07-25 04:00:00+00:00,252.05166965931448,252.53452726402583,248.0053205741304,249.9560546875,21056000.0,MSFT
2022-07-26 04:00:00+00:00,250.9507414709721,250.97007463688564,241.01355313399756,243.26365661621094,39348000.0,MSFT
2022-07-27 04:00:00+00:00,252.2061678876976,260.79136010238045,249.97536828625238,259.5262756347656,45994000.0,MSFT
2022-07-28 04:00:00+00:00,260.5016230921822,268.3142539608766,258.6860741639379,266.93328857421875,33459300.0,MSFT
2022-07-29 04:00:00+00:00,268.1791152582621,272.33167871252647,267.1457929503217,271.1148681640625,32152800.0,MSFT
2022-08-01 04:00:00+00:00,268.2950273632756,271.63639399506593,266.38290049065427,268.478515625,21539600.0,MSFT
2022-08-02 04:00:00+00:00,266.53736387741355,268.362579537139,263.04147997964446,265.3978271484375,22754200.0,MSFT
2022-08-03 04:00:00+00:00,267.2713876591738,273.7802996377368,267.12650678074345,272.7856140136719,23518900.0,MSFT
2022-08-04 04:00:00+00:00,272.1385611722735,274.0699917823572,270.5644699809408,273.9251403808594,18098700.0,MSFT
2022-08-05 04:00:00+00:00,269.5794114121241,273.9251301220604,269.1255240569013,273.21051025390625,16774600.0,MSFT
2022-08-08 04:00:00+00:00,274.3113883534034,276.11730051736697,269.74357435929414,270.70928955078125,18739200.0,MSFT
2022-08-09 04:00:00+00:00,270.05262233660574,273.3746556298809,268.09219211802474,272.62139892578125,23405200.0,MSFT
2022-08-10 04:00:00+00:00,278.2901367727336,279.8738942312327,277.10229657539446,279.2461853027344,24687800.0,MSFT
2022-08-11 04:00:00+00:00,280.87827114074025,281.2259144656879,276.687070719345,277.1795654296875,20065900.0,MSFT
2022-08-12 04:00:00+00:00,278.5894602530445,281.90185546875,277.1022509734553,281.90185546875,22619700.0,MSFT
2022-08-15 04:00:00+00:00,281.02309922866345,284.0940662295999,280.16359862776034,283.4084167480469,18085700.0,MSFT
2022-08-16 04:00:00+00:00,281.97912247538005,283.95885597173196,280.4629722748616,282.6744384765625,18102900.0,MSFT
2022-08-17 04:00:00+00:00,280.4002056199427,283.8938524278254,280.1389197170631,281.9292907714844,18253400.0,MSFT
2022-08-18 04:00:00+00:00,280.8356898800539,282.50024663716766,279.76145551717,280.81634521484375,17186200.0,MSFT
2022-08-19 04:00:00+00:00,279.5873182545467,279.9260419302894,276.35498651754625,276.92596435546875,20570000.0,MSFT
2022-08-22 04:00:00+00:00,272.9871317684134,273.3548871851572,268.28380815555704,268.7967224121094,25061100.0,MSFT
2022-08-23 04:00:00+00:00,267.5289306640625,269.87090517738073,266.5224469010499,267.5289306640625,17527400.0,MSFT
2022-08-24 04:00:00+00:00,266.5321774149117,268.29351690361904,266.24183017802443,266.8999328613281,18137000.0,MSFT
2022-08-25 04:00:00+00:00,268.3902454376077,270.02577059536407,265.67082824168347,269.86126708984375,16583400.0,MSFT
2022-08-26 04:00:00+00:00,270.08381644498274,271.3032096749944,259.34164963640063,259.4480895996094,27549300.0,MSFT
2022-08-29 04:00:00+00:00,257.2803379595906,258.7803619357156,255.34480790841272,256.6803283691406,20338500.0,MSFT
2022-08-30 04:00:00+00:00,258.07387544076863,258.44160128944475,252.2575990184028,254.49313354492188,22767100.0,MSFT
2022-08-31 04:00:00+00:00,256.835186498961,258.4997140694314,252.90603313757336,253.04153442382812,24791800.0,MSFT
2022-09-01 04:00:00+00:00,250.52530228623345,252.48020634323478,247.17684390348873,252.0059814453125,23263400.0,MSFT
2022-09-02 04:00:00+00:00,253.26411708214042,256.20610147316614,246.26716536821394,247.805908203125,22855400.0,MSFT
2022-09-06 04:00:00+00:00,247.94142082307454,249.51885306650013,243.81873220604314,245.0865020751953,21328200.0,MSFT
2022-09-07 04:00:00+00:00,246.48975437812405,250.48661397846638,245.0574662441124,249.77047729492188,24126700.0,MSFT
2022-09-08 04:00:00+00:00,249.20913155691446,252.034988329874,246.57679526330125,250.18655395507812,20319900.0,MSFT
2022-09-09 04:00:00+00:00,252.1027785583023,256.68031756891503,251.89955618095607,255.93511962890625,22084700.0,MSFT
2022-09-12 04:00:00+00:00,257.21252323986255,258.82870342484597,256.612513798894,258.0544738769531,18747700.0,MSFT
2022-09-13 04:00:00+00:00,250.49627701855277,252.00598798329736,243.47998110571493,243.86709594726562,33353300.0,MSFT
2022-09-14 04:00:00+00:00,245.35746095813147,246.03489350941175,241.8057651557058,244.08969116210938,23913000.0,MSFT
2022-09-15 04:00:00+00:00,241.71868768706014,243.2961347228246,236.1540384880937,237.47019958496094,31530900.0,MSFT
2022-09-16 04:00:00+00:00,236.386307438201,237.39279145182186,234.2572270866671,236.85084533691406,39791800.0,MSFT
2022-09-19 04:00:00+00:00,234.65400280433187,237.23793382536144,233.0862280822725,236.63792419433594,26826900.0,MSFT
2022-09-20 04:00:00+00:00,234.26688762643548,235.66045686379198,231.91521092748422,234.63462829589844,26660300.0,MSFT
2022-09-21 04:00:00+00:00,236.3959844466539,239.67670753574686,231.19907583276708,231.24746704101562,28625600.0,MSFT
2022-09-22 04:00:00+00:00,230.20227093577722,235.99918898239684,229.91195323025747,233.21202087402344,31061200.0,MSFT
2022-09-23 04:00:00+00:00,231.81840003910415,233.35715746883162,227.618303873853,230.25062561035156,34176000.0,MSFT
2022-09-26 04:00:00+00:00,229.40867630752822,233.6668360314633,229.26350270996545,229.7957763671875,27694200.0,MSFT
2022-09-27 04:00:00+00:00,232.2442506798707,234.0055901447024,226.94090238363955,228.78933715820312,27018700.0,MSFT
2022-09-28 04:00:00+00:00,229.1764146595356,234.5184812999227,227.16346179841986,233.29910278320312,29029700.0,MSFT
2022-09-29 04:00:00+00:00,231.18933924921836,232.2151676045417,226.85375695303475,229.84414672851562,27484200.0,MSFT
2022-09-30 04:00:00+00:00,230.60870866268925,232.7861798495217,225.22793778149074,225.3924560546875,35694800.0,MSFT
2022-10-03 04:00:00+00:00,227.82153251918476,233.82167178425266,227.09570886372686,232.97972106933594,28880400.0,MSFT
2022-10-04 04:00:00+00:00,237.1895532288344,242.2896796214913,237.08309847338114,240.85739135742188,34888400.0,MSFT
2022-10-05 04:00:00+00:00,238.0605356080036,242.50257374872547,236.23146021082852,241.16705322265625,20347100.0,MSFT
2022-10-06 04:00:00+00:00,239.9379683013216,242.27028548507374,238.1476119193884,238.834716796875,20239900.0,MSFT
2022-10-07 04:00:00+00:00,233.13458913635256,233.54106344265196,225.65376961113512,226.6892852783203,37769600.0,MSFT
2022-10-10 04:00:00+00:00,225.53763257488384,226.99895238528188,219.42135078516142,221.86012268066406,29743600.0,MSFT
2022-10-11 04:00:00+00:00,220.28268877269275,221.67627288848584,216.88583856563983,218.14393615722656,30474000.0,MSFT
2022-10-12 04:00:00+00:00,218.13423774935973,220.5149462849339,216.74066847271945,218.47296142578125,21903900.0,MSFT
2022-10-13 04:00:00+00:00,212.76314712814823,228.48932881951694,212.0663551272384,226.6892852783203,42551800.0,MSFT
2022-10-14 04:00:00+00:00,227.94737889006004,229.5925913283704,220.9794733149992,221.1923828125,30198600.0,MSFT
2022-10-17 04:00:00+00:00,228.21836002283007,231.25714167375685,227.5602721133645,229.87322998046875,28142300.0,MSFT
2022-10-18 04:00:00+00:00,235.39914650154014,236.06689189792664,227.78282647347956,230.8119354248047,26329600.0,MSFT
2022-10-19 04:00:00+00:00,229.39900168382854,231.88616474151667,226.73764801989628,228.8570556640625,19985700.0,MSFT
2022-10-20 04:00:00+00:00,228.16994856599382,233.5313599425322,227.29895124255845,228.53768920898438,21811000.0,MSFT
2022-10-21 04:00:00+00:00,227.1731364496684,235.16686915506187,226.9408675591029,234.3152313232422,26299700.0,MSFT
2022-10-24 04:00:00+00:00,235.90238686212638,239.85086976349376,233.52169327420833,239.27989196777344,24911200.0,MSFT
2022-10-25 04:00:00+00:00,239.28956155004425,242.94771196115997,237.90566472884615,242.57997131347656,34775500.0,MSFT
2022-10-26 04:00:00+00:00,223.71827545915457,230.61844593556913,222.64405551593782,223.8634490966797,82543200.0,MSFT
2022-10-27 04:00:00+00:00,223.5924250678105,226.15701124638468,218.50198634809382,219.4407196044922,40424600.0,MSFT
2022-10-28 04:00:00+00:00,218.94715681380413,228.97320270821285,218.76327910286216,228.2667236328125,40647700.0,MSFT
2022-10-31 04:00:00+00:00,226.22475535763192,227.3473663725247,223.69888795758465,224.64730834960938,28357300.0,MSFT
2022-11-01 04:00:00+00:00,227.03767812320683,228.1409296481597,220.0020223387947,220.81494140625,30592300.0,MSFT
2022-11-02 04:00:00+00:00,222.0633621151271,223.84404616078317,212.94700287287873,213.0050811767578,38407000.0,MSFT
2022-11-03 04:00:00+00:00,212.9954183740974,213.3051102957607,207.08237299301675,207.3436737060547,36633900.0,MSFT
2022-11-04 04:00:00+00:00,210.5372801806807,214.447044310669,206.5500783111964,214.2534942626953,36789100.0,MSFT
2022-11-07 05:00:00+00:00,214.8341789629505,221.04722910682952,214.1470592473895,220.52462768554688,33498000.0,MSFT
2022-11-08 05:00:00+00:00,221.32785232766216,224.18275612145348,218.5600438397234,221.49237060546875,28192500.0,MSFT
2022-11-09 05:00:00+00:00,220.04074269428185,221.26013615245242,217.09874333274988,217.27293395996094,27852900.0,MSFT
2022-11-10 05:00:00+00:00,227.84093804560814,235.48629145215207,227.4248061267763,235.14756774902344,46268000.0,MSFT
2022-11-11 05:00:00+00:00,235.15723711883936,239.99606241623323,234.1313937515766,239.14442443847656,34620200.0,MSFT
2022-11-14 05:00:00+00:00,234.18946032496393,236.0475673740293,231.49907477577239,233.76364135742188,31123300.0,MSFT
2022-11-15 05:00:00+00:00,237.74116029609917,239.03796188941354,232.29263846364998,234.17010498046875,31390100.0,MSFT
2022-11-16 05:00:00+00:00,235.62582643468144,236.60603316606853,233.32576434985185,234.59710693359375,24093300.0,MSFT
2022-11-17 05:00:00+00:00,230.76365473112853,236.07224872369898,230.61808681154827,234.54856872558594,23123500.0,MSFT
2022-11-18 05:00:00+00:00,236.32456307646515,236.5477869566877,231.97676193163215,234.10214233398438,27613500.0,MSFT
2022-11-21 05:00:00+00:00,234.30593853934627,237.45033878363537,234.07302987509001,234.90765380859375,26394700.0,MSFT
2022-11-22 05:00:00+00:00,236.40223227361014,238.07148033059326,233.6072243246812,237.79974365234375,19665700.0,MSFT
2022-11-23 05:00:00+00:00,237.8773882479825,240.95384732065142,237.06217820148206,240.27450561523438,19508500.0,MSFT
2022-11-25 05:00:00+00:00,240.01245273021934,241.36143645953254,239.44956540890726,240.18714904785156,9200800.0,MSFT
2022-11-28 05:00:00+00:00,238.81873915133238,239.3719120438035,233.69454115958348,234.62620544433594,24778200.0,MSFT
2022-11-29 05:00:00+00:00,234.27683765009397,235.62582136830417,231.1809796211648,233.23841857910156,17956300.0,MSFT
2022-11-30 05:00:00+00:00,233.47136810668408,247.79583086530997,232.7823119741459,247.61143493652344,47594200.0,MSFT
2022-12-01 05:00:00+00:00,246.37888704446783,248.5624948221186,243.51593758658888,247.17469787597656,26041500.0,MSFT
2022-12-02 05:00:00+00:00,242.44840731366295,248.50427013338341,242.3222385687394,247.49496459960938,21528500.0,MSFT
2022-12-05 05:00:00+00:00,244.57377324279298,246.33037684588194,240.7403313992676,242.8171844482422,23435300.0,MSFT
2022-12-06 05:00:00+00:00,243.41891892957702,244.42822454321265,236.58664391475048,237.88710021972656,22463700.0,MSFT
2022-12-07 05:00:00+00:00,237.60564320065706,238.89639979977625,235.0629579890975,237.15921020507812,20481500.0,MSFT
2022-12-08 05:00:00+00:00,237.61533452681962,241.4002634352855,235.88785939315616,240.09979248046875,22611800.0,MSFT
2022-12-09 05:00:00+00:00,237.47948221736485,240.98296029845363,236.95542284837845,238.17823791503906,20609700.0,MSFT
2022-12-12 05:00:00+00:00,240.14831706074776,245.08811932166867,239.8765804009923,245.0590057373047,30665100.0,MSFT
2022-12-13 05:00:00+00:00,253.96815091092603,256.13235956018696,245.60251141247596,249.3389129638672,42196900.0,MSFT
2022-12-14 05:00:00+00:00,249.54270989920707,254.84158999041878,246.8059142850901,249.6300506591797,35410900.0,MSFT
2022-12-15 05:00:00+00:00,246.23334901675673,246.69918125283206,240.0416023610737,241.66232299804688,35560400.0,MSFT
2022-12-16 05:00:00+00:00,241.21587335248572,242.4678019516118,236.3245836806278,237.4697723388672,86102000.0,MSFT
2022-12-19 05:00:00+00:00,237.6347483108368,237.9744265437408,231.6662265103739,233.35487365722656,29696400.0,MSFT
2022-12-20 05:00:00+00:00,232.33586378495446,235.74230142731602,231.38478542376703,234.66505432128906,25150800.0,MSFT
2022-12-21 05:00:00+00:00,234.55829818550004,238.37232600874938,233.02491849714485,237.21743774414062,23690600.0,MSFT
2022-12-22 05:00:00+00:00,234.14097913275145,234.84944921071,226.96904125544336,231.1615753173828,28651700.0,MSFT
2022-12-23 05:00:00+00:00,229.14295316711923,231.8215067666557,227.0369865095698,231.68563842773438,21207000.0,MSFT
2022-12-27 05:00:00+00:00,231.65654287895535,231.87975199416192,228.87123430992634,229.9678955078125,16688600.0,MSFT
2022-12-28 05:00:00+00:00,229.8999205275325,232.6464155156222,227.26018028486453,227.60955810546875,17457100.0,MSFT
2022-12-29 05:00:00+00:00,228.69652150065144,234.7815128184782,228.69652150065144,233.8983612060547,19770700.0,MSFT
2022-12-30 05:00:00+00:00,231.18102152042397,232.87938337029664,229.6767552059716,232.74351501464844,21938500.0,MSFT
2023-01-03 05:00:00+00:00,235.90728230837536,238.49849510687616,230.39487805775428,232.51055908203125,25740000.0,MSFT
2023-01-04 05:00:00+00:00,225.42597193507248,225.99855889308043,219.29246770974694,222.33981323242188,50623400.0,MSFT
2023-01-05 05:00:00+00:00,220.49589078973162,220.8355690846838,215.21640927420395,215.75018310546875,39585600.0,MSFT
2023-01-06 05:00:00+00:00,216.4198034707522,219.09835714227594,212.87751216247153,218.2928466796875,43613600.0,MSFT
2023-01-09 05:00:00+00:00,219.76798480761224,224.41665135349578,219.7291716302323,220.418212890625,27369800.0,MSFT
2023-01-10 05:00:00+00:00,221.0393201111181,224.48457072526574,220.62201553173728,222.09716796875,27033900.0,MSFT
2023-01-11 05:00:00+00:00,224.4651718383663,228.98766979827053,224.2904903213458,228.81298828125,28669300.0,MSFT
2023-01-12 05:00:00+00:00,228.3180371449277,232.8211212975009,226.66820302336927,231.47213745117188,27269500.0,MSFT
2023-01-13 05:00:00+00:00,230.00668936190732,232.30675151679418,227.98806347571494,232.17088317871094,21333300.0,MSFT
2023-01-17 05:00:00+00:00,230.948051370512,233.80130107166906,230.0940134168222,233.25782775878906,29831300.0,MSFT
2023-01-18 05:00:00+00:00,234.4418366169308,235.22793302598163,228.57035512507287,228.85179138183594,30028700.0,MSFT
2023-01-19 05:00:00+00:00,226.88172064205048,228.57038281279662,223.87318816519613,225.0863037109375,28623000.0,MSFT
2023-01-20 05:00:00+00:00,227.92982862321074,233.63632824749806,227.59015038517927,233.1316680908203,35389800.0,MSFT
2023-01-23 05:00:00+00:00,233.9856727764598,237.9355682866886,232.57844725506925,235.4219970703125,31934000.0,MSFT
2023-01-24 05:00:00+00:00,235.34439747923588,236.75160844059997,233.3451855854794,234.89796447753906,40234400.0,MSFT
2023-01-25 05:00:00+00:00,227.5610098347346,236.12075825686085,224.08664593704998,233.5101318359375,66526600.0,MSFT
2023-01-26 05:00:00+00:00,236.46045082013288,240.9829486422917,234.85914439539755,240.68209838867188,33454500.0,MSFT
2023-01-27 05:00:00+00:00,241.6428822092,242.45809218411858,239.54661529494882,240.83737182617188,26498900.0,MSFT
2023-01-30 05:00:00+00:00,237.2950615090347,238.35290934630353,235.0532267167277,235.54818725585938,25867400.0,MSFT
2023-01-31 05:00:00+00:00,236.26637885801222,240.63359478813643,235.78113264355397,240.4977264404297,26541100.0,MSFT
2023-02-01 05:00:00+00:00,240.6821076556318,247.65023576111176,238.2267631452796,245.2919464111328,31259900.0,MSFT
2023-02-02 05:00:00+00:00,251.18288227448434,256.879668654006,249.65920190306966,256.7923278808594,39940400.0,MSFT
2023-02-03 05:00:00+00:00,251.88155741509414,256.40405468460085,249.51355404450143,250.72666931152344,29077300.0,MSFT
2023-02-06 05:00:00+00:00,249.84355651391297,250.67816573061054,247.26204327207444,249.1933135986328,22518000.0,MSFT
2023-02-07 05:00:00+00:00,252.84238703481986,260.8392350360664,252.40565360237943,259.6649475097656,50841400.0,MSFT
2023-02-08 05:00:00+00:00,265.1384914873045,268.5934414880708,258.354730598475,258.8594055175781,54686000.0,MSFT
2023-02-09 05:00:00+00:00,265.72080730740066,265.8955184484022,255.0453909060254,255.84120178222656,42375100.0,MSFT
2023-02-10 05:00:00+00:00,253.81288289399168,256.29734113427406,252.96855922241394,255.33656311035156,25818500.0,MSFT
2023-02-13 05:00:00+00:00,259.7426507765096,266.4972709042155,259.267089268209,263.3140563964844,44630900.0,MSFT
2023-02-14 05:00:00+00:00,264.62416219078045,266.856282749665,261.33417890703004,264.138916015625,37047900.0,MSFT
2023-02-15 05:00:00+00:00,261.0547258535999,263.3994740205076,258.972656227329,262.02764892578125,28922400.0,MSFT
2023-02-16 05:00:00+00:00,256.8711190669115,259.5174708073064,254.80852706316685,255.0517578125,29603600.0,MSFT
2023-02-17 05:00:00+00:00,252.36654467181947,253.04757304733442,249.06832101285343,251.07254028320312,30000100.0,MSFT
2023-02-21 05:00:00+00:00,247.58946437392655,248.57212619836037,244.77771723097973,245.82847595214844,28397400.0,MSFT
2023-02-22 05:00:00+00:00,247.2100181685843,247.45324893497764,243.5615566726842,244.6998748779297,22491100.0,MSFT
2023-02-23 05:00:00+00:00,248.6401999292757,249.88554018375208,243.6977492993608,247.87159729003906,29219100.0,MSFT
2023-02-24 05:00:00+00:00,243.19189234867713,244.20372595601927,241.38225458242883,242.471923828125,24990900.0,MSFT
2023-02-27 05:00:00+00:00,245.62418557007777,245.97443849874284,242.63730436651332,243.38645935058594,21190000.0,MSFT
2023-02-28 05:00:00+00:00,242.3259744546454,244.68044668021838,241.99516930320846,242.66648864746094,22491000.0,MSFT
2023-03-01 05:00:00+00:00,243.97022241717565,244.13561758385552,239.13479280403806,239.601806640625,27565300.0,MSFT
2023-03-02 05:00:00+00:00,239.87418786109544,244.5928558822364,238.95963779243274,244.3107147216797,24808200.0,MSFT
2023-03-03 05:00:00+00:00,245.3615103876745,248.69862992215678,244.58316883886687,248.3775634765625,30760100.0,MSFT
2023-03-06 05:00:00+00:00,249.48664537835333,253.076733733222,249.0488329841168,249.91473388671875,24109800.0,MSFT
2023-03-07 05:00:00+00:00,249.36019623261095,250.71257368875254,246.5290010946981,247.26841735839844,21473200.0,MSFT
2023-03-08 05:00:00+00:00,247.16137194826737,247.6478334867659,244.01883456634258,246.83058166503906,17340200.0,MSFT
2023-03-09 05:00:00+00:00,248.8932225660645,252.53194586818475,244.76802281359187,245.4879913330078,26653400.0,MSFT
2023-03-10 05:00:00+00:00,244.2815470078051,245.9452372856859,240.89577859254197,241.8589630126953,28333900.0,MSFT
2023-03-13 04:00:00+00:00,240.7011840514009,250.92661597294014,239.0764041542882,247.04464721679688,33339700.0,MSFT
2023-03-14 04:00:00+00:00,249.79801983882402,254.00105499083594,248.93211882541823,253.7286376953125,33620300.0,MSFT
2023-03-15 04:00:00+00:00,252.94047445853775,259.26447251416886,252.1913049172419,258.25262451171875,46028000.0,MSFT
2023-03-16 04:00:00+00:00,258.0289586598438,269.07164313641664,256.1512239726221,268.7214050292969,54768800.0,MSFT
2023-03-17 04:00:00+00:00,270.72558821466924,275.6582857099673,268.83811504692954,271.8638916015625,69527400.0,MSFT
2023-03-20 04:00:00+00:00,269.4802407516752,269.96670228330714,262.543294560003,264.8588562011719,43466600.0,MSFT
2023-03-21 04:00:00+00:00,267.43716494158167,267.5539109885018,262.2222805461307,266.366943359375,34558700.0,MSFT
2023-03-22 04:00:00+00:00,265.9971667055635,273.43031336043435,264.81019934883693,264.917236328125,34873300.0,MSFT
2023-03-23 04:00:00+00:00,270.4142935461412,273.4498093699548,267.7484933121212,270.1418762207031,36610900.0,MSFT
2023-03-24 04:00:00+00:00,269.7332022897182,273.03142599171395,267.8262812456373,272.9730529785156,28172000.0,MSFT
2023-03-27 04:00:00+00:00,272.90492269572303,273.8389205347129,268.0597550905618,268.896484375,26840200.0,MSFT
2023-03-28 04:00:00+00:00,268.3225140934646,268.6630431725957,264.6837609123016,267.7776794433594,21878600.0,MSFT
2023-03-29 04:00:00+00:00,271.4066242065595,273.527619165426,270.8715283691032,272.9146728515625,25087000.0,MSFT
2023-03-30 04:00:00+00:00,276.53394388967973,276.7576972006701,273.8584053599599,276.3587951660156,25053400.0,MSFT
2023-03-31 04:00:00+00:00,276.04753751584985,281.4375111990139,275.33729282077917,280.4937744140625,32766000.0,MSFT
2023-04-03 04:00:00+00:00,278.761931454292,280.46454697415277,276.26154151333856,279.4527282714844,24883300.0,MSFT
2023-04-04 04:00:00+00:00,279.4527167048261,282.58553031935185,277.9349590223858,279.404052734375,25824300.0,MSFT
2023-04-05 04:00:00+00:00,278.11008412867955,279.3748723279069,275.25942646851195,276.6409606933594,22064800.0,MSFT
2023-04-06 04:00:00+00:00,275.5415966022882,284.171421432575,274.39355424617895,283.7044372558594,29770300.0,MSFT
2023-04-10 04:00:00+00:00,281.37908101323706,281.7585352734682,277.00092706983764,281.5542297363281,23103000.0,MSFT
2023-04-11 04:00:00+00:00,278.0127623432296,278.23654533423,274.01406284794314,275.17181396484375,27276600.0,MSFT
2023-04-12 04:00:00+00:00,277.07884402522524,279.23873500984865,274.325454368643,275.81402587890625,27403400.0,MSFT
2023-04-13 04:00:00+00:00,275.9113251014926,282.05046897208393,275.50271392776443,281.9920959472656,24222700.0,MSFT
2023-04-14 04:00:00+00:00,279.22894208294247,280.66887902365164,276.00856885442937,278.3922424316406,20987900.0,MSFT
2023-04-17 04:00:00+00:00,282.07960200286976,283.7043967289592,278.4116924129814,280.9801940917969,23836200.0,MSFT
2023-04-18 04:00:00+00:00,283.67525611133146,283.86011391519935,279.23872820102855,280.5618896484375,20161800.0,MSFT
2023-04-19 04:00:00+00:00,278.2462970182061,281.2234396408052,276.8355761901663,280.63970947265625,17150300.0,MSFT
2023-04-20 04:00:00+00:00,277.52633742538336,281.20398586251105,277.3609274204324,278.363037109375,23244400.0,MSFT
2023-04-21 04:00:00+00:00,277.2927687532292,278.51863143275347,275.3955571976247,278.0224609375,21676400.0,MSFT
2023-04-24 04:00:00+00:00,274.4519370721957,277.2345132199959,271.173190218911,274.1405944824219,26611000.0,MSFT
2023-04-25 04:00:00+00:00,271.94171485112884,273.97512034038175,267.91379941457996,267.96246337890625,45772200.0,MSFT
2023-04-26 04:00:00+00:00,288.6663495624961,291.4586346304273,284.80384294642164,287.3723449707031,64599200.0,MSFT
2023-04-27 04:00:00+00:00,287.95608640380885,296.9361784067996,287.2555804982626,296.576171875,46462600.0,MSFT
2023-04-28 04:00:00+00:00,295.77842888815917,300.5651950095922,295.0973706856419,298.9404296875,36469600.0,MSFT
2023-05-01 04:00:00+00:00,298.6582327311371,300.24410228095644,296.8875053999733,297.2864074707031,21294100.0,MSFT
2023-05-02 04:00:00+00:00,299.42681707438953,300.8083512230657,295.6810572722288,297.14044189453125,26404400.0,MSFT
2023-05-03 04:00:00+00:00,298.31766627691815,300.25377368049993,295.85617210321027,296.15777587890625,22360800.0,MSFT
2023-05-04 04:00:00+00:00,297.9479549880525,299.42681707438953,295.1848569994441,297.14044189453125,22519900.0,MSFT
2023-05-05 04:00:00+00:00,297.44211220444237,303.52288282414327,296.03136154416666,302.2386169433594,28197100.0,MSFT
2023-05-08 04:00:00+00:00,301.7326922255804,301.8008039789724,297.80207398264633,300.2927551269531,21318600.0,MSFT
2023-05-09 04:00:00+00:00,299.66030098483304,301.6450723308815,298.0160586463366,298.6873779296875,21340800.0,MSFT
2023-05-10 04:00:00+00:00,300.2635789224399,304.5249876536261,299.3393196181208,303.8536682128906,30078000.0,MSFT
2023-05-11 04:00:00+00:00,301.7035172755466,302.6958883395591,297.96749541594016,301.7132263183594,31680200.0,MSFT
2023-05-12 04:00:00+00:00,302.14127044452766,302.2385686971637,298.29824184109515,300.60406494140625,19774700.0,MSFT
2023-05-15 04:00:00+00:00,300.7305114762556,301.5088380158988,299.2613882145806,301.08074951171875,16336500.0,MSFT
2023-05-16 04:00:00+00:00,301.4408157004491,305.21576288918396,301.4408157004491,303.2991027832031,26730300.0,MSFT
2023-05-17 04:00:00+00:00,304.49838322404014,306.5849748220485,302.98703781876026,306.16571044921875,24315000.0,MSFT
2023-05-18 04:00:00+00:00,306.6824063556783,311.07989038892634,305.8926184137464,310.5728454589844,27276000.0,MSFT
2023-05-19 04:00:00+00:00,308.8373747474863,310.79723506942764,308.47661095325554,310.3974609375,27546700.0,MSFT
2023-05-22 04:00:00+00:00,310.6509186565906,314.54135841802827,310.0756427593572,313.1665344238281,24115700.0,MSFT
2023-05-23 04:00:00+00:00,312.04526511786804,314.66815212283035,307.3845270869392,307.394287109375,30797200.0,MSFT
2023-05-24 04:00:00+00:00,306.87751903685313,308.60334694737196,304.81038789466385,306.01947021484375,23384900.0,MSFT
2023-05-25 04:00:00+00:00,315.1751430242443,318.7438294879401,312.0159906409768,317.7882995605469,43301700.0,MSFT
2023-05-26 04:00:00+00:00,315.93575245913513,325.08172801991043,315.7992609054812,324.58447265625,36630600.0,MSFT
2023-05-30 04:00:00+00:00,326.86600894737563,327.36326419300417,322.2735022093098,322.9462890625,29503100.0,MSFT
2023-05-31 04:00:00+00:00,323.99940574363865,327.5583326539221,319.16313582793106,320.19671630859375,45950600.0,MSFT
2023-06-01 04:00:00+00:00,317.7980281716673,325.2084138620462,316.61822604492374,324.2821044921875,26773900.0,MSFT
2023-06-02 04:00:00+00:00,325.9104368208326,329.07934907114736,324.2528400489723,327.03173828125,25873800.0,MSFT
2023-06-05 04:00:00+00:00,326.8562514071327,330.1129147289543,326.31022580563945,327.55828857421875,21307100.0,MSFT
2023-06-06 04:00:00+00:00,326.9635018339944,327.00251216553283,323.8823700342451,325.35467529296875,20396200.0,MSFT
2023-06-07 04:00:00+00:00,323.37536016910263,326.14449888626166,314.45365769277373,315.31170654296875,40717100.0,MSFT
2023-06-08 04:00:00+00:00,315.85770223750364,318.4903491637824,315.28242630303987,317.144775390625,23277700.0,MSFT
2023-06-09 04:00:00+00:00,316.8815191818162,321.7567696311191,316.3160032224107,318.6366271972656,22529000.0,MSFT
2023-06-12 04:00:00+00:00,320.3819105271756,323.81410551348466,317.0472562466259,323.5703430175781,24260300.0,MSFT
2023-06-13 04:00:00+00:00,326.12499527780267,328.5723804542734,322.1468041193806,325.9494934082031,22951300.0,MSFT
2023-06-14 04:00:00+00:00,325.9982202996805,330.58096729872784,324.50639495848685,328.9233703613281,26003800.0,MSFT
2023-06-15 04:00:00+00:00,329.0598905688736,341.1114945004108,328.78687775426107,339.4149169921875,38899100.0,MSFT
2023-06-16 04:00:00+00:00,342.55453717316414,342.70078870657477,333.4183243934552,333.788818359375,46552000.0,MSFT
2023-06-20 04:00:00+00:00,330.8441729587754,333.54505041870027,327.48023896465304,329.6156005859375,26375400.0,MSFT
2023-06-21 04:00:00+00:00,327.9775589781728,329.30364243212927,323.78485594149885,325.2376708984375,25117800.0,MSFT
2023-06-22 04:00:00+00:00,325.78375659192324,331.6340575859297,325.02321865294914,331.2342834472656,23556800.0,MSFT
2023-06-23 04:00:00+00:00,326.0176878258627,329.52787360599757,325.13041855453594,326.6612243652344,23146900.0,MSFT
2023-06-26 04:00:00+00:00,325.3937413274087,327.72409574191425,320.2942182667598,320.4014892578125,21520600.0,MSFT
2023-06-27 04:00:00+00:00,323.58000578054765,327.7629776694117,321.08388072367944,326.222412109375,24354100.0,MSFT
2023-06-28 04:00:00+00:00,326.31026905867196,329.5474425224492,325.48147052492266,327.4705810546875,20259500.0,MSFT
2023-06-29 04:00:00+00:00,326.358946806659,327.72401072843235,324.32109606698276,326.6904602050781,16997000.0,MSFT
2023-06-30 04:00:00+00:00,329.3231809112348,334.17894126353815,328.7869152430103,332.0435791015625,26832800.0,MSFT
2023-07-03 04:00:00+00:00,330.72726202126387,332.39458944231734,328.1726353949494,329.55718994140625,12508700.0,MSFT
2023-07-05 04:00:00+00:00,326.7295145394102,333.12584042536054,326.3785108077479,329.7131652832031,18172400.0,MSFT
2023-07-06 04:00:00+00:00,328.88436028376566,334.43239728548525,327.1292821478824,332.75531005859375,28161200.0,MSFT
2023-07-07 04:00:00+00:00,330.8539462339244,333.2623207283037,328.5918232764179,328.80633544921875,21214800.0,MSFT
2023-07-10 04:00:00+00:00,326.25171917261997,326.86600540201454,319.4166095021663,323.5508117675781,32791400.0,MSFT
2023-07-11 04:00:00+00:00,322.800041689948,324.55511973893175,318.84134117994995,324.17486572265625,26698200.0,MSFT
2023-07-12 04:00:00+00:00,328.2017988317313,333.12578887236407,327.29500957576835,328.7868347167969,29995300.0,MSFT
2023-07-13 04:00:00+00:00,331.0879653631058,335.16366709536976,330.5614300476907,334.1106262207031,20567200.0,MSFT
2023-07-14 04:00:00+00:00,338.9176246633776,342.66181307865304,335.71946186556954,336.6262512207031,28352700.0,MSFT
2023-07-17 04:00:00+00:00,337.0552945851425,338.33260777182664,333.66213945063294,337.10406494140625,20363900.0,MSFT
2023-07-18 04:00:00+00:00,337.20159333535736,357.62890667109644,333.63293583363816,350.5207824707031,64738600.0,MSFT
2023-07-19 04:00:00+00:00,352.72433009882633,353.4166072525743,343.64661716979606,346.2207336425781,39732900.0,MSFT
2023-07-20 04:00:00+00:00,344.74842283159865,349.03863672095343,336.7530012262202,338.215576171875,33778400.0,MSFT
2023-07-21 04:00:00+00:00,340.43870595783125,341.56000752112044,331.35123269865875,335.19293212890625,69405400.0,MSFT
2023-07-24 04:00:00+00:00,337.2210689969038,338.2643797019485,333.7693834548789,336.49951171875,26678100.0,MSFT
2023-07-25 04:00:00+00:00,338.4496147386664,343.11038262849917,336.4605340248674,342.22308349609375,41637700.0,MSFT
2023-07-26 04:00:00+00:00,332.92106736693563,336.07048951280683,324.7988843745913,329.3426208496094,58383700.0,MSFT
2023-07-27 04:00:00+00:00,331.9850652931189,332.81383406452954,320.84022015182325,322.46856689453125,39635300.0,MSFT
2023-07-28 04:00:00+00:00,325.3449560601863,331.52676966933615,324.8574310459994,329.92767333984375,28484900.0,MSFT
2023-07-31 04:00:00+00:00,328.5139296038127,329.27446757680536,325.04272348309354,327.53887939453125,25446000.0,MSFT
2023-08-01 04:00:00+00:00,326.82697129555277,330.09339434116555,325.37415649793405,327.9482727050781,18311900.0,MSFT
2023-08-02 04:00:00+00:00,325.3059494426346,325.3059494426346,318.2173166114524,319.3288879394531,27761300.0,MSFT
2023-08-03 04:00:00+00:00,317.86629010944046,321.64948875271074,317.8175495134228,318.50982666015625,18253700.0,MSFT
2023-08-04 04:00:00+00:00,323.5996092744747,326.7782818997198,319.0753628445266,319.6018981933594,23741500.0,MSFT
2023-08-07 04:00:00+00:00,320.17717126140934,322.8487988022052,319.3483727907042,321.8737487792969,17741500.0,MSFT
2023-08-08 04:00:00+00:00,318.802368731708,320.5477167225477,314.9411787114309,317.9150695800781,22327600.0,MSFT
2023-08-09 04:00:00+00:00,318.3245710835293,318.94858760325343,313.03978705069517,314.19036865234375,22373300.0,MSFT
2023-08-10 04:00:00+00:00,317.88582607311884,320.06995855318496,313.16658711260004,314.8729248046875,20113700.0,MSFT
2023-08-11 04:00:00+00:00,312.2695059957332,314.36585743355505,311.2456856962181,313.00079345703125,24355500.0,MSFT
2023-08-14 04:00:00+00:00,313.3713539974467,315.97472100192863,312.09401103937836,315.9552307128906,18836100.0,MSFT
2023-08-15 04:00:00+00:00,314.9411611661193,316.9790121676308,312.89355014228914,313.82958984375,16966300.0,MSFT
2023-08-16 04:00:00+00:00,313.4583447502476,316.9955245713373,312.48123017207456,313.0675048828125,20698900.0,MSFT
2023-08-17 04:00:00+00:00,313.2042327148122,314.50378164094593,308.9733110073384,309.62799072265625,21257200.0,MSFT
2023-08-18 04:00:00+00:00,307.29273496852556,311.0937247535903,304.4200159024574,309.2372131347656,24755000.0,MSFT
2023-08-21 04:00:00+00:00,310.65390632074093,315.38313540758935,309.784290200261,314.5135192871094,24040000.0,MSFT
2023-08-22 04:00:00+00:00,318.0507585907704,318.61747186045255,314.1032077999083,315.080322265625,16084600.0,MSFT
2023-08-23 04:00:00+00:00,316.40917150691627,321.66605140677217,316.0573948399172,319.5163879394531,21166400.0,MSFT
2023-08-24 04:00:00+00:00,325.23254709942444,325.35957674760573,312.6375276630827,312.6473083496094,23281400.0,MSFT
2023-08-25 04:00:00+00:00,314.11298756039173,317.9139473148537,311.5040788241883,315.58843994140625,21684100.0,MSFT
2023-08-28 04:00:00+00:00,318.20709765634393,318.68587419815776,314.3572643100924,316.2919616699219,14808500.0,MSFT
2023-08-29 04:00:00+00:00,314.5136087751781,321.45112744073015,314.5136087751781,320.8941650390625,19284600.0,MSFT
2023-08-30 04:00:00+00:00,321.14822344769897,322.262118428765,318.97902814860515,321.2654724121094,15222100.0,MSFT
2023-08-31 04:00:00+00:00,321.6661110110973,323.33696848625215,319.3014807588833,320.2590637207031,26411000.0,MSFT
2023-09-01 04:00:00+00:00,323.727713447218,324.39214396761776,319.3013871740993,321.13836669921875,14942000.0,MSFT
2023-09-05 04:00:00+00:00,321.47064520868975,327.18677054781415,321.13842988312655,325.91650390625,18553900.0,MSFT
2023-09-06 04:00:00+00:00,325.7504285755841,326.8056990885685,322.6236503266788,325.2618713378906,17535800.0,MSFT
2023-09-07 04:00:00+00:00,323.7082248346301,325.45723807010125,321.49993683780025,322.35980224609375,18381000.0,MSFT
2023-09-08 04:00:00+00:00,322.53566438985524,328.4667555070914,321.92007759322064,326.6199951171875,19530100.0,MSFT
2023-09-11 04:00:00+00:00,329.5220931094113,330.6751109123213,327.75351820340376,330.2060852050781,16583300.0,MSFT
2023-09-12 04:00:00+00:00,328.1345774558951,329.08237965274225,323.8939043767627,324.17724609375,17565500.0,MSFT
2023-09-13 04:00:00+00:00,323.7277558674077,329.1409777651763,323.59097536312447,328.3690490722656,16544400.0,MSFT
2023-09-14 04:00:00+00:00,331.38835303568044,333.0592103619418,328.8674109262189,330.94866943359375,20267000.0,MSFT
2023-09-15 04:00:00+00:00,329.2094292987057,329.6784251727831,322.10578782450574,322.6627502441406,37679800.0,MSFT
2023-09-18 04:00:00+00:00,320.2981230556272,322.8386267343985,318.8910757818205,321.529296875,16834200.0,MSFT
2023-09-19 04:00:00+00:00,318.7054676141424,321.8517776748913,317.08345387408724,321.1286926269531,16505900.0,MSFT
2023-09-20 04:00:00+00:00,321.96892330963425,322.04707932853614,313.1748951347457,313.4289245605469,21436500.0,MSFT
2023-09-21 04:00:00+00:00,311.95359703612553,317.90422099600227,307.7910795608823,312.2174072265625,35560400.0,MSFT
2023-09-22 04:00:00+00:00,313.96642687422224,314.09345652566765,308.9147319725734,309.75506591796875,21447900.0,MSFT
2023-09-25 04:00:00+00:00,309.34461765593346,310.3999178157117,307.7910094721355,310.27288818359375,17836000.0,MSFT
2023-09-26 04:00:00+00:00,307.9180528712019,308.6508886408052,302.92498298833925,304.9964904785156,26297600.0,MSFT
2023-09-27 04:00:00+00:00,305.1528159801847,307.1070447852302,302.6025617027996,305.6316223144531,19410100.0,MSFT
2023-09-28 04:00:00+00:00,303.8728115871533,308.2600757204857,302.3680768122536,306.4621887207031,19683600.0,MSFT
2023-09-29 04:00:00+00:00,310.4781242122937,312.1587623008752,307.7715278533527,308.5238952636719,24147300.0,MSFT
2023-10-02 04:00:00+00:00,309.04173366618016,314.523360821819,307.96690188868587,314.4353942871094,20570000.0,MSFT
2023-10-03 04:00:00+00:00,313.48759919542874,314.03481069195016,304.0877634575696,306.2178955078125,21033500.0,MSFT
2023-10-04 04:00:00+00:00,306.84326360549875,312.7157312613082,306.81395136342184,311.6604309082031,20720100.0,MSFT
2023-10-05 04:00:00+00:00,311.78742886180316,312.65707498694155,307.6933171593875,312.0512390136719,16965600.0,MSFT
2023-10-06 04:00:00+00:00,309.3055602997531,321.65630098463043,309.06128169271835,319.7704772949219,25673600.0,MSFT
2023-10-09 04:00:00+00:00,317.3179038998877,322.7408769349448,315.78382712320234,322.2718811035156,19891200.0,MSFT
2023-10-10 04:00:00+00:00,323.3858260604153,323.5226364118613,320.17114063147403,320.8746643066406,20557100.0,MSFT
2023-10-11 04:00:00+00:00,323.6300784570828,325.203248275294,321.60747414676473,324.8124084472656,20063200.0,MSFT
2023-10-12 04:00:00+00:00,323.00471335948436,325.99468102864705,321.1970457612764,323.5812072753906,19313100.0,MSFT
2023-10-13 04:00:00+00:00,324.7733126546174,326.19011074612195,318.8910644547027,320.229736328125,21072400.0,MSFT
2023-10-16 04:00:00+00:00,323.47370563502346,328.4472441018182,323.03402205271703,325.02734375,22158000.0,MSFT
2023-10-17 04:00:00+00:00,322.0470977811233,325.82852534192716,319.91699576886526,324.4605712890625,18338500.0,MSFT
2023-10-18 04:00:00+00:00,324.88074324116036,327.909803713785,320.78663169696983,322.5552062988281,23153600.0,MSFT
2023-10-19 04:00:00+00:00,324.5485406563444,329.1703024841639,323.33692834747904,323.737548828125,25052100.0,MSFT
2023-10-20 04:00:00+00:00,324.12841643957864,324.3238512632102,318.0019193859901,319.1940002441406,25027700.0,MSFT
2023-10-23 04:00:00+00:00,318.0214589074995,325.11531975085603,316.9661883632888,321.7833557128906,24374700.0,MSFT
2023-10-24 04:00:00+00:00,323.71800459686386,324.24565474799095,320.1026990318568,322.96563720703125,31153600.0,MSFT
2023-10-25 04:00:00+00:00,337.12389660783873,338.27691391031505,329.89325821964326,332.87347412109375,55053800.0,MSFT
2023-10-26 04:00:00+00:00,332.7465382675552,333.8115893601042,319.45777677753637,320.38604736328125,37828500.0,MSFT
2023-10-27 04:00:00+00:00,322.8679216685348,329.0139799295623,320.8843805209721,322.2621154785156,29856500.0,MSFT
2023-10-30 04:00:00+00:00,325.77971392594014,331.6814932194884,324.23585648353105,329.5904541015625,22828100.0,MSFT
2023-10-31 04:00:00+00:00,331.0952162716641,331.241777466002,327.0304168400943,330.37213134765625,20265300.0,MSFT
2023-11-01 04:00:00+00:00,332.0136865785613,339.46907368839175,331.8768762591472,338.14996337890625,28158800.0,MSFT
2023-11-02 04:00:00+00:00,339.29318001958046,340.8467882699962,336.87970636333785,340.3484802246094,24348100.0,MSFT
2023-11-03 04:00:00+00:00,341.62851616542054,346.27959030223104,339.38113512943426,344.7259521484375,23637700.0,MSFT
2023-11-06 05:00:00+00:00,345.36116666188184,349.3575617902242,345.2634492382275,348.37066650390625,23828300.0,MSFT
2023-11-07 05:00:00+00:00,351.17493911544506,354.16490704694723,349.44545721598166,352.2790832519531,25833900.0,MSFT
2023-11-08 05:00:00+00:00,353.40267618539207,355.54255878691407,352.2985323074461,354.8879089355469,26767800.0,MSFT
2023-11-09 05:00:00+00:00,354.00856480709007,356.441600143659,352.11296032697913,352.4354248046875,24847300.0,MSFT
2023-11-10 05:00:00+00:00,353.2170514609085,361.6300213922687,352.80668013888885,361.2098693847656,28042100.0,MSFT
2023-11-13 05:00:00+00:00,359.7930334339709,360.0373120121586,357.52612107178936,358.28826904296875,19986500.0,MSFT
2023-11-14 05:00:00+00:00,362.5192580985715,363.43774810881337,358.94301547087497,361.7961730957031,27683900.0,MSFT
2023-11-15 05:00:00+00:00,363.5193564786247,365.3306930182784,359.4365063311856,361.9430236816406,26860100.0,MSFT
2023-11-16 05:00:00+00:00,363.2060393855787,368.48338982170065,362.4423444484434,368.3071594238281,27182300.0,MSFT
2023-11-17 05:00:00+00:00,365.800587792621,366.54471142393174,359.3287679224242,362.11920166015625,40157000.0,MSFT
2023-11-20 05:00:00+00:00,363.46060991672704,370.95070053235196,363.24520725093254,369.55059814453125,52465100.0,MSFT
2023-11-21 05:00:00+00:00,367.81760182816333,368.35609354646346,363.36268990163154,365.2719421386719,28423100.0,MSFT
2023-11-22 05:00:00+00:00,370.09894608755127,371.8515394102055,367.13228112759265,369.95208740234375,23345300.0,MSFT
2023-11-24 05:00:00+00:00,369.44285575599235,370.06949251389324,367.2986596667437,369.540771484375,10176600.0,MSFT
2023-11-27 05:00:00+00:00,368.9044009726802,372.683733332582,368.336537498751,370.6961364746094,22179200.0,MSFT
2023-11-28 05:00:00+00:00,370.44160282909473,374.994400937648,370.25557188472965,374.70068359375,20453100.0,MSFT
2023-11-29 05:00:00+00:00,375.738494499301,376.2671856758015,369.5505906614915,370.9311218261719,28963400.0,MSFT
2023-11-30 05:00:00+00:00,370.578664516551,372.1452267516367,367.6218003340975,370.9898986816406,30554400.0,MSFT
2023-12-01 05:00:00+00:00,368.8848238631299,370.25555453657734,363.54872995472044,366.6818542480469,33040500.0,MSFT
2023-12-04 05:00:00+00:00,361.3849610271203,361.79616532164505,355.31454343634607,361.42413330078125,32063300.0,MSFT
2023-12-05 05:00:00+00:00,358.7902991826528,365.2816906598943,357.9776315061035,364.7333984375,23065000.0,MSFT
2023-12-06 05:00:00+00:00,365.73219133144767,366.3587983701644,360.3373530283443,361.09124755859375,21182100.0,MSFT
2023-12-07 05:00:00+00:00,360.5331119373255,363.68580733396766,358.6630319776083,363.1962585449219,23118900.0,MSFT
2023-12-08 05:00:00+00:00,361.48282487936234,366.6328576380953,360.53309906732864,366.4076843261719,20154400.0,MSFT
2023-12-11 05:00:00+00:00,360.7778775179064,363.8326571061726,358.44762055822775,363.5389099121094,27708800.0,MSFT
2023-12-12 05:00:00+00:00,363.0983520859286,366.59373770012405,362.7164896784692,366.5545654296875,24838300.0,MSFT
2023-12-13 05:00:00+00:00,368.16033567982055,369.7464991789199,363.0200723459775,366.5448303222656,30955500.0,MSFT
2023-12-14 05:00:00+00:00,365.50690312981,365.94750897813526,356.5187948133364,358.2811584472656,43277500.0,MSFT
2023-12-15 05:00:00+00:00,359.18190159796933,364.6158804344356,358.62380888642144,362.9808044433594,78502300.0,MSFT
2023-12-18 05:00:00+00:00,361.7276536100702,365.20343845853677,360.9737292655857,364.8607482910156,21802900.0,MSFT
2023-12-19 05:00:00+00:00,363.7249858043668,365.4580078125,362.1094806161989,365.4580078125,20603700.0,MSFT
2023-12-20 05:00:00+00:00,367.161590586535,368.1700598934919,362.785023231556,362.8731384277344,26316700.0,MSFT
2023-12-21 05:00:00+00:00,364.77262075610525,366.58395739776404,362.30530541678434,365.7321472167969,17708000.0,MSFT
2023-12-22 05:00:00+00:00,365.8691539017797,367.3378001809741,364.9194281127133,366.7503356933594,17107500.0,MSFT
2023-12-26 05:00:00+00:00,367.1615944273694,369.0610461329153,365.69294804965995,366.8287048339844,12673100.0,MSFT
2023-12-27 05:00:00+00:00,365.87900622442777,367.2203652351963,365.01739550459973,366.2510681152344,14905400.0,MSFT
2023-12-28 05:00:00+00:00,367.5238756999293,368.5910885400905,366.33917592392487,367.4357604980469,14327000.0,MSFT
2023-12-29 05:00:00+00:00,368.14072884940924,369.2764857473798,365.6734134446601,368.1799011230469,18730800.0,MSFT
2024-01-02 05:00:00+00:00,366.0454121665628,368.0427796247224,359.1036138103624,363.117919921875,25258600.0,MSFT
2024-01-03 05:00:00+00:00,361.2968150611858,365.45797986261033,360.8072662610182,362.85357666015625,23083500.0,MSFT
2024-01-04 05:00:00+00:00,362.92209250603474,365.3012923191343,359.49525117073273,360.2491455078125,20901500.0,MSFT
2024-01-05 05:00:00+00:00,361.25767175006894,364.28307999206555,358.8392992881915,360.06317138671875,21004600.0,MSFT
2024-01-08 05:00:00+00:00,361.58071261682426,367.35741205524755,361.2967958412056,366.8580627441406,23134000.0,MSFT
2024-01-09 05:00:00+00:00,364.23413165308716,368.13092123395006,363.4312643972459,367.93511962890625,20830000.0,MSFT
2024-01-10 05:00:00+00:00,368.5029465849431,376.1399255368866,368.4540036584579,374.7691650390625,25514200.0,MSFT
2024-01-11 05:00:00+00:00,377.93166039806545,382.5138298348758,372.42913685903,376.5903015136719,27850800.0,MSFT
2024-01-12 05:00:00+00:00,377.43234537080764,380.55566927985785,376.6099069263744,380.3500671386719,21661200.0,MSFT
2024-01-16 05:00:00+00:00,385.43158211314164,385.7938434606626,379.51782397721394,382.1124267578125,27202300.0,MSFT
2024-01-17 05:00:00+00:00,379.8702558603142,381.95570842020396,376.76650366232656,381.3291015625,22234100.0,MSFT
2024-01-18 05:00:00+00:00,383.5321225973024,385.75466344784127,381.96556042243856,385.6371765136719,23392100.0,MSFT
2024-01-19 05:00:00+00:00,387.48764513323476,390.3368225097656,385.2748751705021,390.3368225097656,29331100.0,MSFT
2024-01-22 05:00:00+00:00,391.65853542105555,392.24599984333616,385.3629462421895,388.221923828125,27016900.0,MSFT
2024-01-23 05:00:00+00:00,387.4778603727062,391.0319893054533,385.69589563777015,390.56201171875,20525900.0,MSFT
2024-01-24 05:00:00+00:00,393.1468390669837,397.1513444657461,392.07962632176026,394.1455078125,24867000.0,MSFT
2024-01-25 05:00:00+00:00,395.8687653294727,398.5025403738,394.1161721859946,396.4072570800781,21021200.0,MSFT
2024-01-26 05:00:00+00:00,395.917652215205,397.6800456471152,394.0182006704119,395.4868469238281,17803300.0,MSFT
2024-01-29 05:00:00+00:00,397.57235261817027,401.4104281984527,395.8785030835569,401.1558532714844,24510200.0,MSFT
2024-01-30 05:00:00+00:00,403.64280098293807,404.41626660201007,397.9542461080957,400.04949951171875,33477600.0,MSFT
2024-01-31 05:00:00+00:00,398.45353212037105,406.6388032074163,388.90733097100707,389.26959228515625,47871100.0,MSFT
2024-02-01 05:00:00+00:00,393.430744217634,399.4717890769623,393.401372487154,395.3399963378906,30657700.0,MSFT
2024-02-02 05:00:00+00:00,395.36939499914837,404.0246140998081,395.12462060191353,402.62451171875,28256700.0,MSFT
2024-02-05 05:00:00+00:00,401.3321553615057,402.56582806837224,395.5456841655395,397.1709899902344,25352300.0,MSFT
2024-02-06 05:00:00+00:00,397.39614463854895,399.4424550677267,394.4882235276778,397.0142822265625,18382600.0,MSFT
2024-02-07 05:00:00+00:00,398.9235343367266,405.64012962816963,398.88436206584436,405.3953552246094,22340500.0,MSFT
2024-02-08 05:00:00+00:00,405.3953580956046,406.8738050650789,403.90714046810643,405.4541015625,21225300.0,MSFT
2024-02-09 05:00:00+00:00,406.5703156804263,412.0238969836169,406.4136564644989,411.759521484375,22032800.0,MSFT
2024-02-12 05:00:00+00:00,411.769283442755,411.94551383927785,406.0807287884979,406.580078125,21202900.0,MSFT
2024-02-13 05:00:00+00:00,396.4758666187003,401.4986431273402,394.9582769763814,397.8270263671875,27824900.0,MSFT
2024-02-14 05:00:00+00:00,400.2792461565028,402.01544302317166,396.8460672009255,401.672119140625,20401200.0,MSFT
2024-02-15 05:00:00+00:00,400.34788638470263,401.3189759217452,396.5713838346197,398.79803466796875,21825500.0,MSFT
2024-02-16 05:00:00+00:00,400.17133095818804,400.49504745207923,395.73763633762957,396.3457946777344,22296500.0,MSFT
2024-02-20 05:00:00+00:00,395.5413662628297,396.7675013679842,390.41123614122415,395.0999755859375,24307900.0,MSFT
2024-02-21 05:00:00+00:00,392.53007321174096,394.60959394201785,389.63638185870155,394.5016784667969,18518900.0,MSFT
2024-02-22 05:00:00+00:00,402.35868459808347,404.9482663429582,400.7696183104428,403.7908020019531,27009900.0,MSFT
2024-02-23 05:00:00+00:00,407.73411674298126,407.92046175721333,401.162019956702,402.505859375,16295900.0,MSFT
2024-02-26 05:00:00+00:00,403.6045125913183,404.2911603614398,399.58278265548927,399.7593688964844,16193500.0,MSFT
2024-02-27 05:00:00+00:00,400.20071277924296,400.52442923735737,396.13976854109416,399.7004699707031,14835800.0,MSFT
2024-02-28 05:00:00+00:00,400.38712249937714,401.48573495033145,397.58173927175767,399.9359130859375,13183100.0,MSFT
2024-02-29 05:00:00+00:00,400.83837846610305,406.29222617012584,398.1703067167653,405.742919921875,31947300.0,MSFT
2024-03-01 05:00:00+00:00,403.41813008815376,407.93031407980567,403.0355914321904,407.5673828125,17823400.0,MSFT
2024-03-04 05:00:00+00:00,405.546749508067,409.38210473825626,404.4481369486675,406.9985046386719,17596000.0,MSFT
2024-03-05 05:00:00+00:00,406.0567462440755,406.3412180011649,392.991071894389,394.9626770019531,26919200.0,MSFT
2024-03-06 05:00:00+00:00,395.2766257394995,397.4248173487459,390.78407881855424,394.4134216308594,22344100.0,MSFT
2024-03-07 05:00:00+00:00,398.3664950410901,401.95662320085074,394.56056584653686,401.328857421875,18718500.0,MSFT
2024-03-08 05:00:00+00:00,400.171309298901,402.58436507476455,396.61060766849016,398.46453857421875,18002200.0,MSFT
2024-03-11 04:00:00+00:00,396.0515271512708,397.93485423983793,393.5992565104688,396.7969970703125,16120800.0,MSFT
2024-03-12 04:00:00+00:00,399.8378319323999,407.6360648031442,399.02369122398767,407.3515930175781,22457000.0,MSFT
2024-03-13 04:00:00+00:00,410.11771230614136,410.1961717884516,403.5946789555971,407.17498779296875,17115900.0,MSFT
2024-03-14 04:00:00+00:00,412.21684262615895,419.6521433696343,410.009799228429,417.1017761230469,34157300.0,MSFT
2024-03-15 04:00:00+00:00,411.28498921650765,414.5317928189051,404.9090862008724,408.46978759765625,45079900.0,MSFT
2024-03-18 04:00:00+00:00,406.3412048651448,412.6975005120342,405.8801768330178,409.35260009765625,20106000.0,MSFT
2024-03-19 04:00:00+00:00,409.8528643144651,413.61957818454806,407.61639479250874,413.3645324707031,19837900.0,MSFT
2024-03-20 04:00:00+00:00,413.94328882066856,417.82767717758037,412.6288753346162,417.11163330078125,17860100.0,MSFT
2024-03-21 04:00:00+00:00,421.62378632435974,422.5949058623587,419.0047780206844,421.1725769042969,21296200.0,MSFT
2024-03-22 04:00:00+00:00,421.4962894258474,421.65320840400005,417.93558766825475,420.5545959472656,17648500.0,MSFT
2024-03-25 04:00:00+00:00,417.12140106535213,419.2499850699005,413.5606994442316,414.7868347167969,18060500.0,MSFT
2024-03-26 04:00:00+00:00,417.48430243445387,417.85705232022457,413.3056540804049,413.59991455078125,16725600.0,MSFT
2024-03-27 04:00:00+00:00,416.3366986755512,416.3465173372015,411.0103740796991,413.3841552734375,16705000.0,MSFT
2024-03-28 04:00:00+00:00,412.92309148516256,413.815721504757,411.11822405931304,412.68768310546875,21871200.0,MSFT
2024-04-01 04:00:00+00:00,415.85607505767865,419.7208560550212,414.15909296576694,416.4642333984375,16316000.0,MSFT
2024-04-02 04:00:00+00:00,412.08932675524255,414.31600751259526,409.8626759328322,413.3939514160156,17912000.0,MSFT
2024-04-03 04:00:00+00:00,411.71665741417434,415.17926256521645,411.0888617244366,412.42291259765625,16502300.0,MSFT
2024-04-04 04:00:00+00:00,416.8761903565226,420.4859554910503,409.59786785676073,409.9019470214844,19370900.0,MSFT
2024-04-05 04:00:00+00:00,411.9913032872843,418.3672072160066,410.3335658710208,417.3960876464844,16554800.0,MSFT
2024-04-08 04:00:00+00:00,417.052799785157,419.1225019527215,415.2184760981184,416.4838562011719,14272400.0,MSFT
2024-04-09 04:00:00+00:00,418.2985199584035,419.5736887198931,413.5705349702072,418.1415710449219,12496900.0,MSFT
2024-04-10 04:00:00+00:00,414.12962029851764,415.9344877287147,411.68716854848634,415.17919921875,16216600.0,MSFT
2024-04-11 04:00:00+00:00,417.6903687099733,421.1725811111206,414.2964045264092,419.76007080078125,17966400.0,MSFT
2024-04-12 04:00:00+00:00,415.9541310748391,417.06256218596104,411.75584496590756,413.8451843261719,19253800.0,MSFT
2024-04-15 04:00:00+00:00,418.45548299345114,418.67128401490294,405.5369076275719,405.742919921875,20273500.0,MSFT
2024-04-16 04:00:00+00:00,406.65515878258486,410.4120243786573,405.83119940750504,406.6649475097656,16765600.0,MSFT
2024-04-17 04:00:00+00:00,409.2839508985917,410.8828360715611,402.4960529094379,403.97723388671875,15855500.0,MSFT
2024-04-18 04:00:00+00:00,402.79031869935466,404.02627254838046,396.2378594372626,396.5517272949219,21029900.0,MSFT
2024-04-19 04:00:00+00:00,396.3163237053195,397.73865251494925,390.17582902876677,391.50006103515625,30565800.0,MSFT
2024-04-22 04:00:00+00:00,392.441727661041,395.1588624515417,388.1944084543801,393.304931640625,20286900.0,MSFT
2024-04-23 04:00:00+00:00,396.52234656320184,400.40676483693346,395.3648819975192,399.7887878417969,15734500.0,MSFT
2024-04-24 04:00:00+00:00,401.74078982977966,404.595236495939,399.0138660286807,401.2503356933594,15065300.0,MSFT
2024-04-25 04:00:00+00:00,386.5072408836068,392.2553782643455,380.62179192671005,391.4216003417969,40586500.0,MSFT
2024-04-26 04:00:00+00:00,404.30094095620495,405.1150815807432,398.01331587991365,398.5626220703125,29694700.0,MSFT
2024-04-29 04:00:00+00:00,397.5130370183344,398.562615947593,391.56873588609426,394.5703125,19582100.0,MSFT
2024-04-30 04:00:00+00:00,393.8248513162942,394.4820730278576,381.74008419354954,381.8970031738281,28781400.0,MSFT
2024-05-01 04:00:00+00:00,385.11439972061993,394.050490048908,382.8583225669511,387.3999328613281,23562500.0,MSFT
2024-05-02 04:00:00+00:00,390.067981051651,392.2946320183516,387.1154376190438,390.2445373535156,17709400.0,MSFT
2024-05-03 04:00:00+00:00,394.59976579857647,399.37678414031285,394.1877711661832,398.8961486816406,17446700.0,MSFT
2024-05-06 04:00:00+00:00,400.9560656726651,406.02734455936377,398.61168058742396,405.6448059082031,16996600.0,MSFT
2024-05-07 04:00:00+00:00,406.74340224425765,406.75322090554647,401.27973632622934,401.52496337890625,20018200.0,MSFT
2024-05-08 04:00:00+00:00,400.3773092630151,404.3597941214035,398.9451617518151,402.7020568847656,11792300.0,MSFT
2024-05-09 04:00:00+00:00,402.7315305808264,404.84047745279514,401.28959417288524,404.4481201171875,14689700.0,MSFT
2024-05-10 04:00:00+00:00,405.0562460600837,407.44966453116945,403.93799631140473,406.8218688964844,13402300.0,MSFT
2024-05-13 04:00:00+00:00,410.0294239104783,410.36292908810583,402.9766919421273,405.8213195800781,15440200.0,MSFT
2024-05-14 04:00:00+00:00,404.1537549120692,409.51932355356394,403.6927268958918,408.6070861816406,15109300.0,MSFT
2024-05-15 04:00:00+00:00,410.66092785109674,416.46855556809163,410.0418362179186,415.7511901855469,22239500.0,MSFT
2024-05-16 04:00:00+00:00,414.49338464088675,418.05070261448816,413.06852016596474,413.6974182128906,17530100.0,MSFT
2024-05-17 04:00:00+00:00,415.2205942827064,415.59401656244523,410.78870878728935,412.9309387207031,15352200.0,MSFT
2024-05-20 04:00:00+00:00,412.9309055053418,419.37726753163014,412.7147152549324,417.9720458984375,16272100.0,MSFT
2024-05-21 04:00:00+00:00,419.43623228216074,425.46988664412265,417.49054998726376,421.60797119140625,21453300.0,MSFT
2024-05-22 04:00:00+00:00,422.6397422694005,424.91956115828395,419.7310254046841,423.0622863769531,18073700.0,MSFT
2024-05-23 04:00:00+00:00,425.4698880093599,426.0889796466093,418.0506847119264,419.6033020019531,17211700.0,MSFT
2024-05-24 04:00:00+00:00,419.7900037534496,423.59296088139126,417.05816150216543,422.70855712890625,11855300.0,MSFT
2024-05-28 04:00:00+00:00,422.1877338257991,423.35712243524114,419.2102222377172,422.86578369140625,15718000.0,MSFT
2024-05-29 04:00:00+00:00,418.31595899186647,423.4750155168305,418.31595899186647,421.7356872558594,15517100.0,MSFT
2024-05-30 04:00:00+00:00,416.95003623481153,416.95003623481153,407.0643033400361,407.48687744140625,28394500.0,MSFT
2024-05-31 04:00:00+00:00,409.5308671519035,409.5308671519035,397.50290358954135,407.9389343261719,47995300.0,MSFT
2024-06-03 04:00:00+00:00,408.3319723384426,409.21637607324783,401.83648858598,406.3567810058594,17484700.0,MSFT
2024-06-04 04:00:00+00:00,405.2856798357907,409.22622626275023,402.58331667273,408.8626403808594,14348900.0,MSFT
2024-06-05 04:00:00+00:00,410.5725176189358,416.73389525429343,409.0886648755249,416.6651306152344,16988000.0,MSFT
2024-06-06 04:00:00+00:00,416.66508413024746,417.9425528471417,413.29447761268017,417.1662292480469,14861300.0,MSFT
2024-06-07 04:00:00+00:00,418.8171103351825,418.8957113302609,415.67253073124033,416.5078125,13621700.0,MSFT
2024-06-10 04:00:00+00:00,417.3431202309482,420.66454478320344,416.5471539046789,420.45819091796875,13982900.0,MSFT
2024-06-11 04:00:00+00:00,418.1096457911631,425.3224952545953,417.88361916349896,425.1849060058594,14551100.0,MSFT
2024-06-12 04:00:00+00:00,427.7791794767063,435.71920053687387,425.7450298401941,433.41973876953125,22366200.0,MSFT
2024-06-13 04:00:00+00:00,433.21338970261115,435.7093989946261,431.75901618030764,433.93072509765625,15960600.0,MSFT
2024-06-14 04:00:00+00:00,430.68790003484014,435.4637283515464,429.15492551069684,434.9035949707031,13582000.0,MSFT
2024-06-17 04:00:00+00:00,434.92324397820295,443.1286073434569,433.0856417971322,440.6031188964844,20790000.0,MSFT
2024-06-18 04:00:00+00:00,441.9198947788086,442.34246889984814,437.18341197055486,438.6082763671875,17112500.0,MSFT
2024-06-20 04:00:00+00:00,438.56892206249415,438.79494866589,433.62605582240985,437.9793395996094,19877400.0,MSFT
2024-06-21 04:00:00+00:00,439.63025801243765,442.774807970896,438.77533339876635,441.9886779785156,34187100.0,MSFT
2024-06-24 04:00:00+00:00,442.0082999216464,444.90721036131976,438.6770389987755,439.91522216796875,15913700.0,MSFT
2024-06-25 04:00:00+00:00,440.4851865060809,443.60028735592437,439.01117026568124,443.138427734375,16413400.0,MSFT
2024-06-26 04:00:00+00:00,441.222219477512,445.7425422004591,440.4262530619795,444.3274841308594,16507000.0,MSFT
2024-06-27 04:00:00+00:00,444.3471165440364,448.2680202655606,443.94421515967235,445.0055236816406,14806300.0,MSFT
2024-06-28 04:00:00+00:00,445.2217457631377,447.4917286115272,438.6771093729576,439.207763671875,28362300.0,MSFT
2024-07-01 04:00:00+00:00,440.88811382009334,449.4472268960843,437.9400811658245,448.8183288574219,17662800.0,MSFT
2024-07-02 04:00:00+00:00,445.349461110364,451.6287548273333,445.26099374388446,451.3241271972656,13979800.0,MSFT
2024-07-03 04:00:00+00:00,450.25300481306164,453.03396893483153,449.94837718806366,452.7882995605469,9932800.0,MSFT
2024-07-05 04:00:00+00:00,451.6483951731934,460.2370169877969,451.01949716215944,459.460693359375,16000300.0,MSFT
2024-07-08 04:00:00+00:00,458.4681407863274,459.59824381659064,456.41434856608595,458.16351318359375,12962300.0,MSFT
2024-07-09 04:00:00+00:00,458.91035499777627,459.2346253511444,450.0662582205172,451.57958984375,17207200.0,MSFT
2024-07-10 04:00:00+00:00,453.2305340754163,458.3797547644369,450.9113994976311,458.17340087890625,18196100.0,MSFT
2024-07-11 04:00:00+00:00,454.9600551032178,456.72886266734906,443.7280281074878,446.823486328125,23111200.0,MSFT
2024-07-12 04:00:00+00:00,446.459846610387,448.45468069664645,442.8436006787632,445.693359375,16324300.0,MSFT
2024-07-15 04:00:00+00:00,445.44774266395785,449.3391675395858,443.61014035604813,446.0963134765625,14429400.0,MSFT
2024-07-16 04:00:00+00:00,446.3517811207802,446.43038212668165,438.92274152217504,441.7331848144531,17175700.0,MSFT
2024-07-17 04:00:00+00:00,434.92318387202874,437.14404437719276,431.5722503624344,435.8370666503906,21778000.0,MSFT
2024-07-18 04:00:00+00:00,436.6429302135875,436.9475578488645,426.8751131633182,432.74169921875,20794800.0,MSFT
2024-07-19 04:00:00+00:00,425.5976003585523,433.4983352820313,424.51664918921864,429.5381164550781,20940400.0,MSFT
2024-07-22 04:00:00+00:00,434.1370473740231,436.89836840804566,431.3069317261726,435.2671203613281,15808800.0,MSFT
2024-07-23 04:00:00+00:00,436.21054835742433,440.62279084734524,435.4244183311835,437.14410400390625,13107100.0,MSFT
2024-07-24 04:00:00+00:00,432.82034171919196,433.83249840274334,420.18309274942834,421.47039794921875,26805800.0,MSFT
2024-07-25 04:00:00+00:00,421.3721545577555,422.35483218497876,410.27774573844266,411.1523132324219,29943800.0,MSFT
2024-07-26 04:00:00+00:00,410.95575198353527,421.490056226304,410.0418390958428,417.90325927734375,23583800.0,MSFT
2024-07-29 04:00:00+00:00,424.10394408211863,424.66407745687695,417.34314804369717,419.3379821777344,15125800.0,MSFT
2024-07-30 04:00:00+00:00,420.31083428857175,421.6177822082065,410.13027948455533,415.593994140625,32687600.0,MSFT
2024-07-31 04:00:00+00:00,413.21586942488864,414.47369536650564,405.0694649339739,411.1031188964844,42891400.0,MSFT
2024-08-01 04:00:00+00:00,413.5008583778063,420.05530026736574,405.9342299111822,409.88458251953125,30296400.0,MSFT
2024-08-02 04:00:00+00:00,405.3446197900361,407.81114983489476,397.3358044115477,401.4139099121094,29437900.0,MSFT
2024-08-05 04:00:00+00:00,382.4286307082766,394.09300828762184,378.90079195613237,388.3050231933594,40709200.0,MSFT
2024-08-06 04:00:00+00:00,393.07100276300895,398.6427974223072,391.59698650264767,392.687744140625,24946500.0,MSFT
2024-08-07 04:00:00+00:00,401.56132604317764,402.9763539760022,390.58480577308114,391.5281677246094,20650900.0,MSFT
2024-08-08 04:00:00+00:00,395.4687471216862,398.82948747665125,393.01205329948556,395.71441650390625,20203000.0,MSFT
2024-08-09 04:00:00+00:00,397.03117577316215,400.9815283942931,395.2918474526737,398.9866943359375,19276700.0,MSFT
2024-08-12 04:00:00+00:00,400.008700380632,401.6792641246606,397.23754263585204,399.7630310058594,16762900.0,MSFT
2024-08-13 04:00:00+00:00,402.49490035510087,407.762067699129,402.4752575998139,406.8383483886719,19414300.0,MSFT
2024-08-14 04:00:00+00:00,407.61463319199424,410.48406481515934,405.3053649551057,409.6389465332031,18267000.0,MSFT
2024-08-15 04:00:00+00:00,413.27153919674845,414.56116454959863,411.16483466760724,414.482421875,20752100.0,MSFT
2024-08-16 04:00:00+00:00,414.05909962624725,414.787581998409,410.81040112271256,411.96221923828125,22775600.0,MSFT
2024-08-19 04:00:00+00:00,412.4446299731582,415.19125033166955,409.9835081573214,414.97467041015625,15234000.0,MSFT
2024-08-20 04:00:00+00:00,415.14205004692775,419.2373304106215,415.08298552534507,418.1938171386719,16387600.0,MSFT
2024-08-21 04:00:00+00:00,417.48503385041994,419.7689622765487,415.1617491032496,417.54412841796875,16067300.0,MSFT
2024-08-22 04:00:00+00:00,417.7606059891525,420.1528389914807,408.1622318516386,409.0876159667969,19361900.0,MSFT
2024-08-23 04:00:00+00:00,410.4954277824997,412.73996960606866,405.6814592418378,410.3083801269531,18493800.0,MSFT
2024-08-26 04:00:00+00:00,409.89490950861074,410.7907614506505,404.94313363943934,407.0596923828125,13152800.0,MSFT
2024-08-27 04:00:00+00:00,406.43946532338146,407.91613833509496,403.8700687036349,407.40423583984375,13492900.0,MSFT
2024-08-28 04:00:00+00:00,408.4280692350888,408.5461982686738,400.97578558888256,404.2146301269531,14882700.0,MSFT
2024-08-29 04:00:00+00:00,408.48716903331825,415.4865852646763,404.2146650393698,406.6954650878906,17045200.0,MSFT
2024-08-30 04:00:00+00:00,409.1368642535232,410.99745657650817,405.7208262421071,410.6529235839844,24308300.0,MSFT
2024-09-03 04:00:00+00:00,411.41094371784055,413.3503087826454,400.7001374742272,403.0726623535156,20313600.0,MSFT
2024-09-04 04:00:00+00:00,399.59755429893164,404.8446523736478,398.0814949690352,402.5410461425781,15135800.0,MSFT
2024-09-05 04:00:00+00:00,401.28104815153,406.67583883603373,399.8142289322872,402.0390930175781,14195500.0,MSFT
2024-09-06 04:00:00+00:00,402.6985921439958,404.2638620080845,394.56703607993364,395.45306396484375,19609500.0,MSFT
2024-09-09 04:00:00+00:00,400.90684301767806,402.294919165343,395.8960031892495,399.4104919433594,15295100.0,MSFT
2024-09-10 04:00:00+00:00,401.8519446669211,409.8554868302287,401.3597203496137,407.7586364746094,19594300.0,MSFT
2024-09-11 04:00:00+00:00,409.03843011648604,417.39638986900843,403.21048066101315,416.461181640625,19266900.0,MSFT
2024-09-12 04:00:00+00:00,416.72697057085117,420.7238298297295,413.2223356546228,420.3595886230469,17395700.0,MSFT
2024-09-13 04:00:00+00:00,419.2078129966604,425.1145057080557,418.8435717530032,423.893798828125,15874600.0,MSFT
2024-09-16 04:00:00+00:00,423.9035976857479,426.7880250402565,421.5606050753592,424.632080078125,13834700.0,MSFT
2024-09-17 04:00:00+00:00,433.3838592052121,434.9786612819886,425.54762597309116,428.3828430175781,18874200.0,MSFT
2024-09-18 04:00:00+00:00,428.235163297131,429.249144206207,423.7165475930165,424.1103210449219,18898000.0,MSFT
2024-09-19 04:00:00+00:00,434.36830593406904,434.63409626466625,430.1056262859268,431.8677978515625,21706600.0,MSFT
2024-09-20 04:00:00+00:00,430.4206328981448,432.409208323067,427.4672869965637,428.5009460449219,55167100.0,MSFT
2024-09-23 04:00:00+00:00,427.52641684805,429.6725079875257,423.6969266994437,426.7684020996094,15128900.0,MSFT
2024-09-24 04:00:00+00:00,426.26624401276456,426.6108070315339,419.4735546779715,422.4958190917969,17015800.0,MSFT
2024-09-25 04:00:00+00:00,423.14559476109406,426.3844395741606,421.90520976014716,425.39013671875,13396400.0,MSFT
2024-09-26 04:00:00+00:00,428.32378449228514,428.5305103087993,422.45647860828996,424.6025695800781,14492000.0,MSFT
2024-09-27 04:00:00+00:00,424.80927883764434,425.1341637224931,420.8222737453315,421.36370849609375,14896100.0,MSFT
2024-09-30 04:00:00+00:00,421.55078212730024,423.7264354508624,418.75495134014767,423.6082763671875,16807300.0,MSFT
2024-10-01 04:00:00+00:00,421.78703621784,421.81656847562806,412.2969368087723,414.147705078125,19092900.0,MSFT
2024-10-02 04:00:00+00:00,416.0083553062398,416.24464344442003,410.22964573183543,410.64312744140625,16582300.0,MSFT
2024-10-03 04:00:00+00:00,411.1353318978847,413.0254566537122,407.84727671300476,410.0622863769531,13686400.0,MSFT
2024-10-04 04:00:00+00:00,411.73581262468696,413.2223397680441,408.51667620718774,409.5897216796875,19169700.0,MSFT
2024-10-07 04:00:00+00:00,409.5306729821077,410.6233966552464,402.6395318501973,403.171142578125,20919800.0,MSFT
2024-10-08 04:00:00+00:00,404.5099645290717,409.19594995144206,401.82243880752753,408.2607116699219,19229300.0,MSFT
2024-10-09 04:00:00+00:00,409.3928021729279,413.84252930935924,407.8570646785986,410.9679260253906,14974300.0,MSFT
2024-10-10 04:00:00+00:00,408.77263914925425,410.859665558973,406.7249690560659,409.3731384277344,13848400.0,MSFT
2024-10-11 04:00:00+00:00,409.6684790592566,410.6430736171545,406.8234080163179,409.8456726074219,14144900.0,MSFT
2024-10-14 04:00:00+00:00,411.27310627026066,417.4456186019399,411.02699410502277,412.621826171875,16653100.0,MSFT
2024-10-15 04:00:00+00:00,415.61450241094855,415.90985501650863,408.80213492837686,412.2279968261719,18900200.0,MSFT
2024-10-16 04:00:00+00:00,408.71356498849764,409.8850312589263,404.09649835161355,409.6487731933594,15508900.0,MSFT
2024-10-17 04:00:00+00:00,415.7917465890575,415.9295838303706,409.127039576057,410.2394714355469,14820000.0,MSFT
2024-10-18 04:00:00+00:00,410.6529166681237,413.1238623045801,409.7865970653071,411.65704345703125,17145300.0,MSFT
2024-10-21 04:00:00+00:00,409.64875806524304,412.4445885621628,407.3156196249642,412.26739501953125,14206100.0,MSFT
2024-10-22 04:00:00+00:00,411.9819473916582,423.88392916296095,411.53896348036403,420.8616943359375,25482200.0,MSFT
2024-10-23 04:00:00+00:00,424.1595150969288,424.3760949935698,415.95907136722593,417.99688720703125,19654400.0,MSFT
2024-10-24 04:00:00+00:00,418.71552307399537,419.3554387186423,415.8310957950025,418.1248779296875,13581600.0,MSFT
2024-10-25 04:00:00+00:00,420.1233311665373,425.7937351729216,419.9362835126177,421.49169921875,16899100.0,MSFT
2024-10-28 04:00:00+00:00,424.9471560845272,425.222800536086,419.67049509941035,419.95599365234375,14882400.0,MSFT
2024-10-29 04:00:00+00:00,421.3440208086144,426.43363353122214,419.17822176857095,425.23260498046875,17644100.0,MSFT
2024-10-30 04:00:00+00:00,430.63720465561414,431.68071778433335,425.38025265537163,425.8035583496094,29749100.0,MSFT
2024-10-31 04:00:00+00:00,408.9005934690843,409.6881704469,399.9814907408766,400.0307312011719,53971000.0,MSFT
2024-11-01 04:00:00+00:00,402.64935394725995,409.0384161036912,401.162826864631,403.9881896972656,24230400.0,MSFT
2024-11-04 05:00:00+00:00,403.42706781751014,404.0374512515174,399.26286901744754,402.10791015625,19672300.0,MSFT
2024-11-05 05:00:00+00:00,402.019305938334,408.4477546696806,401.73380740675793,405.0612487792969,17626000.0,MSFT
2024-11-06 05:00:00+00:00,406.00632872643234,413.91145024796907,404.1358522419557,413.6456298828125,26681800.0,MSFT
2024-11-07 05:00:00+00:00,414.7285393416903,420.2119257079772,413.35031719618456,418.8139953613281,19901800.0,MSFT
2024-11-08 05:00:00+00:00,418.70576053564287,419.8674028807744,415.2208034572557,415.968994140625,16891400.0,MSFT
2024-11-11 05:00:00+00:00,415.9492425000552,418.2036383732599,409.530647967578,411.5093994140625,24503300.0,MSFT
2024-11-12 05:00:00+00:00,411.7456911405818,417.8394313280264,410.7120319666306,416.45135498046875,19401200.0,MSFT
2024-11-13 05:00:00+00:00,415.08301112040346,422.65339483798164,411.7063288657566,418.587646484375,21502200.0,MSFT
2024-11-14 05:00:00+00:00,418.390720208814,421.51143597611144,413.4684764416515,420.2513427734375,30246900.0,MSFT
2024-11-15 05:00:00+00:00,413.2912534776132,416.2248913266483,407.2073678244848,408.54620361328125,28247600.0,MSFT
2024-11-18 05:00:00+00:00,408.41825976061074,411.8933627455597,405.6913474607701,409.29443359375,24727000.0,MSFT
2024-11-19 05:00:00+00:00,406.68560375296545,411.4405079817959,405.1498661250552,411.2928466796875,18133500.0,MSFT
2024-11-20 05:00:00+00:00,410.38713903081657,410.8006207181085,404.19494808048387,409.0285949707031,19191700.0,MSFT
2024-11-21 05:00:00+00:00,413.80287334750346,414.07906953202513,404.717960528392,407.2629089355469,20780200.0,MSFT
2024-11-22 05:00:00+00:00,405.7832773797643,411.73138418459337,405.4774898240383,411.3368225097656,24814600.0,MSFT
2024-11-25 05:00:00+00:00,412.698073057269,415.36138685697927,409.21601445717323,413.1025085449219,27691100.0,MSFT
2024-11-26 05:00:00+00:00,413.8916059444426,423.21327891734404,413.16166540924917,422.1775207519531,23458900.0,MSFT
2024-11-27 05:00:00+00:00,419.33665679394954,421.42789081016514,416.28862504102557,417.2454528808594,18332400.0,MSFT
2024-11-29 05:00:00+00:00,414.38481768654003,419.1097738504757,412.1259094010287,417.70904541015625,16271900.0,MSFT
2024-12-02 05:00:00+00:00,415.84477479075025,427.11953971126485,415.58829615007085,425.1269836425781,20207200.0,MSFT
2024-12-03 05:00:00+00:00,424.0024483022702,426.59673575541547,421.9309618493427,425.343994140625,18302000.0,MSFT
2024-12-04 05:00:00+00:00,427.1490673141917,433.69890467425466,426.75450568960144,431.4794616699219,26009400.0,MSFT
2024-12-05 05:00:00+00:00,431.97270407918,438.6211597736825,430.2464705000807,436.6088562011719,21697800.0,MSFT
2024-12-06 05:00:00+00:00,436.2931878578621,440.04159877439776,435.7703869006791,437.54595947265625,18821000.0,MSFT
2024-12-09 05:00:00+00:00,436.5891099408423,442.2412722506749,434.5176237615362,439.962646484375,19144400.0,MSFT
2024-12-10 05:00:00+00:00,438.3548667232301,443.5138201555157,435.60274857576576,437.3092346191406,18469500.0,MSFT
2024-12-11 05:00:00+00:00,438.0194510528632,444.23391032066826,438.0194510528632,442.8923645019531,19200200.0,MSFT
2024-12-12 05:00:00+00:00,443.0106891858234,449.96496224230685,443.0106891858234,443.45458984375,20834800.0,MSFT
2024-12-13 05:00:00+00:00,442.34986354702323,445.2992475559922,439.5286887575998,441.19573974609375,20177800.0,MSFT
2024-12-16 05:00:00+00:00,441.19569319284585,446.039014950384,439.23272866925197,445.45703125,23598800.0,MSFT
2024-12-17 05:00:00+00:00,444.8849272856994,449.1068002031095,443.4644812477741,448.2880554199219,22733500.0,MSFT
2024-12-18 05:00:00+00:00,445.1907332778121,446.50265760588917,431.08492025325205,431.4499206542969,24444500.0,MSFT
2024-12-19 05:00:00+00:00,435.6224173363725,437.1612287919841,430.39440791706704,431.0947570800781,22963700.0,MSFT
2024-12-20 05:00:00+00:00,427.22800034083093,437.7136411325363,422.80886164173944,430.6706237792969,64263700.0,MSFT
2024-12-23 05:00:00+00:00,430.80871372187636,431.70635881030796,426.9518110200716,429.3389587402344,19152500.0,MSFT
2024-12-24 05:00:00+00:00,428.74709084992185,433.6298778354008,428.2933464556966,433.363525390625,7164500.0,MSFT
2024-12-26 05:00:00+00:00,433.1169230295789,434.9516783695283,430.7002140852734,432.16009521484375,8194200.0,MSFT
2024-12-27 05:00:00+00:00,428.69783929596434,429.3094144533034,420.55987996664646,424.68310546875,18117700.0,MSFT
2024-12-30 05:00:00+00:00,420.27376177490316,421.7435167493127,416.17025429217676,419.0604553222656,13158700.0,MSFT
2024-12-31 05:00:00+00:00,420.31326102478425,420.93470998738326,414.9471377359365,415.7757263183594,13246500.0,MSFT
2025-01-02 05:00:00+00:00,419.7509810335182,420.2836558558519,409.21603069875914,412.8953552246094,16896500.0,MSFT
2025-01-03 05:00:00+00:00,415.36136467137544,418.2713132207811,413.8423008464514,417.6005554199219,16662900.0,MSFT
2025-01-06 05:00:00+00:00,422.1874160873605,428.4215926337743,419.7016505493917,422.0394592285156,20573600.0,MSFT
2025-01-07 05:00:00+00:00,423.1738448521772,424.801430542522,415.0851952170159,416.6338806152344,18139100.0,MSFT
2025-01-08 05:00:00+00:00,417.7090917280971,421.1714329663283,415.81518360520914,418.7941589355469,15054600.0,MSFT
2025-01-10 05:00:00+00:00,418.8631994200863,418.9420997125399,409.383695034764,413.2603454589844,20201100.0,MSFT
2025-01-13 05:00:00+00:00,409.6007014640922,412.8164377086338,406.690782868284,411.52423095703125,17604800.0,MSFT
2025-01-14 05:00:00+00:00,412.1358238822972,414.03960580749714,405.1421150215387,410.02490234375,16935900.0,MSFT
2025-01-15 05:00:00+00:00,413.43790279096226,422.3353935398116,412.5895665870108,420.5203857421875,19637800.0,MSFT
2025-01-16 05:00:00+00:00,422.8779150872359,423.6571645662551,418.6264508238549,418.8138427734375,15300000.0,MSFT
2025-01-17 05:00:00+00:00,428.1947706981728,428.5794886929792,422.35518502207645,423.2034912109375,26197500.0,MSFT
2025-01-21 05:00:00+00:00,424.35752761269225,425.0480029513297,419.819993531564,422.68060302734375,26085700.0,MSFT
2025-01-22 05:00:00+00:00,431.61761238386987,441.1957350447454,430.0788007344463,440.1402893066406,27803800.0,MSFT
2025-01-23 05:00:00+00:00,435.9972845633218,440.68277574358376,435.50407496539947,440.643310546875,18389300.0,MSFT
2025-01-24 05:00:00+00:00,439.11439458237174,440.5841496239721,435.40544858930485,438.0293273925781,15549500.0,MSFT
2025-01-27 05:00:00+00:00,418.2516146753107,429.28964793288844,417.74853125025015,428.6583251953125,35647800.0,MSFT
2025-01-28 05:00:00+00:00,428.6977608632086,442.2906153004339,425.5214900534852,441.12664794921875,23491700.0,MSFT
2025-01-29 05:00:00+00:00,440.6235877197962,440.81100977301065,434.41900262341227,436.3227844238281,23581400.0,MSFT
2025-01-30 05:00:00+00:00,413.0827588425547,417.1172097708342,407.54896156269734,409.3540954589844,54586300.0,MSFT
2025-01-31 05:00:00+00:00,413.28996411007114,414.97673266362114,409.2752303832896,409.4231872558594,34161900.0,MSFT
2025-02-03 05:00:00+00:00,406.01014380943144,409.7683985075356,403.1100689884043,405.3393859863281,25679100.0,MSFT
2025-02-04 05:00:00+00:00,407.0853452090854,408.29865167160733,404.1753965052981,406.7696838378906,20532100.0,MSFT
2025-02-05 05:00:00+00:00,406.74997908357795,408.2098602907994,404.8264495269334,407.6772155761719,16316700.0,MSFT
2025-02-06 05:00:00+00:00,408.3775613386283,412.5205341470821,408.3775613386283,410.1728515625,16309800.0,MSFT
2025-02-07 05:00:00+00:00,410.8238533335017,412.96436600470287,402.5576561425311,404.18524169921875,22886800.0,MSFT
2025-02-10 05:00:00+00:00,408.0914896331453,409.81772327895646,405.3394016663598,406.6217346191406,20817900.0,MSFT
2025-02-11 05:00:00+00:00,404.07678288840276,406.88805357704496,403.741373863551,405.8523254394531,18140600.0,MSFT
2025-02-12 05:00:00+00:00,401.67976029438313,405.17169274595005,398.8783333348811,403.48492431640625,19121700.0,MSFT
2025-02-13 05:00:00+00:00,401.472636502677,405.4183135199023,400.84131373042015,404.9645690917969,23891700.0,MSFT
2025-02-14 05:00:00+00:00,402.25188608897315,403.3566707547541,400.3678218416371,402.8831787109375,22758500.0,MSFT
2025-02-18 05:00:00+00:00,402.45907065768193,405.02376683445937,400.9794417214404,404.0768127441406,21423100.0,MSFT
2025-02-19 05:00:00+00:00,402.34070226719325,409.84733856693146,402.1138149948078,409.1371154785156,24114200.0,MSFT
2025-02-20 05:00:00+00:00,410.47144681938056,414.4447923675228,407.75335474991726,411.30169677734375,23508700.0,MSFT
2025-02-21 05:00:00+00:00,412.4976421272199,413.1993956224997,403.15730762956775,403.47357177734375,27524800.0,MSFT
2025-02-24 05:00:00+00:00,403.7700887978409,404.62009578289485,394.6867174896375,399.3124084472656,26443700.0,MSFT
2025-02-25 05:00:00+00:00,396.4460551720573,397.2565479767241,392.0971142682963,393.2831726074219,29387400.0,MSFT
2025-02-26 05:00:00+00:00,393.3919357776839,398.9170718958632,389.6755530638089,395.09197998046875,19619000.0,MSFT
2025-02-27 05:00:00+00:00,396.61410618114576,401.03224256641477,387.6197164134029,387.97552490234375,21127400.0,MSFT
2025-02-28 05:00:00+00:00,388.1040123360274,393.0163471729864,382.0846775634414,392.3837585449219,32845700.0,MSFT
2025-03-03 05:00:00+00:00,394.1925192721913,394.1925192721913,381.67940898205217,383.98236083984375,23007700.0,MSFT
2025-03-04 05:00:00+00:00,378.9514422192701,388.0249203607145,376.5792952112664,384.1009826660156,29342900.0,MSFT
2025-03-05 05:00:00+00:00,384.82247395089007,397.00942552278195,384.29862476159957,396.366943359375,23433100.0,MSFT
2025-03-06 05:00:00+00:00,389.7051801734712,397.4838599812305,388.12373889118527,392.284912109375,23304600.0,MSFT
2025-03-07 05:00:00+00:00,387.76795648683793,390.2191619837315,381.0666253730808,388.7464599609375,22034100.0,MSFT
2025-03-10 04:00:00+00:00,381.3631114017718,381.9166113327009,372.8431337183802,375.7490234375,32840100.0,MSFT
2025-03-11 04:00:00+00:00,374.6024872406928,381.5212666884101,372.5367409966354,376.0356750488281,30380200.0,MSFT
2025-03-12 04:00:00+00:00,378.5066728711865,380.7503233781215,374.55308456142495,378.82293701171875,24253600.0,MSFT
2025-03-13 04:00:00+00:00,378.7142611357114,380.8492026304598,373.0705217726956,374.37518310546875,20473000.0,MSFT
2025-03-14 04:00:00+00:00,375.3734195488383,385.7021804869834,375.10656321193693,384.0515441894531,19952800.0,MSFT
2025-03-17 04:00:00+00:00,382.2131473268013,388.1533930243756,381.09625384575537,384.18994140625,22474300.0,MSFT
2025-03-18 04:00:00+00:00,382.57889637930924,382.8754034622388,376.6781641211092,379.070068359375,19486900.0,MSFT
2025-03-19 04:00:00+00:00,381.0567525075918,385.1585946525035,379.5445060727477,383.3201904296875,19185500.0,MSFT
2025-03-20 04:00:00+00:00,381.2642891356356,387.24410971121733,378.8328407062668,382.3515319824219,18470500.0,MSFT
2025-03-21 04:00:00+00:00,378.77352451177876,387.194656647968,378.3583844724842,386.7202453613281,39675900.0,MSFT
2025-03-24 04:00:00+00:00,390.81222312553433,390.81222312553433,385.28708673252123,388.5191345214844,21004500.0,MSFT
2025-03-25 04:00:00+00:00,389.3493790004213,391.7610400507305,388.08423198363494,390.5749816894531,15775000.0,MSFT
2025-03-26 04:00:00+00:00,390.4168571879551,390.72325787798576,384.0614710304359,385.4452209472656,16108400.0,MSFT
2025-03-27 04:00:00+00:00,385.60336562359333,387.6888690270636,382.9050306805178,386.0481262207031,13766800.0,MSFT
2025-03-28 04:00:00+00:00,383.5771084434194,384.6149434292676,372.55648752516225,374.40478515625,21632000.0,MSFT
2025-03-31 04:00:00+00:00,368.21742532177814,372.6948625069506,362.97890314508544,371.03436279296875,35184700.0,MSFT
2025-04-01 04:00:00+00:00,370.30297052308924,378.4078388750376,368.89946352111616,377.7554931640625,19689500.0,MSFT
2025-04-02 04:00:00+00:00,373.5844861787052,380.61197570359644,372.25014394283687,377.70611572265625,16092600.0,MSFT
2025-04-03 04:00:00+00:00,370.4413527847735,373.10014336261634,365.0644702169303,368.78082275390625,30198000.0,MSFT
2025-04-04 04:00:00+00:00,359.9050576420754,370.24368334469244,355.3090169453245,355.6648254394531,49209900.0,MSFT
2025-04-07 04:00:00+00:00,346.808801297969,366.6953473866903,340.78946619633433,353.7077941894531,50425000.0,MSFT
2025-04-08 04:00:00+00:00,363.98712785508354,369.3145725706382,346.18608632628985,350.4460754394531,35868900.0,MSFT
2025-04-09 04:00:00+00:00,349.43788571366844,388.6673652686905,349.0029886182402,385.9591369628906,50199700.0,MSFT
2025-04-10 04:00:00+00:00,377.6269854135807,379.44563241847453,363.5324334212975,376.92523193359375,38024400.0,MSFT
2025-04-11 04:00:00+00:00,376.2234920445777,385.52428234575257,374.4937970946495,383.94287109375,23839200.0,MSFT
2025-04-14 04:00:00+00:00,388.6575350248574,390.07093573374146,379.75206690221165,383.310302734375,19251200.0,MSFT
2025-04-15 04:00:00+00:00,384.0021677861047,387.3429548173336,379.702634359307,381.2544250488281,17199900.0,MSFT
2025-04-16 04:00:00+00:00,376.25315416820064,377.18221973337427,363.730149078798,367.2982482910156,21967800.0,MSFT
2025-04-17 04:00:00+00:00,369.41342738591277,369.97682098932336,362.6330375516977,363.5126953125,21120200.0,MSFT
2025-04-21 04:00:00+00:00,358.6102059570081,360.25094859286406,351.543173455908,354.953125,20807300.0,MSFT
2025-04-22 04:00:00+00:00,359.1637542302739,363.5028019496421,355.68457702509073,362.5638427734375,19485000.0,MSFT
2025-04-23 04:00:00+00:00,371.6965961898571,375.9763723537339,368.69186067990836,370.0459899902344,20545500.0,MSFT
2025-04-24 04:00:00+00:00,371.34083029267134,383.94289425966036,370.8367380816756,382.80621337890625,22232300.0,MSFT
2025-04-25 04:00:00+00:00,382.5096738423667,387.60980644654984,380.1375268589871,387.30340576171875,18973200.0,MSFT
2025-04-28 04:00:00+00:00,387.41207393108834,388.1830223731202,382.15382489328533,386.6213684082031,16579400.0,MSFT
2025-04-29 04:00:00+00:00,386.7597282920122,390.51565493433395,385.8504199570639,389.46795654296875,14974000.0,MSFT
2025-04-30 04:00:00+00:00,385.77135703314644,392.05757796403765,379.979364791359,390.673828125,36461100.0,MSFT
2025-05-01 04:00:00+00:00,426.1078502028247,431.91962985286955,419.9699127886788,420.464111328125,58938100.0,MSFT
2025-05-02 04:00:00+00:00,426.7305579775838,434.3412277785372,425.0008630376841,430.2294921875,30757400.0,MSFT
2025-05-05 04:00:00+00:00,427.84740267568,434.40047958291734,427.09621130668063,431.109130859375,20136100.0,MSFT
2025-05-06 04:00:00+00:00,427.18524232094876,432.65107712392626,426.1671945058241,428.2823486328125,15104200.0,MSFT
2025-05-07 04:00:00+00:00,428.8061738000786,433.0365119798482,426.10783898687293,428.3218688964844,23295300.0,MSFT
2025-05-08 04:00:00+00:00,432.8487322038109,438.5221520354275,430.60508165893515,433.0859680175781,23491300.0,MSFT
2025-05-09 04:00:00+00:00,434.89474938101273,435.626153625383,430.82255791751214,433.6394958496094,15324200.0,MSFT
2025-05-12 04:00:00+00:00,440.7658165502587,444.1560114514232,434.67728663767485,444.04730224609375,22821900.0,MSFT
2025-05-13 04:00:00+00:00,442.5844751269483,445.4409573721911,440.19254074927665,443.9287109375,23618800.0,MSFT
2025-05-14 04:00:00+00:00,442.94024625817593,448.6333924695745,442.94024625817593,447.6845397949219,19902800.0,MSFT
2025-05-15 04:00:00+00:00,446.35766502511365,451.7246251089068,446.0209967126778,448.694580078125,21992300.0,MSFT
2025-05-16 04:00:00+00:00,447.6251542704443,449.91254071320964,444.3376746324017,449.82342529296875,23849800.0,MSFT
2025-05-19 04:00:00+00:00,446.46663650360125,455.0913715701619,446.3874026485213,454.37841796875,21336500.0,MSFT
2025-05-20 04:00:00+00:00,451.13047896335826,453.8535607411002,449.8729211666083,453.68524169921875,15441800.0,MSFT
2025-05-21 04:00:00+00:00,450.12049890400635,453.29906971148773,447.3875051898017,448.14007568359375,19216900.0,MSFT
2025-05-22 04:00:00+00:00,450.49682997275477,455.7449399531106,449.45708954496587,450.4076843261719,18025600.0,MSFT
2025-05-23 04:00:00+00:00,445.5754438212613,449.2491205375805,444.51591011589574,445.7734680175781,16883500.0,MSFT
2025-05-27 04:00:00+00:00,452.0117902439012,456.4380371890779,451.6552983634028,456.1805725097656,20974300.0,MSFT
2025-05-28 04:00:00+00:00,456.7054113344306,457.9926743719098,452.45739496057166,452.8831787109375,17086300.0,MSFT
2025-05-29 04:00:00+00:00,457.0321490211595,457.2004982884002,450.85323834601354,454.19024658203125,13974800.0,MSFT
2025-05-30 04:00:00+00:00,455.2200705832806,457.16087682654637,451.08099341488645,455.8537902832031,34770500.0,MSFT
2025-06-02 04:00:00+00:00,452.66535029783114,457.58667299374565,452.41779739511384,457.44805908203125,16626500.0,MSFT
2025-06-03 04:00:00+00:00,456.9529759669727,459.5968543955761,456.3489311405408,458.43829345703125,15743800.0,MSFT
2025-06-04 04:00:00+00:00,459.4582306475514,461.1316908447896,458.4878122988585,459.3294982910156,14162700.0,MSFT
2025-06-05 04:00:00+00:00,460.4088263203011,465.0529216385449,459.4879366863286,463.1022033691406,20131700.0,MSFT
2025-06-06 04:00:00+00:00,465.4885869985769,468.7067748339504,464.19141216551986,465.7757568359375,15285600.0,MSFT
2025-06-09 04:00:00+00:00,465.10242514198006,468.7958952647425,464.0329796350046,468.12255859375,16469900.0,MSFT
2025-06-10 04:00:00+00:00,466.5778015728124,468.1720277278758,462.38919566775553,466.3104553222656,15375900.0,MSFT
2025-06-11 04:00:00+00:00,465.4192790589967,470.81594475736864,465.0628173622344,467.99383544921875,16399200.0,MSFT
2025-06-12 04:00:00+00:00,470.37032681118086,475.7174938929388,468.88500933710617,474.1826477050781,18950600.0,MSFT
2025-06-13 04:00:00+00:00,471.7467626653197,474.48963821321644,468.1324959807857,470.3109436035156,16814500.0,MSFT
2025-06-16 04:00:00+00:00,470.55842728964666,475.98479752096426,470.3504913231842,474.4499816894531,15626100.0,MSFT
2025-06-17 04:00:00+00:00,470.7466055851971,474.0539088222925,469.4395189734987,473.36077880859375,15414100.0,MSFT
2025-06-18 04:00:00+00:00,473.321120370827,476.2917550175058,469.8157630264656,475.5391845703125,17526500.0,MSFT
2025-06-20 04:00:00+00:00,477.5097592999014,478.7277002496467,472.2022093150259,472.7270202636719,37576200.0,MSFT
2025-06-23 04:00:00+00:00,473.52910172023695,482.97572926336846,467.8849134818946,481.24285888671875,24864000.0,MSFT
2025-06-24 04:00:00+00:00,484.1640335829149,487.03564153308133,482.0350542054208,485.3126525878906,22305600.0,MSFT
2025-06-25 04:00:00+00:00,487.2237477118272,489.71907018583636,484.59969288856837,487.45147705078125,17495100.0,MSFT
2025-06-26 04:00:00+00:00,488.15456314430565,493.1650318097281,487.98621386300664,492.580810546875,21578900.0,MSFT
2025-06-27 04:00:00+00:00,492.6797975508017,494.4126679494895,488.2040517426954,491.0855712890625,34539200.0,MSFT
2025-06-30 04:00:00+00:00,492.17476425163517,495.8583524786177,490.48148071954876,492.5411376953125,28369000.0,MSFT
2025-07-01 04:00:00+00:00,491.61039147776194,493.1749126279045,486.17413905224953,487.233642578125,19945400.0,MSFT
2025-07-02 04:00:00+00:00,485.1937811955959,488.66943364597034,483.9164299655294,486.28302001953125,16319600.0,MSFT
2025-07-03 04:00:00+00:00,488.9763901568408,495.2345347518064,488.6100166980764,493.9571533203125,13984800.0,MSFT
2025-07-07 04:00:00+00:00,492.51144569917784,493.8680307430937,490.3824968234557,492.8481140136719,13981600.0,MSFT
2025-07-08 04:00:00+00:00,492.37280697303856,493.3234318678901,489.2734398258723,491.7588806152344,11846600.0,MSFT
2025-07-09 04:00:00+00:00,495.40288075164045,501.8194631786975,494.8483646402868,498.58148193359375,18659500.0,MSFT
2025-07-10 04:00:00+00:00,498.12595942487985,499.502368126141,492.8778497571002,496.57135009765625,16492100.0,MSFT
2025-07-11 04:00:00+00:00,493.5907782355643,500.0865639242522,492.9273231662245,498.393310546875,16459500.0,MSFT
2025-07-14 04:00:00+00:00,496.6109349689791,499.0369655948213,496.1257409313552,498.09625244140625,12058800.0,MSFT
2025-07-15 04:00:00+00:00,498.09622485625505,503.3245408608939,497.8684955298327,500.86883544921875,14927200.0,MSFT
2025-07-16 04:00:00+00:00,500.23514183467364,501.760076321519,496.97736708309617,500.67083740234375,15154400.0,MSFT
2025-07-17 04:00:00+00:00,500.730191050298,508.3449206172861,500.67078077223215,506.6912841796875,17503100.0,MSFT
2025-07-18 04:00:00+00:00,509.4440643876484,509.6025320949179,502.4630844244223,505.05743408203125,21209700.0,MSFT
2025-07-21 04:00:00+00:00,501.75007658599196,507.0774496784972,500.60142758337014,505.0672912597656,14066800.0,MSFT
2025-07-22 04:00:00+00:00,505.968437121084,506.19619667447284,500.32421875,500.32421875,13868600.0,MSFT
2025-07-23 04:00:00+00:00,501.78972599996087,501.8293429250601,495.79895793496456,500.9183349609375,16396600.0,MSFT
2025-07-24 04:00:00+00:00,503.7899711970312,508.6420022469781,502.334358860161,505.87933349609375,16107000.0,MSFT
2025-07-25 04:00:00+00:00,507.4536969863606,513.2167356071609,505.36436506751977,508.6816101074219,19125700.0,MSFT
2025-07-28 04:00:00+00:00,509.04804137949895,509.9590192096989,505.1267813382861,507.4834899902344,14308000.0,MSFT
2025-07-29 04:00:00+00:00,510.4838436674275,512.5533521818816,506.5526719682665,507.55279541015625,16469200.0,MSFT
2025-07-30 04:00:00+00:00,510.12731827097724,510.89971236727115,504.4534248625209,508.2162170410156,26380400.0,MSFT
2025-07-31 04:00:00+00:00,549.795171976257,550.0130499577134,526.6935786680993,528.2778930664062,51617300.0,MSFT
2025-08-01 04:00:00+00:00,529.7632164041114,530.5553736121248,515.7616096000787,518.9797973632812,28977600.0,MSFT
2025-08-04 04:00:00+00:00,523.0991177691142,532.981410508703,522.960473635689,530.39697265625,25349000.0,MSFT
2025-08-05 04:00:00+00:00,531.9218555369729,532.0406760929504,522.0791498987046,522.5841674804688,19171600.0,MSFT
2025-08-06 04:00:00+00:00,525.70337986457,526.4955370830186,518.9006307843745,519.8016967773438,21355700.0,MSFT
2025-08-07 04:00:00+00:00,521.6435053063135,522.9209170643583,512.4840471895837,515.7418823242188,16079100.0,MSFT
2025-08-08 04:00:00+00:00,517.4845698020915,519.524403327164,514.3257923084495,516.9300537109375,15531000.0,MSFT
2025-08-11 04:00:00+00:00,517.1875004407061,522.4257584225397,514.6327376205326,516.6627197265625,20194400.0,MSFT
2025-08-12 04:00:00+00:00,518.6233183732385,525.7825288027884,517.5836082950698,524.0595703125,18667000.0,MSFT
2025-08-13 04:00:00+00:00,526.901545781552,527.4857972911225,514.2862580919234,515.4844360351562,19619200.0,MSFT
2025-08-14 04:00:00+00:00,517.445017549053,520.8018496782777,515.0487221853349,517.3657836914062,20269100.0,MSFT
2025-08-15 04:00:00+00:00,517.6529556536844,520.9503168823401,513.9990723038397,515.078369140625,25213300.0,MSFT
2025-08-18 04:00:00+00:00,516.4844919382945,517.7024328589179,508.9885829187347,512.0383911132812,23760600.0,MSFT
2025-08-19 04:00:00+00:00,509.9589996924715,510.11740696385556,503.5721224631474,504.7801818847656,21481000.0,MSFT
2025-08-20 04:00:00+00:00,504.87923949406314,505.9981835608303,499.50239716393804,500.7698669433594,27723000.0,MSFT
2025-08-21 04:00:00+00:00,499.57962247206007,503.48747238505433,498.6175369804135,500.1251220703125,18443300.0,MSFT
2025-08-22 04:00:00+00:00,500.13506667774504,506.5621975190336,498.3100856343386,503.09075927734375,24324200.0,MSFT
2025-08-25 04:00:00+00:00,502.4956437530773,504.04291093011733,500.00611695670057,500.1449890136719,21638600.0,MSFT
2025-08-26 04:00:00+00:00,500.24412923099453,500.8590951140394,494.44189267773186,497.9430847167969,30835700.0,MSFT
2025-08-27 04:00:00+00:00,497.9034268047853,503.1502662118434,495.8205578102606,502.604736328125,17277900.0,MSFT
2025-08-28 04:00:00+00:00,502.95187030654046,506.91922816363694,501.3748491905692,505.4810791015625,18015600.0,MSFT
2025-08-29 04:00:00+00:00,504.5090702372647,505.44140176386463,500.3730863144936,502.5551452636719,20961600.0,MSFT
2025-09-02 04:00:00+00:00,496.3859077753076,501.87077891116434,492.75577163159113,500.9979553222656,18128000.0,MSFT
2025-09-03 04:00:00+00:00,499.6788070917271,503.64616490840893,498.220801883355,501.22607421875,16345100.0,MSFT
2025-09-04 04:00:00+00:00,500.1846427841772,504.00323087503085,499.0440334241921,503.82470703125,15509500.0,MSFT
2025-09-05 04:00:00+00:00,504.9157294675595,507.79205789513924,488.35199810583333,490.9605407714844,31994800.0,MSFT
2025-09-08 04:00:00+00:00,494.0451377441344,497.1099483047291,490.990285532587,494.1344299316406,16771000.0,MSFT
2025-09-09 04:00:00+00:00,497.3380873986388,498.1514030762742,493.6385453300377,494.3427429199219,14410500.0,MSFT
2025-09-10 04:00:00+00:00,498.8754294126598,499.1233892811019,492.66650462093776,496.2867126464844,21611800.0,MSFT
2025-09-11 04:00:00+00:00,498.15138006137016,499.0638857033828,493.8170463660224,496.9215087890625,18881600.0,MSFT
2025-09-12 04:00:00+00:00,502.51544395369297,508.3672905695674,499.73830564164535,505.7389221191406,23624900.0,MSFT
2025-09-15 04:00:00+00:00,504.63805606783444,511.26350676755015,502.8626547877709,511.1544189453125,17143800.0,MSFT
2025-09-16 04:00:00+00:00,512.6619733694059,513.0090929577493,504.449544036503,504.8859558105469,19711900.0,MSFT
2025-09-17 04:00:00+00:00,506.4530503919847,507.1175961354426,501.80132099339164,505.8579406738281,15816600.0,MSFT
2025-09-18 04:00:00+00:00,507.31598208941665,508.88310546808697,503.51725007824297,504.3008117675781,18913700.0,MSFT
2025-09-19 04:00:00+00:00,506.39351766303514,515.0621842649809,506.1455578149837,513.703369140625,52474100.0,MSFT
2025-09-22 04:00:00+00:00,511.3826037577857,513.5150225661836,508.3574445613838,510.25189208984375,20009300.0,MSFT
2025-09-23 04:00:00+00:00,509.60711582016205,510.3907077578639,503.17008724169204,505.0744323730469,19799600.0,MSFT
2025-09-24 04:00:00+00:00,506.215041937542,508.29788064425674,502.7832857896144,505.9869079589844,13533700.0,MSFT
2025-09-25 04:00:00+00:00,504.15198973027213,505.84805701475193,500.9186136455738,502.8923645019531,15786500.0,MSFT
2025-09-26 04:00:00+00:00,505.8976246789574,509.74596656687834,502.4856945681329,507.28619384765625,16213100.0,MSFT
2025-09-29 04:00:00+00:00,507.325895548039,512.6322125671903,504.72728094557834,510.40057373046875,17617800.0,MSFT
2025-09-30 04:00:00+00:00,509.05168089535164,513.9315141469417,505.5009089039439,513.7232666015625,19728200.0,MSFT
2025-10-01 04:00:00+00:00,510.5989672146665,516.262392605391,507.5143608700387,515.4689331054688,22632300.0,MSFT
2025-10-02 04:00:00+00:00,513.4158303625842,517.343476169315,506.5126054199375,511.53131103515625,21222900.0,MSFT
2025-10-03 04:00:00+00:00,512.8801529316524,516.2425031799986,510.7973143114264,513.1281127929688,15112300.0,MSFT
2025-10-06 04:00:00+00:00,514.377848960065,526.6965386672223,513.9712214168786,524.256591796875,21388600.0,MSFT
2025-10-07 04:00:00+00:00,523.9788663400786,525.4765536672338,517.1847899970462,519.7040405273438,14615200.0,MSFT
2025-10-08 04:00:00+00:00,519.0096990644043,522.6497323527587,518.8212471755213,520.5668334960938,13363400.0,MSFT
2025-10-09 04:00:00+00:00,518.07745494396,520.0512058016051,513.1777655449532,518.136962890625,18343600.0,MSFT
2025-10-10 04:00:00+00:00,515.3994727403434,519.3073226434543,505.47115003636685,506.790283203125,24133800.0,MSFT
2025-10-13 04:00:00+00:00,512.1957986627914,512.1957986627914,507.50441729945595,509.8550720214844,14284200.0,MSFT
2025-10-14 04:00:00+00:00,506.0662576446326,511.07506506957225,501.87076583985106,509.3789978027344,14684300.0,MSFT
2025-10-15 04:00:00+00:00,510.75765569343554,512.9694382549203,505.838110317394,509.2401123046875,14694700.0,MSFT
2025-10-16 04:00:00+00:00,508.3970827878481,512.6321960787722,503.9833851231019,507.4349670410156,15559600.0,MSFT
2025-10-17 04:00:00+00:00,504.88595648751925,511.27337462741934,503.1700633614309,509.388916015625,19867800.0,MSFT
2025-10-20 04:00:00+00:00,510.41055088987974,514.4672014016805,509.24018745186737,512.57275390625,14665600.0,MSFT
2025-10-21 04:00:00+00:00,513.2769402267872,514.4572316509175,508.8533142722573,513.4356079101562,15586200.0,MSFT
2025-10-22 04:00:00+00:00,516.8971823641815,520.943843958813,513.4852520447155,516.2921142578125,18962700.0,MSFT
2025-10-23 04:00:00+00:00,518.1964086283891,519.6742395740552,514.3777908083965,516.3118896484375,14023500.0,MSFT
2025-10-24 04:00:00+00:00,518.5237814648117,521.0628883153897,516.4607987679614,519.3370971679688,15532400.0,MSFT
2025-10-27 04:00:00+00:00,527.440383046071,530.2175212473691,524.6929685473742,527.1824951171875,18734700.0,MSFT
2025-10-28 04:00:00+00:00,545.511702993095,549.2013167264516,536.3570441492753,537.6464233398438,29986700.0,MSFT
2025-10-29 04:00:00+00:00,540.4929039137475,541.8120671168963,532.3498815675878,537.1305541992188,36023000.0,MSFT
2025-10-30 04:00:00+00:00,526.150935240438,530.6042843733296,517.8591725476514,521.469482421875,41023100.0,MSFT
2025-10-31 04:00:00+00:00,524.5640822050067,525.0004940086545,510.89650476941233,513.5844116210938,34006400.0,MSFT
2025-11-03 05:00:00+00:00,515.5680732671589,520.6760707602963,510.3907002836433,512.810791015625,22374700.0,MSFT
2025-11-04 05:00:00+00:00,507.5837474278435,511.34279700787874,503.6957236126803,510.1327819824219,20958700.0,MSFT
2025-11-05 05:00:00+00:00,509.11117977922714,510.6287232020861,502.4460174356622,503.02130126953125,23024300.0,MSFT
2025-11-06 05:00:00+00:00,501.53353925537283,501.5732213085109,491.7639146320967,493.04339599609375,27406500.0,MSFT
2025-11-07 05:00:00+00:00,492.89466053302914,495.304823297102,489.22484220934433,492.7657165527344,24019800.0,MSFT
2025-11-10 05:00:00+00:00,495.95940345274505,502.7138276367279,494.72950196106785,501.8707580566406,26101500.0,MSFT
2025-11-11 05:00:00+00:00,500.68055811559174,505.4414057875519,498.2505695472254,504.5289001464844,17980000.0,MSFT
2025-11-12 05:00:00+00:00,505.2033686484966,507.4945458106546,495.0469415436793,506.9688720703125,26574900.0,MSFT
2025-11-13 05:00:00+00:00,506.1455939798088,509.3095642884979,497.1992129195551,499.1828918457031,25273100.0,MSFT
2025-11-14 05:00:00+00:00,494.16416907736203,507.42505738590404,493.38060745410195,506.0166320800781,28505700.0,MSFT
2025-11-17 05:00:00+00:00,504.300789978241,507.94082387806293,500.7896697837805,503.3486022949219,19092800.0,MSFT
2025-11-18 05:00:00+00:00,491.32749949419616,498.8754133867433,482.8076023204449,489.7604064941406,33815100.0,MSFT
2025-11-19 05:00:00+00:00,486.1005289347495,491.14898819063853,478.88983663624714,483.14483642578125,23245300.0,MSFT
2025-11-20 05:00:00+00:00,489.60385435710714,490.45844852333465,472.50235794747454,475.41387939453125,26802500.0,MSFT
2025-11-21 05:00:00+00:00,475.4834301610789,475.9007957312625,465.3179114267742,469.1436462402344,31769200.0,MSFT
2025-11-24 05:00:00+00:00,472.0055061050608,473.89352206444323,465.0694984877541,471.0118103027344,34421000.0,MSFT
2025-11-25 05:00:00+00:00,471.08139630740516,476.12935785467323,461.95927573241335,473.98297119140625,28019800.0,MSFT
2025-11-26 05:00:00+00:00,483.244222260298,485.23161394332453,478.1664510662567,482.4393310546875,25709100.0,MSFT
2025-11-28 05:00:00+00:00,484.5260924315005,489.5243812398697,483.5820692635899,488.9082946777344,14386700.0,MSFT
2025-12-01 05:00:00+00:00,485.3607732415945,486.7718042788117,481.59465771305275,483.6714782714844,23964000.0,MSFT
2025-12-02 05:00:00+00:00,483.6516286444489,490.38888506208144,483.2541563831954,486.91094970703125,19562700.0,MSFT
2025-12-03 05:00:00+00:00,473.3171775583083,481.18723109312356,472.2042431453193,474.7182922363281,34615100.0,MSFT
2025-12-04 05:00:00+00:00,476.7355376297969,478.28570075231454,473.48613274494215,477.8087158203125,22318200.0,MSFT
2025-12-05 05:00:00+00:00,479.4780948278929,480.35255199911325,475.86105782216015,480.11407470703125,22608700.0,MSFT
2025-12-08 05:00:00+00:00,481.8331697469475,489.19642891935564,481.3263751862239,487.92449951171875,21965900.0,MSFT
2025-12-09 05:00:00+00:00,486.01663804004494,489.0175885389743,485.4204144751398,488.918212890625,14696100.0,MSFT
2025-12-10 05:00:00+00:00,480.97857754952304,481.19719183884354,472.084987996716,475.5430603027344,35756200.0,MSFT
2025-12-11 05:00:00+00:00,473.6252734590456,482.96600869209163,472.86010822118624,480.4221496582031,24669200.0,MSFT
2025-12-12 05:00:00+00:00,476.79515128743174,479.4085762318817,473.3370788032073,475.5132751464844,21248100.0,MSFT
2025-12-15 05:00:00+00:00,477.0733729131614,477.6894594742654,469.5411415575728,471.82666015625,23727700.0,MSFT
2025-12-16 05:00:00+00:00,468.9350114671635,474.87732355778707,467.911505956298,473.38677978515625,20705600.0,MSFT
2025-12-17 05:00:00+00:00,473.903466892556,476.9739832708393,472.0055042784347,473.1184387207031,24527200.0,MSFT
2025-12-18 05:00:00+00:00,475.1754171439269,486.51349034093164,474.87732052138307,480.9289245605469,28573500.0,MSFT
2025-12-19 05:00:00+00:00,484.2875835443981,484.7745151206103,479.44828972039977,482.856689453125,70836100.0,MSFT
2025-12-22 05:00:00+00:00,483.05539282771,485.6489546100234,479.6470235443271,481.86297607421875,16963000.0,MSFT
2025-12-23 05:00:00+00:00,481.922585996358,484.75459468390824,481.6840783901604,483.7807922363281,14683600.0,MSFT
2025-12-24 05:00:00+00:00,482.61817584356095,486.0762481946253,481.77352833631136,484.94342041015625,5855900.0,MSFT
2025-12-26 05:00:00+00:00,483.64171061957336,485.04282544173617,482.8964387136479,484.6354064941406,8842200.0,MSFT
2025-12-29 05:00:00+00:00,481.80333660098637,485.27135560420123,481.1276307272214,484.02923583984375,10893400.0,MSFT
2025-12-30 05:00:00+00:00,482.8666136001516,486.5929730105466,482.43933166580535,484.4068603515625,13944500.0,MSFT
2025-12-31 05:00:00+00:00,484.7645645601486,485.06269150087525,480.25317705215497,480.5711669921875,15601600.0,MSFT
2026-01-02 05:00:00+00:00,481.3363251826272,481.6046121327098,467.1960229709088,469.95849609375,25571600.0,MSFT
2026-01-05 05:00:00+00:00,471.071443053882,473.0687813775576,466.5401924921144,469.86907958984375,25250300.0,MSFT
2026-01-06 05:00:00+00:00,470.81304872472026,475.7219083069673,466.78859294331005,475.4933776855469,23037700.0,MSFT
2026-01-07 05:00:00+00:00,476.73554642416184,486.61288592496,474.9369593023546,480.4221496582031,25564200.0,MSFT
2026-01-08 05:00:00+00:00,478.20618966596595,479.6172511411785,472.86010104573086,475.0959167480469,18162600.0,MSFT
2026-01-09 05:00:00+00:00,471.07145138115897,476.7951491709672,469.2231916595613,476.258544921875,18491000.0,MSFT
2026-01-12 05:00:00+00:00,473.6649886945649,477.95773148860775,472.68120923483104,474.1717529296875,23519900.0,MSFT
2026-01-13 05:00:00+00:00,471.68751939768345,472.7805908527595,463.01257439213845,467.70281982421875,28545800.0,MSFT
2026-01-14 05:00:00+00:00,463.51936213123724,465.24841354789686,454.2879494306214,456.4840087890625,28184300.0,MSFT
2026-01-15 05:00:00+00:00,461.1940901109254,461.32327541703046,453.02590941718984,453.7811279296875,23225800.0,MSFT
2026-01-16 05:00:00+00:00,454.9437362325269,460.26996150673693,453.60227115836847,456.9609375,34246700.0,MSFT
2026-01-20 05:00:00+00:00,448.37541805572727,453.92022725149957,446.44764578645413,451.65460205078125,26130000.0,MSFT
2026-01-21 05:00:00+00:00,449.74670883889326,449.8361378186282,435.9144504613163,441.3102111816406,37980500.0,MSFT
2026-01-22 05:00:00+00:00,444.7981306791853,449.98522421932967,441.8965557848095,448.29595947265625,25349400.0,MSFT
2026-01-23 05:00:00+00:00,449.02131930234236,468.1301005814363,447.6897705604439,463.0125732421875,38000200.0,MSFT
2026-01-26 05:00:00+00:00,462.3766075757791,471.2602507862521,459.0874767807031,467.3152770996094,29291200.0,MSFT
2026-01-27 05:00:00+00:00,470.7137217228436,479.82589540353166,470.17711748937944,477.5503234863281,29213900.0,MSFT
2026-01-28 05:00:00+00:00,480.16374552458444,480.69040309270366,474.9865988275796,478.5937194824219,36875400.0,MSFT
2026-01-29 05:00:00+00:00,437.2162272399066,439.7104135269112,418.36581575660404,430.76715087890625,128855300.0,MSFT
2026-01-30 05:00:00+00:00,436.4014165119217,436.8286984461687,423.7616041817895,427.577392578125,58566800.0,MSFT
2026-02-02 05:00:00+00:00,427.5276741085398,428.02452201181774,419.58805431821895,420.70098876953125,42219900.0,MSFT
2026-02-03 05:00:00+00:00,419.3496095186449,419.3893355198486,405.98438775489564,408.61767578125,61424100.0,MSFT
2026-02-04 05:00:00+00:00,408.4089957411405,417.15350712085007,406.6600813351222,411.5788879394531,45012400.0,MSFT
2026-02-05 05:00:00+00:00,404.87144402823185,405.7260079125925,389.8467674620769,391.1882629394531,66289200.0,MSFT
2026-02-06 05:00:00+00:00,396.65359346172795,399.2570717870675,390.44299427907015,398.6111755371094,53515300.0,MSFT
2026-02-09 05:00:00+00:00,402.2977759502542,412.2744908996196,398.3428555009064,410.99261474609375,45480500.0,MSFT
2026-02-10 05:00:00+00:00,416.9746165751398,421.009018998737,410.09825878894065,410.6646423339844,44857900.0,MSFT
2026-02-11 05:00:00+00:00,413.5563153661985,413.8345489802859,398.4819668946231,401.8207702636719,42491000.0,MSFT
2026-02-12 05:00:00+00:00,402.44684542456184,403.6392926521932,395.50092068537,399.3067626953125,40802400.0,MSFT
2026-02-13 05:00:00+00:00,401.90028127287496,402.98340606348665,395.54060384789733,398.7900085449219,34091600.0,MSFT
2026-02-17 05:00:00+00:00,396.7032617740463,397.9950542597942,392.04282577248057,394.3581237792969,32078800.0,MSFT
2026-02-18 05:00:00+00:00,395.6201070500213,400.02217209191446,393.8215201082963,397.0808410644531,23223400.0,MSFT
2026-02-19 05:00:00+00:00,399.07278661262325,402.7976819572589,395.0690225854118,396.8517761230469,28234000.0,MSFT
2026-02-20 05:00:00+00:00,394.51123443489973,398.5050592846536,393.56508699389525,395.6267395019531,34015200.0,MSFT
2026-02-23 05:00:00+00:00,393.405742102137,393.7642745182822,381.55377772275136,382.9182434082031,43238300.0,MSFT
2026-02-24 05:00:00+00:00,382.5895619940176,387.78846403174964,380.1693467763097,387.429931640625,33884700.0,MSFT
2026-02-25 05:00:00+00:00,388.95376053046306,399.84960746436826,388.5852587696308,398.9831237792969,43625500.0,MSFT
2026-02-26 05:00:00+00:00,403.0765245044552,405.8453028142193,397.1306190557743,400.0986022949219,34405900.0,MSFT
2026-02-27 05:00:00+00:00,389.30236795593413,395.2183958601928,388.30640407164015,391.15484619140625,51367200.0,MSFT
2026-03-02 05:00:00+00:00,391.2743390590049,399.57073485574693,389.0533591512552,396.9413757324219,35474900.0,MSFT
2026-03-03 05:00:00+00:00,391.5532542396072,405.05852201627056,391.0851500003899,402.2996826171875,38199200.0,MSFT
2026-03-04 05:00:00+00:00,399.6504140582061,409.3710312257941,398.69429724653685,403.5645751953125,35808000.0,MSFT
2026-03-05 05:00:00+00:00,402.78771732924594,409.9486695143622,402.7677785996419,409.0224304199219,39001300.0,MSFT
2026-03-06 05:00:00+00:00,407.54843921074234,411.38287590243635,406.8612216895844,407.30938720703125,31123900.0,MSFT
2026-03-09 04:00:00+00:00,403.2857003455267,408.55432729115563,401.8714182880504,407.757568359375,30131900.0,MSFT
2026-03-10 04:00:00+00:00,408.37506928692744,408.5443965203919,401.30371964643086,404.122314453125,31706400.0,MSFT
2026-03-11 04:00:00+00:00,403.9330670994013,407.35918518479474,399.96912002302975,403.245849609375,25512100.0,MSFT
2026-03-12 04:00:00+00:00,402.9968458288957,404.4808221962511,400.0886180975,400.2380065917969,27263900.0,MSFT
2026-03-13 04:00:00+00:00,399.3815063856616,403.16615688192843,392.65875035547907,393.9534912109375,26848000.0,MSFT
2026-03-16 04:00:00+00:00,396.4633374914087,399.01300251860397,393.1965772756644,398.33575439453125,27733700.0,MSFT
2026-03-17 04:00:00+00:00,398.6544574759768,402.7677932271478,396.1446394015159,397.7979431152344,26228300.0,MSFT
2026-03-18 04:00:00+00:00,395.5271224277118,396.3936061005556,389.42185925959103,390.20867919921875,25908500.0,MSFT
2026-03-19 04:00:00+00:00,388.52551763585893,390.90585551603124,385.4977789148814,387.4498596191406,25138800.0,MSFT
2026-03-20 04:00:00+00:00,385.2288602760525,385.43800417098345,378.58576812261686,380.3287048339844,50853200.0,MSFT
2026-03-23 04:00:00+00:00,382.3505545919761,385.64719283721575,380.1395134056624,381.4541931152344,29680100.0,MSFT
2026-03-24 04:00:00+00:00,380.8167328036651,380.9263046350485,370.34917314154325,371.2355651855469,42733600.0,MSFT
2026-03-25 04:00:00+00:00,375.39872248264555,375.5381416220395,368.13813722010167,369.5424499511719,31181200.0,MSFT
2026-03-26 04:00:00+00:00,369.32332012922615,373.2075730440749,363.7160388213271,364.4928894042969,36836600.0,MSFT
2026-03-27 04:00:00+00:00,360.43934753557875,360.9871459448897,355.07111764854045,355.3300476074219,37883400.0,MSFT
2026-03-30 04:00:00+00:00,360.43933630538186,363.88536295562653,354.84202394218255,357.5111999511719,44797000.0,MSFT
2026-03-31 04:00:00+00:00,363.07862179545566,371.3949263066763,361.6046146993887,368.67596435546875,45244400.0,MSFT
2026-04-01 04:00:00+00:00,371.98254731341393,372.48052926345224,366.7139201659809,367.8791809082031,29417200.0,MSFT
2026-04-02 04:00:00+00:00,365.7278929006101,372.1319638369453,362.680245817395,371.9526672363281,24099100.0,MSFT
2026-04-06 04:00:00+00:00,371.9825539180967,372.22160592655575,368.0086676124431,371.3750305175781,16146600.0,MSFT
2026-04-07 04:00:00+00:00,368.8452727581139,370.9467724245638,365.080530373921,370.78741455078125,21443300.0,MSFT
2026-04-08 04:00:00+00:00,383.4261612830284,383.44606961738685,369.91092498913014,372.8191223144531,33064800.0,MSFT
2026-04-09 04:00:00+00:00,370.9965328148009,371.9924966612836,365.5685176937085,371.5642395019531,30435300.0,MSFT
2026-04-10 04:00:00+00:00,371.47460743717505,374.1238749235223,368.5365019241105,369.37310791015625,28111100.0,MSFT
2026-04-13 04:00:00+00:00,372.10205289266787,382.98796126737693,369.5225100750242,382.8186340332031,35745800.0,MSFT
2026-04-14 04:00:00+00:00,386.3543213772784,393.09698589720546,384.95994763093,391.5233459472656,37504500.0,MSFT
2026-04-15 04:00:00+00:00,396.3936283702306,412.69755239260473,395.1287651714373,409.5602722167969,45063400.0,MSFT
2026-04-16 04:00:00+00:00,418.16537187855886,419.12151906860663,410.4765600541581,418.56378173828125,41642400.0,MSFT
2026-04-17 04:00:00+00:00,423.10539315661504,429.83808848207923,418.99205736838906,421.0835876464844,48568200.0,MSFT
2026-04-20 04:00:00+00:00,419.4501847919345,421.6213787702164,414.6197538627068,416.38262939453125,27582200.0,MSFT
2026-04-21 04:00:00+00:00,418.5438369146158,425.45582843737157,415.516128706763,422.4480285644531,32048500.0,MSFT
2026-04-22 04:00:00+00:00,424.4698510786937,431.9495495900464,421.9600330275293,431.1726989746094,29378200.0,MSFT
2026-04-23 04:00:00+00:00,418.19529609754903,421.9500690544079,409.7495112929088,414.0719909667969,38308000.0,MSFT
2026-04-24 04:00:00+00:00,415.28707116170386,423.23487407473965,414.12178001797366,422.90618896484375,27457400.0,MSFT
2026-04-27 04:00:00+00:00,420.6752229306716,425.38611256831246,415.3866572294081,423.1053771972656,30867300.0,MSFT
2026-04-28 04:00:00+00:00,422.8563830057505,428.1847957314844,420.197146128082,427.5174865722656,30438100.0,MSFT
2026-04-29 04:00:00+00:00,422.8663369761165,425.0973167681131,418.59367375245296,422.746826171875,38288300.0,MSFT
2026-04-30 04:00:00+00:00,409.15192465494977,412.74737011555624,396.4035989759817,406.1341552734375,70909400.0,MSFT
2026-05-01 04:00:00+00:00,411.1338775963461,415.4264794885345,408.7834174283456,412.76727294921875,31372400.0,MSFT
2026-05-04 04:00:00+00:00,409.87897009526375,419.0816663151199,409.14193618030583,411.9505615234375,28066500.0,MSFT
2026-05-05 04:00:00+00:00,413.6437044066962,415.09780308537887,407.1500007946646,409.7196044921875,25700900.0,MSFT
2026-05-06 04:00:00+00:00,406.3532485673598,416.73120520087787,403.4748984673602,412.2891845703125,30285900.0,MSFT
2026-05-07 04:00:00+00:00,418.41437649189606,426.25263786097554,417.06984955189336,419.07171630859375,34942400.0,MSFT
2026-05-08 04:00:00+00:00,415.70537649227293,416.9403619714099,412.32904436576047,413.44451904296875,33383800.0,MSFT
2026-05-11 04:00:00+00:00,406.22377045102496,411.02432350049145,403.86334099070683,410.99444580078125,35657900.0,MSFT
2026-05-12 04:00:00+00:00,412.8071154720842,413.8229876767416,404.9987623844293,406.1241760253906,38594200.0,MSFT
2026-05-13 04:00:00+00:00,401.57265715241186,404.6700902960666,399.41140211310335,403.57452392578125,29667100.0,MSFT
2026-05-14 04:00:00+00:00,402.8474630718804,410.17774231087935,399.2619871856725,407.7774658203125,27077500.0,MSFT
2026-05-15 04:00:00+00:00,412.5979239362014,426.4418454559798,411.2434277199191,420.2170715332031,50771200.0,MSFT
2026-05-18 04:00:00+00:00,414.93848271907115,423.40417602339767,413.9325494355234,421.83056640625,32564100.0,MSFT
2026-05-19 04:00:00+00:00,428.16486989475214,430.9535870211983,414.808990493047,415.7352600097656,33018700.0,MSFT
2026-05-20 04:00:00+00:00,412.49835957243755,420.3963455784958,409.63991780241736,419.36053466796875,27864000.0,MSFT
2026-05-21 04:00:00+00:00,423.9518891931334,425.5388979071037,414.92886694253497,418.3025207519531,31393500.0,MSFT
2026-05-22 04:00:00+00:00,418.7517174636334,423.60257118762803,415.54772693408205,417.7835388183594,22390300.0,MSFT
2026-05-26 04:00:00+00:00,415.6475333356961,418.9812539216563,412.24393696715845,415.248291015625,30398000.0,MSFT
2026-05-27 04:00:00+00:00,410.23773822181624,415.15846763645,408.8104019854481,411.8946228027344,28901500.0,MSFT
2026-05-28 04:00:00+00:00,412.2040283766931,428.68298564682067,411.89461329838434,426.18768310546875,47250500.0,MSFT
2026-05-29 04:00:00+00:00,431.7372486144539,449.48383969057267,431.54760317786213,449.3940124511719,79654400.0,MSFT
2026-06-01 04:00:00+00:00,463.96658383705716,465.4438139523178,457.40892124774234,459.6546936035156,53628900.0,MSFT
2026-06-02 04:00:00+00:00,446.0403151791343,452.64787129328397,439.6024225764256,440.48077392578125,37036800.0,MSFT
2026-06-03 04:00:00+00:00,437.62618910935214,439.56254639446627,423.45285793258154,426.53704833984375,39037000.0,MSFT
2026-06-04 04:00:00+00:00,434.9911260035114,435.33048350032107,425.60879436274143,427.2456970214844,26899500.0,MSFT
2026-06-05 04:00:00+00:00,427.5351398188391,428.66302140752947,413.6213308264138,415.8870849609375,34782200.0,MSFT
2026-06-08 04:00:00+00:00,413.3618539280056,416.37616844333525,407.79232157753756,410.9663391113281,32086700.0,MSFT
2026-06-09 04:00:00+00:00,408.26144336727174,411.20591258759293,397.7312786929967,402.6520080566406,35317300.0,MSFT
2026-06-10 04:00:00+00:00,397.80110870103243,404.2789346443135,396.41373636313654,396.61334228515625,32576000.0,MSFT
2026-06-11 04:00:00+00:00,394.46741202742857,396.1043451719433,383.278483574852,389.6065673828125,47224100.0,MSFT
2026-06-12 04:00:00+00:00,390.6945042817559,391.003919361718,381.55171206615995,390.00579833984375,34865800.0,MSFT
2026-06-15 04:00:00+00:00,396.05442037645633,400.99513175706005,392.11186050588947,399.0088806152344,32266400.0,MSFT
2026-06-16 04:00:00+00:00,395.0463355104342,396.094350419825,389.9559121071713,393.0899963378906,31506800.0,MSFT
2026-06-17 04:00:00+00:00,389.51671695343225,389.6364865987809,376.6110198431126,378.1980285644531,41987800.0,MSFT
2026-06-18 04:00:00+00:00,377.11008548581106,380.6534028700893,372.5786075934489,378.6871032714844,59714200.0,MSFT
2026-06-22 04:00:00+00:00,375.0339909424311,380.9129385065033,366.3802985575179,366.6497802734375,45171100.0,MSFT
2026-06-23 04:00:00+00:00,371.6802994138851,376.51120135394876,369.9735210485466,373.23736572265625,40647600.0,MSFT
2026-06-24 04:00:00+00:00,370.87185096853153,378.16811350773463,364.09460041679364,364.7733154296875,44509900.0,MSFT
2026-06-25 04:00:00+00:00,362.0883479855026,363.5456265920902,348.54386902384044,352.1670227050781,66179000.0,MSFT
2026-06-26 04:00:00+00:00,356.4789138154501,375.90234020580533,354.762144454129,372.2691955566406,186201600.0,MSFT
2026-06-29 04:00:00+00:00,376.790685328561,379.7850483907747,359.2237492715265,367.8774719238281,51229900.0,MSFT
2026-06-30 04:00:00+00:00,370.3328407149792,373.44697342275583,366.7595808670141,372.319091796875,44945700.0,MSFT
2026-07-01 04:00:00+00:00,380.1144231011508,388.09939143880604,374.18561213385976,383.5579528808594,48065800.0,MSFT
2026-07-02 04:00:00+00:00,383.7575696594082,391.4630649298244,382.97903650468743,389.7562561035156,42128900.0,MSFT
2026-07-06 04:00:00+00:00,386.31276024010407,388.418780928489,380.5036887115837,386.0133056640625,34224500.0,MSFT
2026-07-07 04:00:00+00:00,391.75251064257776,394.8267404517197,387.4905448392632,388.109375,29297500.0,MSFT
2026-07-08 04:00:00+00:00,383.3084264217563,384.58602015004215,380.6134873969759,382.6197204589844,25908300.0,MSFT
2026-07-09 04:00:00+00:00,373.74643420118315,383.92725049460796,372.64849496928053,383.6377868652344,31083200.0,MSFT
2026-07-10 04:00:00+00:00,387.07131223677504,391.1736053926777,380.783162110783,384.37640380859375,24644600.0,MSFT
2026-07-13 04:00:00+00:00,387.02143811329415,392.91034623109437,383.4281962321871,390.2553405761719,28914900.0,MSFT
2026-07-14 04:00:00+00:00,382.1007052927433,387.46061042423804,377.93852713765,384.20672607421875,27863900.0,MSFT
2026-07-15 04:00:00+00:00,387.07132248997675,398.2103568181361,385.6739591427675,394.8866271972656,36253700.0,MSFT
2026-07-16 04:00:00+00:00,397.56157784187184,405.2271399033625,391.31333055964967,400.3463439941406,37047400.0,MSFT
2026-07-17 04:00:00+00:00,394.1180409920291,397.64143734197864,388.6583483977542,393.08001708984375,33049800.0,MSFT
2026-07-20 04:00:00+00:00,390.67455694621333,402.4224305318551,388.91785418191677,401.53411865234375,27915800.0,MSFT
2026-07-21 04:00:00+00:00,398.0606303262699,400.7156358198418,395.57531880381754,397.00262451171875,24126600.0,MSFT
2026-07-22 04:00:00+00:00,398.8291961465565,400.246541441447,386.2329133568751,389.6065673828125,28142500.0,MSFT
2026-07-23 04:00:00+00:00,389.23725659651495,391.04385321150613,376.68090752842744,380.8630065917969,30351800.0,MSFT
2026-07-24 04:00:00+00:00,386.32274187573427,388.29903252889795,379.9347732203772,380.9828186035156,27659400.0,MSFT
2026-07-27 04:00:00+00:00,389.3470355932277,393.45931979821836,387.2609663085435,388.368896484375,27856200.0,MSFT
2026-07-28 04:00:00+00:00,392.4212554523594,399.56780545733704,390.5647345556998,392.61090087890625,32367500.0,MSFT
2026-07-29 04:00:00+00:00,392.6607942930367,400.4960502148319,388.00954678983055,389.8061828613281,47209000.0,MSFT
2026-07-30 04:00:00+00:00,437.07720086969465,457.8281459885008,431.6274684759506,450.2524108886719,110160700.0,MSFT
2026-07-31 04:00:00+00:00,449.1544591210436,465.962813447145,448.4857046349594,463.8468017578125,60846000.0,MSFT
2026-08-03 04:00:00+00:00,475.2353605631651,490.7261876465455,474.10747895013026,486.73370361328125,66762100.0,MSFT
2026-08-04 04:00:00+00:00,479.99640781848416,498.50158065157444,478.2696778930625,491.884033203125,50455500.0,MSFT
2026-08-05 04:00:00+00:00,495.42733843271316,497.3038108374591,484.7674131728324,486.5440673828125,33388900.0,MSFT
2026-08-06 04:00:00+00:00,487.6319998350186,500.61756372489685,487.60205742358346,498.9207458496094,36441500.0,MSFT
2026-08-07 04:00:00+00:00,498.2719734340298,504.23075699317457,497.79289485093346,499.0505065917969,28846200.0,MSFT
2026-08-10 04:00:00+00:00,502.4940586092805,512.7647021753171,501.32624359045303,505.109130859375,31206100.0,MSFT
2026-08-11 04:00:00+00:00,503.3823542433026,504.38047525067043,498.61133704649393,502.86334228515625,23049800.0,MSFT
2026-08-12 04:00:00+00:00,499.0505227551261,500.557695253814,490.59643643442394,491.5047302246094,29001500.0,MSFT
2026-08-13 04:00:00+00:00,492.34314786956145,500.3979918654044,492.0836571155829,495.9463806152344,23039000.0,MSFT
2026-08-14 04:00:00+00:00,495.42733437790497,499.07050046550256,492.991947114923,494.4691467285156,16217600.0,MSFT
2026-08-17 04:00:00+00:00,489.21906226283284,491.73431632358415,477.51109147171053,479.44744873046875,29635800.0,MSFT
2026-08-18 04:00:00+00:00,480.6352093836093,483.36006030134655,476.2534434403709,480.72503662109375,24087600.0,MSFT
2026-08-19 04:00:00+00:00,479.16797047398614,488.3806080919379,478.4592826108848,483.3999938964844,19961900.0,MSFT
2026-08-20 04:00:00+00:00,483.29998779296875,484.1600036621094,479.5,481.1499938964844,20020800.0,MSFT
2026-08-21 04:00:00+00:00,479.8800048828125,486.3599853515625,478.5299987792969,483.239990234375,22510800.0,MSFT
2026-08-24 04:00:00+00:00,483.2099914550781,490.6099853515625,481.8599853515625,487.30999755859375,17230800.0,MSFT
2026-08-25 04:00:00+00:00,485.44000244140625,492.44000244140625,484.29998779296875,491.7099914550781,19519000.0,MSFT
2026-08-26 04:00:00+00:00,487.8500061035156,497.3999938964844,487.30999755859375,496.3699951171875,20758900.0,MSFT
2026-08-27 04:00:00+00:00,494.8800048828125,506.4800109863281,490.0799865722656,505.05999755859375,28688800.0,MSFT
2026-08-28 04:00:00+00:00,505.3299865722656,517.780029296875,504.8699951171875,513.530029296875,29207300.0,MSFT
2026-08-31 04:00:00+00:00,510.3800048828125,512.1900024414062,506.3900146484375,507.2900085449219,27208900.0,MSFT
2026-09-01 04:00:00+00:00,497.5199890136719,505.9700012207031,496.7799987792969,501.0199890136719,21046900.0,MSFT
2026-09-02 04:00:00+00:00,499.8500061035156,500.2699890136719,493.80999755859375,496.82000732421875,15336100.0,MSFT
2026-09-03 04:00:00+00:00,501.6600036621094,515.6500244140625,500.79998779296875,510.1199951171875,24125900.0,MSFT
2026-09-04 04:00:00+00:00,510.0,511.0,499.3599853515625,499.70001220703125,18074400.0,MSFT
