datetime,open,high,low,close,volume,symbol
2021-09-07 04:00:00+00:00,22.758307882725695,22.82409196545465,22.4483244181334,22.587867736816406,198107000.0,NVDA
2021-09-08 04:00:00+00:00,22.439353122725205,22.53603592576677,21.905105352001236,22.26592254638672,254434000.0,NVDA
2021-09-09 04:00:00+00:00,22.239014571951014,22.464275126748724,22.058606891844985,22.104455947875977,196856000.0,NVDA
2021-09-10 04:00:00+00:00,22.2748946360381,22.55198511877038,22.197150672313043,22.404470443725586,248376000.0,NVDA
2021-09-13 04:00:00+00:00,22.609793787016553,22.88887850668766,21.786495670040438,22.07953453063965,297500000.0,NVDA
2021-09-14 04:00:00+00:00,22.202135861768,22.336694491367744,22.013754920994057,22.16924476623535,199755000.0,NVDA
2021-09-15 04:00:00+00:00,22.236020817611784,22.293831645548725,21.894142459272885,22.267915725708008,166538000.0,NVDA
2021-09-16 04:00:00+00:00,22.11043774594107,22.204130125637935,21.855274630502613,22.16924476623535,156033000.0,NVDA
2021-09-17 04:00:00+00:00,22.227050730218956,22.247981943060058,21.758588894411496,21.828359603881836,294503000.0,NVDA
2021-09-20 04:00:00+00:00,21.07682877794372,21.36289062011508,20.594412745883098,21.04393768310547,349440000.0,NVDA
2021-09-21 04:00:00+00:00,21.346942396030226,21.354915649191057,20.88147094862816,21.176502227783203,204688000.0,NVDA
2021-09-22 04:00:00+00:00,21.29610478128571,21.888161496452156,21.126660825026075,21.869224548339844,268726000.0,NVDA
2021-09-23 04:00:00+00:00,22.067578357802937,22.46128674955399,21.818396120154357,22.40846061706543,248555000.0,NVDA
2021-09-24 04:00:00+00:00,21.997800571418352,22.07654260470453,21.789484652652416,22.008764266967773,217655000.0,NVDA
2021-09-27 04:00:00+00:00,21.63898325171852,21.72769282238247,21.255244302712523,21.589147567749023,245215000.0,NVDA
2021-09-28 04:00:00+00:00,21.144603190689022,21.348932496688196,20.58344330923957,20.63128662109375,343069000.0,NVDA
2021-09-29 04:00:00+00:00,20.871501019861885,20.948248800717536,20.40004683540283,20.44988441467285,218394000.0,NVDA
2021-09-30 04:00:00+00:00,20.70006144475727,20.99708693414732,20.620323224212417,20.648231506347656,221009000.0,NVDA
2021-10-01 04:00:00+00:00,20.68212371981342,20.79076641966092,20.13691215457875,20.674150466918945,240978000.0,NVDA
2021-10-04 04:00:00+00:00,20.43692580745961,20.47480160606298,19.49103082581489,19.667451858520508,345635000.0,NVDA
2021-10-05 04:00:00+00:00,19.884741262731815,20.580457952473463,19.789054624206987,20.38410186767578,279282000.0,NVDA
2021-10-06 04:00:00+00:00,20.054185321506793,20.652221111305703,20.014315254928512,20.632287979125977,297202000.0,NVDA
2021-10-07 04:00:00+00:00,21.023004241236695,21.252253324633013,20.90339784226503,21.006061553955078,256919000.0,NVDA
2021-10-08 04:00:00+00:00,21.03197660701689,21.136632686521562,20.707042768746597,20.762859344482422,151258000.0,NVDA
2021-10-11 04:00:00+00:00,20.507693882375722,20.994096456605053,20.44390216537423,20.627300262451172,163388000.0,NVDA
2021-10-12 04:00:00+00:00,20.759864289713306,20.988115251158046,20.460846442919173,20.603378295898438,162134000.0,NVDA
2021-10-13 04:00:00+00:00,20.849575070301597,20.92134005530111,20.645245715278612,20.870506286621094,180652000.0,NVDA
2021-10-14 04:00:00+00:00,21.218358128233028,21.683829432378424,21.052900818856443,21.67486000061035,243589000.0,NVDA
2021-10-15 04:00:00+00:00,21.73865543684794,21.859259915283243,21.5911407550322,21.790485382080078,226994000.0,NVDA
2021-10-18 04:00:00+00:00,21.677854960050606,22.218081780697908,21.57319699245635,22.149307250976562,189494000.0,NVDA
2021-10-19 04:00:00+00:00,22.203125029484273,22.305788712501535,21.964908479415858,22.21708106994629,161473000.0,NVDA
2021-10-20 04:00:00+00:00,22.232037672694034,22.359619226163996,21.91009429442329,22.030698776245117,146276000.0,NVDA
2021-10-21 04:00:00+00:00,22.024712578350698,22.636704274322128,22.010758438417145,22.617765426635742,187590000.0,NVDA
2021-10-22 04:00:00+00:00,22.74833799814001,23.054332903700523,22.487195958001656,22.651655197143555,249384000.0,NVDA
2021-10-25 04:00:00+00:00,22.897848159028317,23.278598494667374,22.695513113631097,23.09021759033203,230235000.0,NVDA
2021-10-26 04:00:00+00:00,23.910531041305205,25.176377260914574,23.84574312740609,24.63614845275879,485898000.0,NVDA
2021-10-27 04:00:00+00:00,24.393939116260093,25.00792321942295,24.20256586759915,24.371013641357422,245990000.0,NVDA
2021-10-28 04:00:00+00:00,24.796619505924756,24.868384481883496,24.442781235893953,24.859413146972656,234204000.0,NVDA
2021-10-29 04:00:00+00:00,24.91921563206718,25.624899789420567,24.918219450808614,25.48336410522461,292503000.0,NVDA
2021-11-01 04:00:00+00:00,25.565096437115333,25.809293921603484,25.144476013269458,25.74251365661621,265740000.0,NVDA
2021-11-02 04:00:00+00:00,25.737527951466095,26.590726680343938,25.71559865861731,26.314632415771484,294112000.0,NVDA
2021-11-03 04:00:00+00:00,26.582757025267508,26.696384427226477,26.14918053197211,26.5109920501709,239910000.0,NVDA
2021-11-04 04:00:00+00:00,27.139930735345178,31.262401059168756,27.029293768949643,29.70351791381836,1153631000.0,NVDA
2021-11-05 04:00:00+00:00,30.088251003295557,31.297282321186877,29.313792339899493,29.654674530029297,851260000.0,NVDA
2021-11-08 05:00:00+00:00,30.050371960024457,30.99826111038882,29.8091630510037,30.703229904174805,503101000.0,NVDA
2021-11-09 05:00:00+00:00,32.17640325299263,32.20431154001224,29.865984914100363,30.556716918945312,646746000.0,NVDA
2021-11-10 05:00:00+00:00,29.259970949508748,30.74908322904024,28.68386069593988,29.362632751464844,636206000.0,NVDA
2021-11-11 05:00:00+00:00,30.368332333995184,30.489932984419298,29.679592774599925,30.290586471557617,332172000.0,NVDA
2021-11-12 05:00:00+00:00,29.911830378451516,30.579638725096128,29.53307238423617,30.290586471557617,413054000.0,NVDA
2021-11-15 05:00:00+00:00,30.45205718413863,30.543755287298133,29.15132584547051,29.926780700683594,384909000.0,NVDA
2021-11-16 05:00:00+00:00,29.661652535322734,30.29058701140295,29.608824510774056,30.104198455810547,264484000.0,NVDA
2021-11-17 05:00:00+00:00,30.31849214904719,30.409195964278993,28.705785120196275,29.1652774810791,428508000.0,NVDA
2021-11-18 05:00:00+00:00,32.26111820971524,32.65283033546003,31.218538566380822,31.571380615234375,781711000.0,NVDA
2021-11-19 05:00:00+00:00,32.13752850967371,32.97976560905506,31.800634810586825,32.87710189819336,533867000.0,NVDA
2021-11-22 05:00:00+00:00,33.40735981814446,34.53366450538527,31.79565055921418,31.85146713256836,754335000.0,NVDA
2021-11-23 05:00:00+00:00,31.431842568314533,32.25414458908274,30.778984519657556,31.642152786254883,532163000.0,NVDA
2021-11-24 05:00:00+00:00,31.35808076043458,32.74751961280794,30.82682344260041,32.56711196899414,435162000.0,NVDA
2021-11-26 05:00:00+00:00,32.493355877058754,32.60299664841291,31.2474468349952,31.399946212768555,283069000.0,NVDA
2021-11-29 05:00:00+00:00,32.26012091262168,33.30269671767384,31.93119862998533,33.266815185546875,454964000.0,NVDA
2021-11-30 05:00:00+00:00,33.06049435573746,33.24389436052743,31.759764944757165,32.56910705566406,622066000.0,NVDA
2021-12-01 05:00:00+00:00,33.11438635947544,33.184165606771984,31.281175255165692,31.336002349853516,484368000.0,NVDA
2021-12-02 05:00:00+00:00,31.11570313644076,32.375722550194084,30.9272972457991,32.02482986450195,472890000.0,NVDA
2021-12-03 05:00:00+00:00,31.89922328972484,32.02781864594945,30.03511159214112,30.59634017944336,544325000.0,NVDA
2021-12-06 05:00:00+00:00,29.785904339285608,30.145767578458255,27.949705907051353,29.942411422729492,658938000.0,NVDA
2021-12-07 05:00:00+00:00,30.859510618013076,32.346812573827144,30.55447261848209,32.32487869262695,593053000.0,NVDA
2021-12-08 05:00:00+00:00,31.898226458005908,32.188310380047575,31.322045727763758,31.725770950317383,475551000.0,NVDA
2021-12-09 05:00:00+00:00,31.634065848603957,32.10358519509752,30.332178811088614,30.393983840942383,488507000.0,NVDA
2021-12-10 05:00:00+00:00,31.05189721624373,31.206409750725445,29.766957175752953,30.102895736694336,488825000.0,NVDA
2021-12-13 05:00:00+00:00,30.15373687601913,30.198595232835125,28.027453044551194,28.072311401367188,598344000.0,NVDA
2021-12-14 05:00:00+00:00,27.61177134537967,28.587688427433932,27.16418590298591,28.24776268005371,667035000.0,NVDA
2021-12-15 05:00:00+00:00,28.310561418103585,30.40394841022342,27.750331012948195,30.36307716369629,698297000.0,NVDA
2021-12-16 05:00:00+00:00,31.053897441434426,31.061871670056004,28.004530741243016,28.297603607177734,707366000.0,NVDA
2021-12-17 05:00:00+00:00,27.896868119225253,28.83091752139496,27.672576326059648,27.71344757080078,713758000.0,NVDA
2021-12-20 05:00:00+00:00,27.219010461900748,28.055367052682545,27.059514491494653,27.63170623779297,461847000.0,NVDA
2021-12-21 05:00:00+00:00,28.284647712043096,29.028298765292003,27.314710320233896,28.983440399169922,524385000.0,NVDA
2021-12-22 05:00:00+00:00,28.800013421604074,29.461921824667396,28.359404087389027,29.307409286499023,395184000.0,NVDA
2021-12-23 05:00:00+00:00,29.661289433627687,29.96433287464557,29.338310425181003,29.54665184020996,343022000.0,NVDA
2021-12-27 05:00:00+00:00,29.566592584176444,30.989098625583328,29.546655113197424,30.847545623779297,403686000.0,NVDA
2021-12-28 05:00:00+00:00,31.213395052745707,31.231338018752773,29.917487766927692,30.226512908935547,420591000.0,NVDA
2021-12-29 05:00:00+00:00,30.177665528495464,30.451799123179573,29.273520345909006,29.90652084350586,343139000.0,NVDA
2021-12-30 05:00:00+00:00,29.733066714604764,30.361083746132028,29.446971799242743,29.492826461791992,308864000.0,NVDA
2021-12-31 05:00:00+00:00,29.58055454684799,29.9354343785165,29.238634264128304,29.318382263183594,266530000.0,NVDA
2022-01-03 05:00:00+00:00,29.72110791823675,30.614286167328913,29.691201708964883,30.02614402770996,391547000.0,NVDA
2022-01-04 05:00:00+00:00,30.18165084016446,30.372049319821922,28.25972307978426,29.1977596282959,527154000.0,NVDA
2022-01-05 05:00:00+00:00,28.857838470613242,29.323368837256556,27.44629901707486,27.517074584960938,498064000.0,NVDA
2022-01-06 05:00:00+00:00,27.55295990089713,28.34844730088948,26.979771740224123,28.089265823364258,454186000.0,NVDA
2022-01-07 05:00:00+00:00,28.05238144846275,28.332496683528657,26.97179355482779,27.161195755004883,409939000.0,NVDA
2022-01-10 05:00:00+00:00,26.497291979306667,27.38249602616525,25.563242453455118,27.31371307373047,594681000.0,NVDA
2022-01-11 05:00:00+00:00,27.236953065488187,27.976616901866414,26.754478046594247,27.72939682006836,404089000.0,NVDA
2022-01-12 05:00:00+00:00,27.978612384474925,28.504949514228787,27.52105820708782,27.91082763671875,383413000.0,NVDA
2022-01-13 05:00:00+00:00,28.289631942753868,28.390313718259936,26.414554846853214,26.491313934326172,540171000.0,NVDA
2022-01-14 05:00:00+00:00,26.217180131117058,27.111356726681148,26.127463390407048,26.857158660888672,395832000.0,NVDA
2022-01-18 05:00:00+00:00,26.177298613096262,26.554108421926475,25.68884201686206,25.821422576904297,424270000.0,NVDA
2022-01-19 05:00:00+00:00,25.996874104337753,26.45941170270569,24.973107843056518,24.988059997558594,488315000.0,NVDA
2022-01-20 05:00:00+00:00,25.22431303336184,25.49844661807642,24.002172240904777,24.073945999145508,435181000.0,NVDA
2022-01-21 05:00:00+00:00,23.432970816782724,24.74482640351697,23.189739748176777,23.300390243530273,718958000.0,NVDA
2022-01-24 05:00:00+00:00,22.259678694181396,23.30637129274654,20.82222037714528,23.298397064208984,913982000.0,NVDA
2022-01-25 05:00:00+00:00,22.474999365021613,22.870750425042836,21.93071925859125,22.253698348999023,664616000.0,NVDA
2022-01-26 05:00:00+00:00,23.166811526105583,23.98123803745793,22.229771275614063,22.700284957885742,755959000.0,NVDA
2022-01-27 05:00:00+00:00,23.49377731200437,23.919432592467135,21.606737447782898,21.87489128112793,573353000.0,NVDA
2022-01-28 05:00:00+00:00,21.942680495703392,22.786017001467613,21.228935667863265,22.76807403564453,543774000.0,NVDA
2022-01-31 05:00:00+00:00,23.108993615367613,24.431816145631064,22.979403852664547,24.40888786315918,564680000.0,NVDA
2022-02-01 05:00:00+00:00,25.024939661803632,25.065810904904282,23.814762231762714,24.560407638549805,518925000.0,NVDA
2022-02-02 05:00:00+00:00,25.712765789902505,25.7356921679696,24.475673031706393,25.162504196166992,543419000.0,NVDA
2022-02-03 05:00:00+00:00,24.38097948355901,24.99802967321124,23.705115075622988,23.87258529663086,410178000.0,NVDA
2022-02-04 05:00:00+00:00,23.89650525040583,24.557417375083098,23.55757585819483,24.242412567138672,354829000.0,NVDA
2022-02-07 05:00:00+00:00,24.295243866146766,25.102692363027224,24.12577917901465,24.650123596191406,376868000.0,NVDA
2022-02-08 05:00:00+00:00,24.282288838178633,25.150546207819467,23.90448265925914,25.0289306640625,410359000.0,NVDA
2022-02-09 05:00:00+00:00,25.54131148574977,26.640838580536943,25.27315951224319,26.620901107788086,524282000.0,NVDA
2022-02-10 05:00:00+00:00,25.913134866611202,26.84020442347212,25.519378382520046,25.742671966552734,513200000.0,NVDA
2022-02-11 05:00:00+00:00,25.83438755548586,26.06964442204501,23.698136487325115,23.873580932617188,605472000.0,NVDA
2022-02-14 05:00:00+00:00,23.85862696314563,24.79666354683214,23.680189818886806,24.19057846069336,440424000.0,NVDA
2022-02-15 05:00:00+00:00,24.870432839092235,26.46140756576052,24.705953427119574,26.41156578063965,699869000.0,NVDA
2022-02-16 05:00:00+00:00,26.176300241357357,26.498282934115505,25.471526148883136,26.427505493164062,732676000.0,NVDA
2022-02-17 05:00:00+00:00,25.54929156640708,25.70380416358896,24.088906527878155,24.429828643798828,810595000.0,NVDA
2022-02-18 05:00:00+00:00,24.590316828988254,24.907316200447443,23.02725575627355,23.567548751831055,761255000.0,NVDA
2022-02-22 05:00:00+00:00,22.96245603840115,23.988214753545286,22.927566415528347,23.31633758544922,633422000.0,NVDA
2022-02-23 05:00:00+00:00,23.72704258537858,24.07893155363586,22.230770094894353,22.316497802734375,566511000.0,NVDA
2022-02-24 05:00:00+00:00,20.948815630233725,23.725044515703196,20.82420930000137,23.673208236694336,735801000.0,NVDA
2022-02-25 05:00:00+00:00,23.64630098063684,24.14073741705025,23.30737152091748,24.0809268951416,528866000.0,NVDA
2022-02-28 05:00:00+00:00,23.916442673962294,24.58732353254716,23.63234037536328,24.308204650878906,477319000.0,NVDA
2022-03-01 05:00:00+00:00,24.214506278553596,24.300235899548934,23.059155656499062,23.40306854248047,412056000.0,NVDA
2022-03-02 05:00:00+00:00,23.685224100178537,24.336278491001387,23.34524043941183,24.14784049987793,389642000.0,NVDA
2022-03-03 05:00:00+00:00,24.18971640143085,24.2535268091343,23.399079682408747,23.64335060119629,365095000.0,NVDA
2022-03-04 05:00:00+00:00,23.314329501450473,23.609447114971164,22.41501653226553,22.867664337158203,431415000.0,NVDA
2022-03-07 05:00:00+00:00,22.749020877092576,22.964378855624652,21.266451574671656,21.28838539123535,450821000.0,NVDA
2022-03-08 05:00:00+00:00,21.24551242955818,22.306341548855194,20.588475444727642,21.449901580810547,557467000.0,NVDA
2022-03-09 05:00:00+00:00,22.320301778530236,23.150820212926504,22.1807194875951,22.9454345703125,492742000.0,NVDA
2022-03-10 05:00:00+00:00,22.46387173081111,22.720105999777736,21.816805180949956,22.59049415588379,428066000.0,NVDA
2022-03-11 05:00:00+00:00,22.953412795419776,23.07604745226114,21.980320637514282,22.034160614013672,367209000.0,NVDA
2022-03-14 04:00:00+00:00,21.80384458359265,22.195673358229172,21.095960818464654,21.266450881958008,385354000.0,NVDA
2022-03-15 04:00:00+00:00,21.45388943534592,22.96936124008591,21.258474245006287,22.90455436706543,491996000.0,NVDA
2022-03-16 04:00:00+00:00,23.429982841181694,24.523714502325593,23.102960984324504,24.423015594482422,671422000.0,NVDA
2022-03-17 04:00:00+00:00,24.048134123477375,24.76798110939854,23.834771047073918,24.692209243774414,471941000.0,NVDA
2022-03-18 04:00:00+00:00,24.725114127062692,26.489841079768297,24.550636279337244,26.37418556213379,730719000.0,NVDA
2022-03-21 04:00:00+00:00,26.42802540885607,27.07110416186951,25.889633364007818,26.654348373413086,591727000.0,NVDA
2022-03-22 04:00:00+00:00,26.647373045195117,27.1568522339767,25.994325666723434,26.444978713989258,547007000.0,NVDA
2022-03-23 04:00:00+00:00,26.04816147769014,26.532713584181124,25.49880439684632,25.557628631591797,502120000.0,NVDA
2022-03-24 04:00:00+00:00,26.088039774263187,28.235621344703134,25.829810678924407,28.06612777709961,877379000.0,NVDA
2022-03-25 04:00:00+00:00,27.802917411678866,28.273511278243372,27.189749942659294,27.609495162963867,579016000.0,NVDA
2022-03-28 04:00:00+00:00,27.673300303131715,28.16582789130539,27.124937911151186,28.134920120239258,425494000.0,NVDA
2022-03-29 04:00:00+00:00,28.60950867127436,28.85976031919867,27.896638718914144,28.57062530517578,488984000.0,NVDA
2022-03-30 04:00:00+00:00,28.219671024878537,28.411098411151755,27.421056956130638,27.607500076293945,463487000.0,NVDA
2022-03-31 04:00:00+00:00,27.699226807551824,28.163838026854247,27.188753110757293,27.20470428466797,523440000.0,NVDA
2022-04-01 04:00:00+00:00,27.29343666637843,27.41407643804831,26.188738130769117,26.63241195678711,517235000.0,NVDA
2022-04-04 04:00:00+00:00,26.648369216228314,27.475896299662303,26.533712066907064,27.278486251831055,397120000.0,NVDA
2022-04-05 04:00:00+00:00,27.17280089255996,27.237607768198263,25.743073244909805,25.853742599487305,436615000.0,NVDA
2022-04-06 04:00:00+00:00,24.859710266858784,25.224619010193965,23.931484383526115,24.334280014038086,703833000.0,NVDA
2022-04-07 04:00:00+00:00,24.36818131196346,24.648344247170577,23.40805109513817,24.135875701904297,557992000.0,NVDA
2022-04-08 04:00:00+00:00,23.84574416968649,23.851726811207488,22.993291917921837,23.050121307373047,524781000.0,NVDA
2022-04-11 04:00:00+00:00,22.147815823189774,22.253499000395795,21.595465570939584,21.851699829101562,575207000.0,NVDA
2022-04-12 04:00:00+00:00,22.46985514903304,22.65729475827579,21.218593162457935,21.439931869506836,662258000.0,NVDA
2022-04-13 04:00:00+00:00,21.663267032253867,22.432966395854017,21.39107965829104,22.136850357055664,516943000.0,NVDA
2022-04-14 04:00:00+00:00,22.437950489268136,22.70914138808518,21.099949624918715,21.194665908813477,569097000.0,NVDA
2022-04-18 04:00:00+00:00,21.13684014323295,22.02219313271973,21.016200346382977,21.718103408813477,525701000.0,NVDA
2022-04-19 04:00:00+00:00,21.655288033662476,22.306342402426626,21.250497509099134,22.131864547729492,512781000.0,NVDA
2022-04-20 04:00:00+00:00,22.449913552276662,22.602457585796717,21.1368379554735,21.417997360229492,468974000.0,NVDA
2022-04-21 04:00:00+00:00,21.644316007714274,22.325281519828593,19.940408469145567,20.12286376953125,656209000.0,NVDA
2022-04-22 04:00:00+00:00,20.24250610355399,20.424961412485715,19.441899168057798,19.45685386657715,624713000.0,NVDA
2022-04-25 04:00:00+00:00,19.144787739155014,19.885574017830244,19.039104567845087,19.842702865600586,641566000.0,NVDA
2022-04-26 04:00:00+00:00,19.659254708106264,19.72904585331805,18.614376672651343,18.732025146484375,653143000.0,NVDA
2022-04-27 04:00:00+00:00,18.542589470786602,19.10989445940128,18.235508451875706,18.360136032104492,499460000.0,NVDA
2022-04-28 04:00:00+00:00,18.910488306653104,19.977301919519842,18.434910207307524,19.723060607910156,570327000.0,NVDA
2022-04-29 04:00:00+00:00,19.344197292068042,20.06803419949643,18.461833687592772,18.491744995117188,500435000.0,NVDA
2022-05-02 04:00:00+00:00,18.48576074197281,19.515682143130196,18.336208020718836,19.47480583190918,572049000.0,NVDA
2022-05-03 04:00:00+00:00,19.342200337321106,19.7659352569291,19.07599562451621,19.543598175048828,475751000.0,NVDA
2022-05-04 04:00:00+00:00,19.86364548989257,20.339223690643312,18.695136244226077,20.273420333862305,648855000.0,NVDA
2022-05-05 04:00:00+00:00,19.807807888219486,19.865633741473076,18.444880215286258,18.78785514831543,626331000.0,NVDA
2022-05-06 04:00:00+00:00,18.680180965141894,19.453868144607874,17.936403191321382,18.619361877441406,633297000.0,NVDA
2022-05-09 04:00:00+00:00,17.980269856071814,18.200610175903677,16.776865264300895,16.899499893188477,644455000.0,NVDA
2022-05-10 04:00:00+00:00,17.636299465737004,18.143783810287378,16.974278119895548,17.542579650878906,761474000.0,NVDA
2022-05-11 04:00:00+00:00,17.295314714048374,17.700105173473105,16.518636414884845,16.5804500579834,670167000.0,NVDA
2022-05-12 04:00:00+00:00,16.170681523689158,16.737986648099227,15.520624434471946,16.126811981201172,708728000.0,NVDA
2022-05-13 04:00:00+00:00,16.73798356385744,17.874586549641382,16.543564832253985,17.653247833251953,670437000.0,NVDA
2022-05-16 04:00:00+00:00,17.456837299175664,17.73500542241008,17.055038053763205,17.212566375732422,521446000.0,NVDA
2022-05-17 04:00:00+00:00,18.020152825002086,18.316268876415904,17.581465054882198,18.122846603393555,585830000.0,NVDA
2022-05-18 04:00:00+00:00,17.6522521071145,18.06402177879582,16.813758061200716,16.887537002563477,545161000.0,NVDA
2022-05-19 04:00:00+00:00,16.886535872778936,17.63430122078651,16.68413969929211,17.072978973388672,621310000.0,NVDA
2022-05-20 04:00:00+00:00,17.280361950120188,17.358128675360334,15.708059831340721,16.644262313842773,739105000.0,NVDA
2022-05-23 04:00:00+00:00,16.225514794885957,16.86460579941811,16.13079851441161,16.84765625,639889000.0,NVDA
2022-05-24 04:00:00+00:00,16.460813405318188,16.54755410720824,15.732987737093548,16.105873107910156,588550000.0,NVDA
2022-05-25 04:00:00+00:00,15.97227052482503,17.060019607721216,15.952329656354774,16.92442512512207,781132000.0,NVDA
2022-05-26 04:00:00+00:00,15.988224037593847,18.038098454950646,15.97426580795554,17.79781723022461,996575000.0,NVDA
2022-05-27 04:00:00+00:00,18.131821105909538,18.824750258238716,18.046076875849245,18.754959106445312,738379000.0,NVDA
2022-05-31 04:00:00+00:00,18.923450248875827,19.14279599466487,18.295328116993222,18.616369247436523,664100000.0,NVDA
2022-06-01 04:00:00+00:00,18.668218552747707,18.99623696880328,18.068010839185806,18.26542091369629,544514000.0,NVDA
2022-06-02 04:00:00+00:00,18.237500543404728,19.560546538437922,18.14378074438324,19.533626556396484,648656000.0,NVDA
2022-06-03 04:00:00+00:00,19.025149434663984,19.274404605825605,18.466816482062402,18.664226531982422,598779000.0,NVDA
2022-06-06 04:00:00+00:00,19.081977060607624,19.27938709229923,18.508689459205605,18.73002815246582,422406000.0,NVDA
2022-06-07 04:00:00+00:00,18.416963933581936,18.94339066834296,18.133809698571795,18.869611740112305,388914000.0,NVDA
2022-06-08 04:00:00+00:00,18.74695362356912,19.12689931949138,18.4836845843309,18.596372604370117,363252000.0,NVDA
2022-06-09 04:00:00+00:00,18.429837257031576,18.880585584914794,17.99105484045959,17.998035430908203,395574000.0,NVDA
2022-06-10 04:00:00+00:00,17.551272041612552,17.648003603750368,16.822295031090142,16.927005767822266,465248000.0,NVDA
2022-06-13 04:00:00+00:00,15.955703971257755,16.266840472595092,15.562794707707624,15.603681564331055,604153000.0,NVDA
2022-06-14 04:00:00+00:00,15.687448327103725,16.021520910273885,15.369331242158152,15.792158126831055,469680000.0,NVDA
2022-06-15 04:00:00+00:00,16.050441789659057,16.82130252550863,15.88190997775459,16.481246948242188,563936000.0,NVDA
2022-06-16 04:00:00+00:00,15.816091666385807,15.897865381945072,15.358362760963734,15.557808876037598,545749000.0,NVDA
2022-06-17 04:00:00+00:00,15.604674860098072,15.950714236578374,15.28556115428669,15.83603286743164,630334000.0,NVDA
2022-06-21 04:00:00+00:00,16.42939011174875,16.960913567479754,16.361577575315028,16.520137786865234,483089000.0,NVDA
2022-06-22 04:00:00+00:00,16.181077014713374,16.61587073985761,16.135204840649315,16.314706802368164,437135000.0,NVDA
2022-06-23 04:00:00+00:00,16.47326129370827,16.53907853768647,15.809105900398132,16.180076599121094,463680000.0,NVDA
2022-06-24 04:00:00+00:00,16.454316515193973,17.092543941061024,16.26484203486428,17.078582763671875,472153000.0,NVDA
2022-06-27 04:00:00+00:00,17.264072406028497,17.282022223468143,16.579970759321082,16.822298049926758,427968000.0,NVDA
2022-06-28 04:00:00+00:00,16.853210426478878,17.15437435755345,15.900854507260869,15.937752723693848,461149000.0,NVDA
2022-06-29 04:00:00+00:00,15.770217280899118,15.776200235548698,15.128000214513376,15.498970031738281,482352000.0,NVDA
2022-06-30 04:00:00+00:00,15.318471504237966,15.523901498559498,14.820853441865891,15.11703109741211,686070000.0,NVDA
2022-07-01 04:00:00+00:00,14.857750345223227,15.021295848581772,14.35215407119524,14.48279094696045,577610000.0,NVDA
2022-07-05 04:00:00+00:00,14.135756912052631,14.929552726095583,14.016089244404482,14.922572135925293,651397000.0,NVDA
2022-07-06 04:00:00+00:00,14.968445164272264,15.276589715480245,14.748056331462374,15.088112831115723,529066000.0,NVDA
2022-07-07 04:00:00+00:00,15.413208065905915,15.900853564352674,15.346393177463765,15.814094543457031,492903000.0,NVDA
2022-07-08 04:00:00+00:00,15.387280900081658,15.99260071355022,15.3463940472355,15.794151306152344,467972000.0,NVDA
2022-07-11 04:00:00+00:00,15.483013354753316,15.484010989302513,14.996364558759826,15.1100492477417,437321000.0,NVDA
2022-07-12 04:00:00+00:00,15.22572805239749,15.388276870570849,14.83581079611465,15.040243148803711,458483000.0,NVDA
2022-07-13 04:00:00+00:00,14.549606661502255,15.332433178961859,14.424952733218012,15.122016906738281,521918000.0,NVDA
2022-07-14 04:00:00+00:00,15.066170162964447,15.43015935632636,14.687222157849106,15.329439163208008,456235000.0,NVDA
2022-07-15 04:00:00+00:00,15.615647329390558,15.738305988579,15.40223910380052,15.718361854553223,385935000.0,NVDA
2022-07-18 04:00:00+00:00,16.256868850127862,16.850220940420993,15.957700144549596,16.056425094604492,670517000.0,NVDA
2022-07-19 04:00:00+00:00,16.440356240924725,17.062629156569145,16.127226415976143,16.944955825805664,702366000.0,NVDA
2022-07-20 04:00:00+00:00,16.90008038178597,17.883350564875844,16.754484694338107,17.75769805908203,760538000.0,NVDA
2022-07-21 04:00:00+00:00,17.835490174354273,18.093772072989502,17.496431225338014,18.000032424926758,557049000.0,NVDA
2022-07-22 04:00:00+00:00,17.843455743447194,17.917250251489552,17.089548513592202,17.271045684814453,536671000.0,NVDA
2022-07-25 04:00:00+00:00,16.971882360366042,17.0765931156567,16.602907762705456,16.976869583129883,480748000.0,NVDA
2022-07-26 04:00:00+00:00,16.842243731454445,16.87216136295546,16.432382260852247,16.48723030090332,397865000.0,NVDA
2022-07-27 04:00:00+00:00,16.984842903526864,17.886341221329417,16.866172897497414,17.740745544433594,569776000.0,NVDA
2022-07-28 04:00:00+00:00,17.925235866496404,18.089778068252926,17.39171718778261,17.9342098236084,474646000.0,NVDA
2022-07-29 04:00:00+00:00,17.763685253323978,18.193491806144685,17.643019947154993,18.112716674804688,435460000.0,NVDA
2022-08-01 04:00:00+00:00,18.13166037008038,18.79382347486427,17.940192505913,18.389944076538086,476469000.0,NVDA
2022-08-02 04:00:00+00:00,18.071825862895118,18.885566611126666,18.041908238318054,18.474706649780273,489527000.0,NVDA
2022-08-03 04:00:00+00:00,18.133655821615758,18.915485636087563,18.08678506318179,18.8406925201416,418146000.0,NVDA
2022-08-04 04:00:00+00:00,18.796818231509185,19.220640875313578,18.708063924460507,19.16180419921875,409652000.0,NVDA
2022-08-05 04:00:00+00:00,18.757920901412877,19.17576145516048,18.614320486775554,18.936426162719727,386068000.0,NVDA
2022-08-08 04:00:00+00:00,17.45354724017541,18.18850639909418,17.194266811220928,17.74374008178711,981859000.0,NVDA
2022-08-09 04:00:00+00:00,17.204237068091455,17.398696888442636,16.67769900606931,17.0386962890625,668263000.0,NVDA
2022-08-10 04:00:00+00:00,17.648998636902306,18.067835838460873,17.269053012858226,18.046894073486328,597422000.0,NVDA
2022-08-11 04:00:00+00:00,18.080808036836622,18.65521369530522,17.8265128942713,17.892330169677734,509327000.0,NVDA
2022-08-12 04:00:00+00:00,18.109721945226894,18.666177625548745,17.903294316475968,18.657201766967773,478094000.0,NVDA
2022-08-15 04:00:00+00:00,18.649226086629287,19.110943606719005,18.56147037086015,18.97930908203125,457666000.0,NVDA
2022-08-16 04:00:00+00:00,18.867623313952322,19.089008866911293,18.449782619425484,18.826736450195312,451240000.0,NVDA
2022-08-17 04:00:00+00:00,18.47171804037453,18.63626023321667,18.09476431039142,18.284236907958984,446799000.0,NVDA
2022-08-18 04:00:00+00:00,18.250332132443727,18.812769810722802,18.13265879882492,18.721025466918945,415447000.0,NVDA
2022-08-19 04:00:00+00:00,18.35504051013906,18.468725204485096,17.720801686073024,17.799583435058594,441588000.0,NVDA
2022-08-22 04:00:00+00:00,17.44157616837466,17.509388691765842,16.91902677104241,16.986839294433594,409593000.0,NVDA
2022-08-23 04:00:00+00:00,16.941964523094743,17.41664650068236,16.923016122259966,17.133432388305664,369986000.0,NVDA
2022-08-24 04:00:00+00:00,16.964906278823687,17.357816606863295,16.84823148368268,17.174325942993164,522661000.0,NVDA
2022-08-25 04:00:00+00:00,16.797364674114142,17.897311489093674,16.786395448843106,17.863405227661133,770691000.0,NVDA
2022-08-26 04:00:00+00:00,17.807561673056387,17.874375614644485,16.192045948797936,16.214982986450195,769127000.0,NVDA
2022-08-29 04:00:00+00:00,15.97564814658675,16.29276663412164,15.723348333249264,15.757253646850586,496132000.0,NVDA
2022-08-30 04:00:00+00:00,15.915813141555713,15.994593942634191,15.13996723606161,15.425175666809082,530181000.0,NVDA
2022-08-31 04:00:00+00:00,15.34140885146709,15.49697709866868,14.917585283969304,15.05221176147461,573710000.0,NVDA
2022-09-01 04:00:00+00:00,14.169661891977615,14.340188956278503,13.233262343519234,13.898415565490723,1178865000.0,NVDA
2022-09-02 04:00:00+00:00,14.060962564890257,14.131765139366534,13.553371026300562,13.609216690063477,743157000.0,NVDA
2022-09-06 04:00:00+00:00,13.692984371926862,13.740851814141763,13.314036323816168,13.42772102355957,535751000.0,NVDA
2022-09-07 04:00:00+00:00,13.529467069211695,13.803787740228488,13.313003564331206,13.680093765258789,512657000.0,NVDA
2022-09-08 04:00:00+00:00,13.425725497360691,13.973368965250524,13.335948799799713,13.955412864685059,624873000.0,NVDA
2022-09-09 04:00:00+00:00,14.121999030627672,14.438215695022928,14.091076486708564,14.351430892944336,486612000.0,NVDA
2022-09-12 04:00:00+00:00,14.333476599142045,14.511036035425132,14.162898875313989,14.46914005279541,484159000.0,NVDA
2022-09-13 04:00:00+00:00,13.767879095556324,13.887582320478687,13.06661696561573,13.09853744506836,714956000.0,NVDA
2022-09-14 04:00:00+00:00,13.221231803218423,13.257143051448159,12.881075254382225,13.09554386138916,588507000.0,NVDA
2022-09-15 04:00:00+00:00,12.982824382811994,13.200284898230091,12.758380252068209,12.8970365524292,523625000.0,NVDA
2022-09-16 04:00:00+00:00,12.710497968812046,13.179336268504516,12.585807002502516,13.16537094116211,670751000.0,NVDA
2022-09-19 04:00:00+00:00,12.979830907792524,13.429716127163072,12.97783599693244,13.348916053771973,569685000.0,NVDA
2022-09-20 04:00:00+00:00,13.182330992088998,13.449668111931604,13.024721595787252,13.143426895141602,524818000.0,NVDA
2022-09-21 04:00:00+00:00,13.180334501882477,13.996312044305188,13.07758850400222,13.228215217590332,807679000.0,NVDA
2022-09-22 04:00:00+00:00,13.037687792673827,13.116492959222398,12.39727571074283,12.529946327209473,759162000.0,NVDA
2022-09-23 04:00:00+00:00,12.38929449653901,12.579822277960686,12.22669736982,12.48505687713623,663309000.0,NVDA
2022-09-26 04:00:00+00:00,12.460120427776888,12.62770532564667,12.183804789833953,12.197770118713379,547343000.0,NVDA
2022-09-27 04:00:00+00:00,12.476078329732838,12.704512253671364,12.22769434741233,12.38231086730957,553854000.0,NVDA
2022-09-28 04:00:00+00:00,12.379319288548018,12.791298357950701,12.323457977799615,12.704513549804688,542414000.0,NVDA
2022-09-29 04:00:00+00:00,12.417225794477423,12.469097284845578,11.916466992118151,12.189789772033691,532763000.0,NVDA
2022-09-30 04:00:00+00:00,12.057117275528151,12.601767882452046,12.045146859340639,12.108988761901855,565638000.0,NVDA
2022-10-03 04:00:00+00:00,12.316475611950034,12.646657634128852,12.075073310975306,12.481067657470703,547478000.0,NVDA
2022-10-04 04:00:00+00:00,12.847159945252836,13.187317472632325,12.847159945252836,13.134448051452637,584182000.0,NVDA
2022-10-05 04:00:00+00:00,12.879081259534201,13.288067492068219,12.589798244962582,13.17634391784668,507131000.0,NVDA
2022-10-06 04:00:00+00:00,13.187317554392024,13.622239538294219,13.07060622540916,13.097539901733398,644157000.0,NVDA
2022-10-07 04:00:00+00:00,12.47408277401214,12.638674790247842,11.992277140241855,12.046143531799316,672478000.0,NVDA
2022-10-10 04:00:00+00:00,12.007240867482555,12.094025672565365,11.379796220873162,11.641148567199707,698699000.0,NVDA
2022-10-11 04:00:00+00:00,11.532417118510912,11.816712348676244,11.255104551505667,11.557355880737305,667482000.0,NVDA
2022-10-12 04:00:00+00:00,11.550373264718909,11.705986765590792,11.31695158643632,11.47156810760498,492590000.0,NVDA
2022-10-13 04:00:00+00:00,10.943877897680135,12.048141591530223,10.786268503018803,11.93043327331543,850103000.0,NVDA
2022-10-14 04:00:00+00:00,12.0271914472458,12.081057843251315,11.176300644723986,11.199243545532227,713432000.0,NVDA
2022-10-17 04:00:00+00:00,11.489523129293081,11.918460323463654,11.488526149600807,11.85860824584961,580774000.0,NVDA
2022-10-18 04:00:00+00:00,12.313482956867912,12.461116834509994,11.589277945577948,11.93741512298584,659362000.0,NVDA
2022-10-19 04:00:00+00:00,11.849631206949502,12.3194674213086,11.804742384541735,12.02120590209961,523131000.0,NVDA
2022-10-20 04:00:00+00:00,12.083052622860917,12.737430913529549,12.07507202855851,12.16385269165039,652398000.0,NVDA
2022-10-21 04:00:00+00:00,12.068089492311048,12.467101136617279,11.857611660936854,12.435179710388184,609494000.0,NVDA
2022-10-24 04:00:00+00:00,12.477076444546938,12.678576698624157,12.034173916407727,12.567851066589355,517457000.0,NVDA
2022-10-25 04:00:00+00:00,12.662617544617813,13.26711930987685,12.63269102706923,13.228215217590332,505482000.0,NVDA
2022-10-26 04:00:00+00:00,12.837186801922265,13.35490287684184,12.676584561088767,12.864119529724121,532953000.0,NVDA
2022-10-27 04:00:00+00:00,13.596305021274278,13.803791001482493,13.089560488943963,13.143426895141602,583113000.0,NVDA
2022-10-28 04:00:00+00:00,13.071603238162181,13.815759201014696,13.028709325811903,13.799798011779785,521040000.0,NVDA
2022-10-31 04:00:00+00:00,13.743938035026355,13.803790122164811,13.264127212017728,13.463632583618164,486341000.0,NVDA
2022-11-01 04:00:00+00:00,13.77685473939127,13.890573215216364,13.4855768377865,13.509517669677734,432817000.0,NVDA
2022-11-02 04:00:00+00:00,13.815759886644688,14.174869538553562,13.17833970749939,13.186319351196289,672628000.0,NVDA
2022-11-03 04:00:00+00:00,13.010755424842653,13.746930863679363,12.923970612064814,13.38782024383545,500065000.0,NVDA
2022-11-04 04:00:00+00:00,13.95142241289194,14.193821673388257,13.663136398930058,14.121002197265625,612576000.0,NVDA
2022-11-07 05:00:00+00:00,14.192825541805423,14.376370676305802,13.919503702415724,14.265645027160645,410061000.0,NVDA
2022-11-08 05:00:00+00:00,14.764408236163073,14.854185888099915,14.18085444989022,14.565900802612305,595292000.0,NVDA
2022-11-09 05:00:00+00:00,14.126990741516607,14.175870350016515,13.724987093447142,13.741945266723633,454414000.0,NVDA
2022-11-10 05:00:00+00:00,14.763411236851555,15.734005334197544,14.511036451418649,15.71106243133545,700819000.0,NVDA
2022-11-11 05:00:00+00:00,15.767920535169456,16.348481436653724,15.443724222491777,16.28663444519043,655487000.0,NVDA
2022-11-14 05:00:00+00:00,16.17789996796511,16.499104296709287,15.882631374747179,16.254709243774414,527852000.0,NVDA
2022-11-15 05:00:00+00:00,16.68065721766376,16.955973916165302,16.34149766989013,16.62479591369629,545876000.0,NVDA
2022-11-16 05:00:00+00:00,16.122045274835585,16.32154969717503,15.833759225066268,15.870667457580566,649547000.0,NVDA
2022-11-17 05:00:00+00:00,15.676147926956387,16.225786282199604,15.496592636887353,15.6382417678833,710894000.0,NVDA
2022-11-18 05:00:00+00:00,15.926526078879489,15.962438276776751,15.082617967788815,15.370903968811035,492072000.0,NVDA
2022-11-21 05:00:00+00:00,15.109553993521583,15.438738093483565,15.042719242364662,15.279133796691895,404739000.0,NVDA
2022-11-22 05:00:00+00:00,15.29010540365976,16.018301155042618,15.084614360133106,15.998350143432617,472866000.0,NVDA
2022-11-23 05:00:00+00:00,16.05820212549382,16.486142404800624,16.008326496462395,16.478160858154297,427241000.0,NVDA
2022-11-25 05:00:00+00:00,16.277656134662113,16.446237020144476,16.132017196689414,16.229774475097656,167934000.0,NVDA
2022-11-28 05:00:00+00:00,15.986378789361892,16.316561753105944,15.686124245692138,15.787871360778809,303741000.0,NVDA
2022-11-29 05:00:00+00:00,15.787870048545495,15.892610948250487,15.481629846314512,15.600335121154785,298384000.0,NVDA
2022-11-30 05:00:00+00:00,15.662196453752513,16.892463422668655,15.562418742832724,16.885478973388672,565298000.0,NVDA
2022-12-01 05:00:00+00:00,16.96131529301092,17.226724437822572,16.5981219285695,17.097013473510742,470977000.0,NVDA
2022-12-02 05:00:00+00:00,16.622068821587856,16.895461554561713,16.408542540886174,16.838586807250977,371389000.0,NVDA
2022-12-05 05:00:00+00:00,16.64202652808181,16.957325998044983,16.435484678821734,16.573179244995117,352255000.0,NVDA
2022-12-06 05:00:00+00:00,16.493350586710367,16.536254516878426,15.783926565027583,15.951554298400879,352694000.0,NVDA
2022-12-07 05:00:00+00:00,15.737037569893584,16.150120341198054,15.632269834905543,16.084266662597656,372388000.0,NVDA
2022-12-08 05:00:00+00:00,16.236924067023104,17.140915635032428,15.923619112619104,17.130937576293945,515456000.0,NVDA
2022-12-09 05:00:00+00:00,17.121956228129644,17.544018774553155,16.93736690492108,16.963308334350586,465338000.0,NVDA
2022-12-12 05:00:00+00:00,16.999231007459425,17.49911978299442,16.759763296368646,17.496126174926758,457328000.0,NVDA
2022-12-13 05:00:00+00:00,18.48991872198985,18.748345320787976,17.671736886309308,18.031936645507812,656589000.0,NVDA
2022-12-14 05:00:00+00:00,17.947122938893273,18.21153673692968,17.38138052214265,17.634817123413086,496888000.0,NVDA
2022-12-15 05:00:00+00:00,17.107983556218308,17.281597547820855,16.662973286290804,16.914413452148438,478542000.0,NVDA
2022-12-16 05:00:00+00:00,16.826611361927757,17.003218983176044,16.373617447522786,16.534259796142578,478232000.0,NVDA
2022-12-19 05:00:00+00:00,16.53525994983705,16.57217667143344,16.109206574205285,16.21796417236328,354039000.0,NVDA
2022-12-20 05:00:00+00:00,16.028385941930914,16.27384085919094,15.81685699546008,16.049339294433594,403260000.0,NVDA
2022-12-21 05:00:00+00:00,16.078273493531086,16.59013659325073,16.066299063788986,16.464414596557617,325025000.0,NVDA
2022-12-22 05:00:00+00:00,16.0583199304805,16.10222300797655,14.849007005999164,15.304993629455566,565045000.0,NVDA
2022-12-23 05:00:00+00:00,15.162308930007534,15.304991533429133,14.850003158774006,15.172286987304688,349326000.0,NVDA
2022-12-27 05:00:00+00:00,15.04058027199165,15.066522651056324,14.024836646016347,14.089693069458008,464902000.0,NVDA
2022-12-28 05:00:00+00:00,13.896122364527548,14.23037967097622,13.85321747946532,14.004880905151367,351066000.0,NVDA
2022-12-29 05:00:00+00:00,14.370070713593025,14.650446912717559,14.195458504097823,14.570624351501465,354923000.0,NVDA
2022-12-30 05:00:00+00:00,14.302221216588292,14.59656727894766,14.201445300640174,14.5816011428833,310490000.0,NVDA
2023-01-03 05:00:00+00:00,14.818073166185235,14.96275213841312,14.06474698864116,14.2832612991333,401277000.0,NVDA
2023-01-04 05:00:00+00:00,14.534705251277302,14.820070487005857,14.209427782320121,14.716300964355469,431324000.0,NVDA
2023-01-05 05:00:00+00:00,14.458873382334806,14.531711494421922,14.116633408077806,14.23337459564209,389168000.0,NVDA
2023-01-06 05:00:00+00:00,14.44191076025438,14.976722686175162,14.00288666985135,14.826057434082031,405044000.0,NVDA
2023-01-09 05:00:00+00:00,15.25011511747284,16.020402921173815,15.107431553171974,15.593352317810059,504231000.0,NVDA
2023-01-10 05:00:00+00:00,15.472620524555069,15.926611700930899,15.437698272766157,15.873729705810547,384101000.0,NVDA
2023-01-11 05:00:00+00:00,15.804882316459198,15.992465239813418,15.528496008879637,15.965524673461914,353285000.0,NVDA
2023-01-12 05:00:00+00:00,16.06430389569738,16.600112025362304,15.45765118323187,16.47439193725586,551409000.0,NVDA
2023-01-13 05:00:00+00:00,16.24191245912775,16.884485751855593,16.129164009129322,16.861536026000977,447287000.0,NVDA
2023-01-17 05:00:00+00:00,16.861536645437063,17.688699300985697,16.861536645437063,17.662755966186523,511102000.0,NVDA
2023-01-18 05:00:00+00:00,17.627826446924445,17.83336905503854,17.243679886269295,17.338470458984375,439624000.0,NVDA
2023-01-19 05:00:00+00:00,16.998231918602517,17.158876197897794,16.693909676604797,16.727832794189453,452932000.0,NVDA
2023-01-20 05:00:00+00:00,16.973286475081306,17.816414337109105,16.787699916065623,17.79945182800293,564967000.0,NVDA
2023-01-23 05:00:00+00:00,18.0239511412495,19.202334514054723,17.77849813911899,19.150449752807617,655163000.0,NVDA
2023-01-24 05:00:00+00:00,18.7852576049282,19.451777728959655,18.778273155345232,19.222286224365234,496204000.0,NVDA
2023-01-25 05:00:00+00:00,18.87107002531869,19.327057588077132,18.538808102919397,19.280160903930664,449537000.0,NVDA
2023-01-26 05:00:00+00:00,19.657326484097975,20.12129581131289,19.23526386740618,19.758102416992188,489535000.0,NVDA
2023-01-27 05:00:00+00:00,19.418852978689333,20.582268342414245,19.36198013839365,20.31985092163086,542142000.0,NVDA
2023-01-30 05:00:00+00:00,19.90577336731511,20.095350783793005,19.107545755024255,19.11952018737793,488611000.0,NVDA
2023-01-31 05:00:00+00:00,19.127499744923487,19.643353741949113,18.90798817511003,19.49368667602539,498017000.0,NVDA
2023-02-01 05:00:00+00:00,19.647343286751223,21.14501488817615,19.567520729990026,20.896568298339844,660477000.0,NVDA
2023-02-02 05:00:00+00:00,20.953441855430544,21.900337276933485,20.65410773302951,21.660869598388672,564276000.0,NVDA
2023-02-03 05:00:00+00:00,20.95344017438409,21.696789246514708,20.74290754825101,21.053218841552734,429366000.0,NVDA
2023-02-06 05:00:00+00:00,20.759872338931974,21.522178471104034,20.739916222678673,21.042245864868164,452197000.0,NVDA
2023-02-07 05:00:00+00:00,21.334595540764557,22.209652016752774,21.10310954039303,22.123842239379883,664150000.0,NVDA
2023-02-08 05:00:00+00:00,22.33736696829217,22.827279543884256,21.959207503696422,22.155771255493164,559651000.0,NVDA
2023-02-09 05:00:00+00:00,22.555882109825383,22.96896380674192,22.07095953858251,22.287477493286133,523876000.0,NVDA
2023-02-10 05:00:00+00:00,21.641912436236254,22.02905079986804,20.76486152389426,21.217853546142578,550737000.0,NVDA
2023-02-13 05:00:00+00:00,21.490248862723064,21.999118385629707,20.915525681631326,21.739694595336914,474919000.0,NVDA
2023-02-14 05:00:00+00:00,21.53016116062426,22.997900655540672,21.318631266584543,22.920074462890625,675474000.0,NVDA
2023-02-15 05:00:00+00:00,22.499008003095835,22.804329348665444,22.056991258302702,22.713531494140625,420575000.0,NVDA
2023-02-16 05:00:00+00:00,22.083928543019674,22.50000383331045,21.878385888019974,21.95322036743164,412026000.0,NVDA
2023-02-17 05:00:00+00:00,21.58304317749563,21.691800771351655,20.92849743532747,21.3405818939209,465888000.0,NVDA
2023-02-21 05:00:00+00:00,20.953445458280317,21.44634980045972,20.57229233801295,20.609210968017578,410015000.0,NVDA
2023-02-22 05:00:00+00:00,20.661093956622445,21.05721318053683,20.37572680694439,20.707988739013672,513184000.0,NVDA
2023-02-23 05:00:00+00:00,23.388033612605756,23.8350403425162,22.973952761903,23.611536026000977,1117995000.0,NVDA
2023-02-24 05:00:00+00:00,23.173511315975173,23.421959839225643,22.89612775467356,23.234375,589716000.0,NVDA
2023-02-27 05:00:00+00:00,23.617520428698207,23.827053916300855,23.401999726272685,23.448894500732422,452994000.0,NVDA
2023-02-28 05:00:00+00:00,23.32018024556822,23.77217689153847,23.154547928957133,23.164525985717773,455963000.0,NVDA
2023-03-01 05:00:00+00:00,23.140580708274207,23.204439895549427,22.45809718193452,22.647676467895508,460026000.0,NVDA
2023-03-02 05:00:00+00:00,22.43814303132255,23.328163685156042,22.382265528634285,23.262310028076172,389415000.0,NVDA
2023-03-03 05:00:00+00:00,23.268298244670323,23.8470122834048,23.07871895003249,23.837034225463867,412393000.0,NVDA
2023-03-06 05:00:00+00:00,23.838034225602097,24.19424120106475,23.434928663312892,23.501781463623047,437429000.0,NVDA
2023-03-07 05:00:00+00:00,23.551679757416153,24.07560444760807,23.19341364689186,23.240318298339844,515154000.0,NVDA
2023-03-08 05:00:00+00:00,23.438905826491442,24.150447084590173,23.37603510396069,24.131484985351562,513573000.0,NVDA
2023-03-09 05:00:00+00:00,24.12549713017086,24.403927067293445,23.335119057261018,23.388011932373047,501257000.0,NVDA
2023-03-10 05:00:00+00:00,23.36106553205838,23.578619542231447,22.679463555166457,22.9179744720459,474866000.0,NVDA
2023-03-13 04:00:00+00:00,22.70541142718648,23.2502929083055,22.251343209013474,22.91897201538086,421890000.0,NVDA
2023-03-14 04:00:00+00:00,23.447890629973315,24.169409811888126,23.411963139447696,24.013729095458984,474910000.0,NVDA
2023-03-15 04:00:00+00:00,23.712347660414334,24.23627231190452,23.312169659954225,24.17839241027832,524486000.0,NVDA
2023-03-16 04:00:00+00:00,23.977802891862606,25.535605516897093,23.845073897032023,25.48870277404785,583253000.0,NVDA
2023-03-17 04:00:00+00:00,25.92880464247604,26.34495069136216,25.61544644686534,25.672330856323242,848547000.0,NVDA
2023-03-20 04:00:00+00:00,25.562555178040203,25.970718180290216,25.078547566317557,25.84697151184082,432747000.0,NVDA
2023-03-21 04:00:00+00:00,26.126398838719393,26.337964679003704,25.329034940797325,26.14535903930664,547408000.0,NVDA
2023-03-22 04:00:00+00:00,26.37088997719431,27.532507969585293,26.183275210273973,26.413803100585938,797295000.0,NVDA
2023-03-23 04:00:00+00:00,27.059479880369732,27.442694389660254,26.635350859477686,27.135324478149414,564889000.0,NVDA
2023-03-24 04:00:00+00:00,26.975655534647398,27.11137676176223,26.301039016509158,26.724170684814453,454920000.0,NVDA
2023-03-27 04:00:00+00:00,26.782050151047695,26.944716509158773,26.3110164665487,26.47667694091797,361026000.0,NVDA
2023-03-28 04:00:00+00:00,26.392847592513167,26.45871243560378,25.79706988863312,26.35592269897461,356104000.0,NVDA
2023-03-29 04:00:00+00:00,26.770074250919894,27.02255456693602,26.542540461107045,26.928747177124023,393694000.0,NVDA
2023-03-30 04:00:00+00:00,27.173248891114078,27.442696524698064,27.046508115727384,27.326932907104492,364516000.0,NVDA
2023-03-31 04:00:00+00:00,27.08442473492415,27.777003872770962,27.04949655680014,27.720121383666992,433933000.0,NVDA
2023-04-03 04:00:00+00:00,27.452670206590867,27.942664002312416,27.280024126142052,27.90773582458496,398716000.0,NVDA
2023-04-04 04:00:00+00:00,27.908737736009,27.94266851512213,27.25108667754047,27.396787643432617,368592000.0,NVDA
2023-04-05 04:00:00+00:00,26.774064682882994,26.942717354778598,26.340953337844432,26.825958251953125,515015000.0,NVDA
2023-04-06 04:00:00+00:00,26.529562651009662,27.024547263842212,26.37288455652641,26.98163604736328,397654000.0,NVDA
2023-04-10 04:00:00+00:00,26.768077072918704,27.564443419953324,26.614393073942708,27.52252960205078,395279000.0,NVDA
2023-04-11 04:00:00+00:00,27.66723481289394,27.7330996597478,27.070457767266205,27.113370895385742,314378000.0,NVDA
2023-04-12 04:00:00+00:00,27.313960457156856,27.4117593746922,26.39384737924561,26.440752029418945,446259000.0,NVDA
2023-04-13 04:00:00+00:00,26.67926041012461,26.831947015202942,26.275090880655256,26.408815383911133,353615000.0,NVDA
2023-04-14 04:00:00+00:00,26.44972742157741,26.827951053263416,26.16630857297882,26.70320701599121,395660000.0,NVDA
2023-04-17 04:00:00+00:00,26.510605128627287,26.95070210668743,26.37887544680579,26.94671058654785,321471000.0,NVDA
2023-04-18 04:00:00+00:00,27.476625156577658,28.05244337278638,27.30098493529646,27.610349655151367,604812000.0,NVDA
2023-04-19 04:00:00+00:00,27.304977218888993,27.94266877758147,27.176241641344223,27.873809814453125,358660000.0,NVDA
2023-04-20 04:00:00+00:00,27.61434236358742,27.972608458107462,26.9447167273433,27.048503875732422,427713000.0,NVDA
2023-04-21 04:00:00+00:00,26.896811075410813,27.12733896388513,26.667282494525807,27.06346893310547,345103000.0,NVDA
2023-04-24 04:00:00+00:00,26.9576876302619,27.309963550008472,26.616386963271044,26.98662757873535,339282000.0,NVDA
2023-04-25 04:00:00+00:00,27.02255529680181,27.191209883551597,26.17130312906319,26.18726921081543,378527000.0,NVDA
2023-04-26 04:00:00+00:00,26.94671176186849,27.274039268907778,26.65031901312097,26.90080451965332,406337000.0,NVDA
2023-04-27 04:00:00+00:00,27.306972360442714,27.43870204664904,26.57048262204744,27.170251846313477,377161000.0,NVDA
2023-04-28 04:00:00+00:00,27.169259042494186,27.70116680186363,27.015573113602102,27.69218635559082,292216000.0,NVDA
2023-05-01 04:00:00+00:00,27.782998298498846,28.99850487853989,27.723121680285786,28.850807189941406,570329000.0,NVDA
2023-05-02 04:00:00+00:00,28.621273856351937,28.776954560836412,28.025496178380074,28.15223503112793,402730000.0,NVDA
2023-05-03 04:00:00+00:00,27.782993707204334,28.30891502450401,27.415747210218576,27.745071411132812,383387000.0,NVDA
2023-05-04 04:00:00+00:00,27.594380294690612,27.801954572191782,27.184222567509938,27.505563735961914,321850000.0,NVDA
2023-05-05 04:00:00+00:00,27.76902351276572,28.696120235561477,27.67421872062941,28.621274948120117,361494000.0,NVDA
2023-05-08 04:00:00+00:00,28.46359870886539,29.16016946274796,28.291951910306917,29.091310501098633,344979000.0,NVDA
2023-05-09 04:00:00+00:00,28.839830211659567,28.91367810469715,28.391750121433198,28.512500762939453,314869000.0,NVDA
2023-05-10 04:00:00+00:00,28.94561039227481,29.053390963914687,28.402725530757564,28.825857162475586,369350000.0,NVDA
2023-05-11 04:00:00+00:00,28.8368313012262,28.890721581405018,28.188162647959096,28.519481658935547,322149000.0,NVDA
2023-05-12 04:00:00+00:00,28.47058123775665,28.72106862682804,27.988570462268328,28.28196907043457,274222000.0,NVDA
2023-05-15 04:00:00+00:00,28.449626392092515,28.90968288930767,28.09435634331566,28.893714904785156,293926000.0,NVDA
2023-05-16 04:00:00+00:00,28.781946830273363,29.808841156723194,28.77296638486964,29.15318489074707,449405000.0,NVDA
2023-05-17 04:00:00+00:00,29.52342540212538,30.13716594058163,29.369741392303435,30.116209030151367,432535000.0,NVDA
2023-05-18 04:00:00+00:00,30.347732971846412,31.76282877397273,30.257917101676483,31.613136291503906,748725000.0,NVDA
2023-05-19 04:00:00+00:00,31.471424084571897,31.515334611569322,30.852694703812897,31.199981689453125,473908000.0,NVDA
2023-05-22 04:00:00+00:00,30.837730791979848,31.455464805602023,30.617184512052074,31.11216926574707,372000000.0,NVDA
2023-05-23 04:00:00+00:00,30.936525465603022,31.223935873295638,30.568281535055462,30.625164031982422,356253000.0,NVDA
2023-05-24 04:00:00+00:00,30.14814207840876,30.544330458079507,29.744969965607368,30.47547149658203,721419000.0,NVDA
2023-05-25 04:00:00+00:00,38.44412443571779,39.399165745558044,36.55998955658973,37.90223693847656,1543911000.0,NVDA
2023-05-26 04:00:00+00:00,37.8124117084939,39.08978942316248,37.47310777717433,38.866249084472656,714397000.0,NVDA
2023-05-30 04:00:00+00:00,40.511872036620545,41.852120390586535,39.86719498674433,40.02886199951172,923401000.0,NVDA
2023-05-31 04:00:00+00:00,39.40714336242504,40.21249015793831,37.74455429743757,37.75653076171875,1002580000.0,NVDA
2023-06-01 04:00:00+00:00,38.41018533563602,39.967989732477896,38.261492175606385,39.68856430053711,635873000.0,NVDA
2023-06-02 04:00:00+00:00,40.01489905431234,40.41707376526735,38.97802500871207,39.24647521972656,482731000.0,NVDA
2023-06-05 04:00:00+00:00,38.82932905392205,39.48398404045427,38.627743010740026,39.09079360961914,396094000.0,NVDA
2023-06-06 04:00:00+00:00,38.750490280084,39.0798125649745,38.069883785123146,38.57484817504883,388729000.0,NVDA
2023-06-07 04:00:00+00:00,38.839340474852015,39.42220466810125,37.283369639735355,37.402137756347656,511998000.0,NVDA
2023-06-08 04:00:00+00:00,37.650648624822814,38.788431404042456,37.43207648828261,38.43511962890625,417772000.0,NVDA
2023-06-09 04:00:00+00:00,38.961101220453585,39.633790585447805,38.49201760502022,38.69462203979492,427717000.0,NVDA
2023-06-12 04:00:00+00:00,39.123778310934604,39.45313466256055,38.5429092499931,39.40522766113281,388701000.0,NVDA
2023-06-13 04:00:00+00:00,40.107868537313834,41.021090447407424,39.662736532909214,40.94224166870117,613208000.0,NVDA
2023-06-14 04:00:00+00:00,40.74463080916541,42.916398894689806,40.47315646710425,42.91340637207031,740465000.0,NVDA
2023-06-15 04:00:00+00:00,42.51917264005908,43.20483722073351,42.06505544214176,42.570072174072266,568622000.0,NVDA
2023-06-16 04:00:00+00:00,43.36551525859182,43.635988226566326,42.578047952217986,42.60898971557617,655709000.0,NVDA
2023-06-20 04:00:00+00:00,42.91439764756023,43.90446942443079,42.59102630942327,43.72282028198242,451153000.0,NVDA
2023-06-21 04:00:00+00:00,43.416422222584046,43.53020280046162,41.998187390967416,42.961307525634766,551603000.0,NVDA
2023-06-22 04:00:00+00:00,42.170843097037455,43.3415626918256,42.15188284213235,42.94134521484375,417737000.0,NVDA
2023-06-23 04:00:00+00:00,42.381435491620046,42.72576209923424,41.93330719856048,42.126930236816406,358140000.0,NVDA
2023-06-26 04:00:00+00:00,42.37844394803587,42.68085624285854,40.02203424973249,40.553001403808594,594322000.0,NVDA
2023-06-27 04:00:00+00:00,40.71967665079335,41.85845711307234,40.36936115095312,41.79458236694336,462175000.0,NVDA
2023-06-28 04:00:00+00:00,40.58094002022697,41.76363726159132,40.43921783251657,41.037052154541016,582639000.0,NVDA
2023-06-29 04:00:00+00:00,41.47719909021722,41.51911724853508,40.52106150883683,40.74263000488281,380514000.0,NVDA
2023-06-30 04:00:00+00:00,41.59896098123988,42.467268355429134,41.420308161971434,42.219749450683594,501148000.0,NVDA
2023-07-03 04:00:00+00:00,42.43433377598921,42.81459352699216,42.11994759159172,42.330535888671875,198209000.0,NVDA
2023-07-05 04:00:00+00:00,42.053076792694064,43.09305068763653,42.00317476731274,42.23472595214844,323618000.0,NVDA
2023-07-06 04:00:00+00:00,41.76264574505463,42.096993500956245,41.2656128948708,42.021141052246094,303582000.0,NVDA
2023-07-07 04:00:00+00:00,42.239708925322894,43.12997664792233,42.097986731680244,42.42035675048828,355881000.0,NVDA
2023-07-10 04:00:00+00:00,42.57406186731793,42.72776176918797,41.56801853142634,42.09798812866211,353908000.0,NVDA
2023-07-11 04:00:00+00:00,42.398400353937646,42.67486219078261,41.98520766702778,42.322547912597656,298244000.0,NVDA
2023-07-12 04:00:00+00:00,42.94932537767914,43.84957190915323,42.693822639384614,43.81663513183594,481277000.0,NVDA
2023-07-13 04:00:00+00:00,44.43144838419821,46.065262910266576,44.40549795947818,45.887611389160156,478204000.0,NVDA
2023-07-14 04:00:00+00:00,46.492428621249765,47.99450350820883,44.972390985691305,45.38059616088867,772075000.0,NVDA
2023-07-17 04:00:00+00:00,46.19899623861634,46.40559066754623,45.17399273078662,46.37065887451172,510488000.0,NVDA
2023-07-18 04:00:00+00:00,46.6101959109385,47.80287207706954,45.64507706670889,47.40165328979492,569164000.0,NVDA
2023-07-19 04:00:00+00:00,47.37171073363014,47.7250225002053,46.65111448328101,46.9854621887207,427502000.0,NVDA
2023-07-20 04:00:00+00:00,46.41657614955658,46.99545027981004,44.974385975713794,45.431495666503906,537865000.0,NVDA
2023-07-21 04:00:00+00:00,45.698975360580505,45.77682663388391,44.014257511133955,44.22285079956055,963769000.0,NVDA
2023-07-24 04:00:00+00:00,44.644025212328465,45.02129240158318,43.95437069346409,44.5252571105957,382516000.0,NVDA
2023-07-25 04:00:00+00:00,44.85362300335587,46.093204951452925,44.835656447425045,45.590187072753906,348081000.0,NVDA
2023-07-26 04:00:00+00:00,45.93152619996518,45.96346547824142,44.54323172992032,45.36363220214844,364237000.0,NVDA
2023-07-27 04:00:00+00:00,46.42855262404122,47.30284884094631,45.66104681024001,45.81075668334961,455976000.0,NVDA
2023-07-28 04:00:00+00:00,46.57725828817055,46.93556140812505,46.290817578046465,46.65909957885742,331194000.0,NVDA
2023-07-31 04:00:00+00:00,46.66309454574556,47.03836291442901,46.41557565297474,46.63814163208008,251055000.0,NVDA
2023-08-01 04:00:00+00:00,46.369666884333206,46.8088138287661,45.93751010661882,46.41657638549805,237858000.0,NVDA
2023-08-02 04:00:00+00:00,45.74188936339505,45.750870737209425,43.302641133046315,44.182926177978516,530142000.0,NVDA
2023-08-03 04:00:00+00:00,43.714841517541664,45.03027980086514,43.714841517541664,44.42845153808594,324176000.0,NVDA
2023-08-04 04:00:00+00:00,44.89753933286693,45.553259657619556,44.306691262413594,44.59313201904297,362666000.0,NVDA
2023-08-07 04:00:00+00:00,45.02329618186399,45.45146298171195,44.47636125716046,45.32870101928711,322154000.0,NVDA
2023-08-08 04:00:00+00:00,44.76579541158173,45.15403903929904,43.970344091683025,44.57716369628906,353843000.0,NVDA
2023-08-09 04:00:00+00:00,44.18791316298273,44.2258412871121,42.05207472701769,42.47126007080078,586449000.0,NVDA
2023-08-10 04:00:00+00:00,42.07802662294512,43.489278793199354,41.75365777083557,42.30558395385742,492705000.0,NVDA
2023-08-11 04:00:00+00:00,41.66982783575129,41.93631084030742,40.559990255420004,40.775569915771484,533085000.0,NVDA
2023-08-14 04:00:00+00:00,40.40728777661957,43.71484392430669,40.23262877049562,43.66793441772461,690286000.0,NVDA
2023-08-15 04:00:00+00:00,44.473365790467945,45.17998944739272,43.62501611478745,43.85456848144531,676512000.0,NVDA
2023-08-16 04:00:00+00:00,44.43344112151487,44.58813853982079,43.32160482572684,43.401451110839844,527451000.0,NVDA
2023-08-17 04:00:00+00:00,43.88450205046222,43.97632221329704,42.91738449342878,43.25971984863281,452395000.0,NVDA
2023-08-18 04:00:00+00:00,42.55209903416188,43.49326626137414,41.57899634242321,43.21480941772461,583768000.0,NVDA
2023-08-21 04:00:00+00:00,44.407491420923556,46.97349186656967,44.13602090022551,46.87568283081055,692573000.0,NVDA
2023-08-22 04:00:00+00:00,48.041406896438666,48.09330773941367,45.24485683130546,45.57920455932617,755293000.0,NVDA
2023-08-23 04:00:00+00:00,45.77682532419549,47.108231304990525,45.120103708429646,47.02439498901367,779046000.0,NVDA
2023-08-24 04:00:00+00:00,50.118357922243646,50.16825993910355,47.067302847925184,47.071292877197266,1156044000.0,NVDA
2023-08-25 04:00:00+00:00,46.92059855717943,47.71205604609622,44.93646092899701,45.928531646728516,925341000.0,NVDA
2023-08-28 04:00:00+00:00,46.3916241394205,46.88865698143186,44.800725372190506,46.74393844604492,685192000.0,NVDA
2023-08-29 04:00:00+00:00,46.57526237156326,48.98556752704201,46.30079556232575,48.689144134521484,701397000.0,NVDA
2023-08-30 04:00:00+00:00,48.94863943193041,49.82992198159772,48.330843509784565,49.168212890625,735206000.0,NVDA
2023-08-31 04:00:00+00:00,49.283989932424504,49.64728061160453,48.86280955740575,49.259037017822266,528570000.0,NVDA
2023-09-01 04:00:00+00:00,49.66524637506185,49.7031706927899,48.0483934780796,48.41468048095703,463830000.0,NVDA
2023-09-05 04:00:00+00:00,48.129240595849275,48.75602175102256,47.76694740479326,48.453609466552734,382653000.0,NVDA
2023-09-06 04:00:00+00:00,48.350797071158595,48.45859385625443,46.49326248710991,46.973365783691406,468670000.0,NVDA
2023-09-07 04:00:00+00:00,45.440225686097044,46.25770080270002,45.067919183407476,46.15489196777344,433330000.0,NVDA
2023-09-08 04:00:00+00:00,45.856454433608306,46.519215678178135,45.18670244634744,45.48714065551758,473069000.0,NVDA
2023-09-11 04:00:00+00:00,46.06207096484273,46.0770424255395,44.22949106974816,45.09387969970703,473966000.0,NVDA
2023-09-12 04:00:00+00:00,44.6546914479524,45.587951736657104,44.44807617569655,44.78644561767578,349256000.0,NVDA
2023-09-13 04:00:00+00:00,44.516948715229006,45.844473946840324,44.420129217307256,45.40030288696289,398355000.0,NVDA
2023-09-14 04:00:00+00:00,45.8644443208897,45.901374179979044,45.04696901136851,45.496131896972656,370097000.0,NVDA
2023-09-15 04:00:00+00:00,45.25656332752661,45.514082288276775,43.726417212467545,43.8182487487793,506831000.0,NVDA
2023-09-18 04:00:00+00:00,42.668401863830084,44.15961943213608,41.92179358623107,43.884132385253906,500271000.0,NVDA
2023-09-19 04:00:00+00:00,43.751381753727316,43.88413352477652,42.92192782259573,43.43896484375,373064000.0,NVDA
2023-09-20 04:00:00+00:00,43.51881278602881,43.82124998391259,42.14437793528599,42.16034698486328,367108000.0,NVDA
2023-09-21 04:00:00+00:00,41.505572228064345,42.02160786318076,40.903694380315116,40.94062423706055,450736000.0,NVDA
2023-09-22 04:00:00+00:00,41.494589042058344,42.0365810200349,41.154224400495224,41.53252029418945,479236000.0,NVDA
2023-09-25 04:00:00+00:00,41.51354991090628,42.456789851544556,41.100319388968366,42.143375396728516,419091000.0,NVDA
2023-09-26 04:00:00+00:00,41.922794610624216,42.74026989621768,41.57743818407739,41.83296203613281,402282000.0,NVDA
2023-09-27 04:00:00+00:00,42.251172512537835,42.792162986782856,41.55147774107708,42.388912200927734,444935000.0,NVDA
2023-09-28 04:00:00+00:00,42.38093203987961,43.36509601724836,42.036577072071424,43.00876235961914,424663000.0,NVDA
2023-09-29 04:00:00+00:00,43.74538760189782,44.06179864340564,43.22635545841842,43.417999267578125,397830000.0,NVDA
2023-10-02 04:00:00+00:00,43.94800606273331,45.09087429927052,43.779322054087544,44.6986083984375,433298000.0,NVDA
2023-10-03 04:00:00+00:00,44.7245629218231,45.045965740925496,43.16547120468859,43.43596649169922,470850000.0,NVDA
2023-10-04 04:00:00+00:00,43.660548982906214,44.06080325905543,43.21138616245394,43.95899200439453,361821000.0,NVDA
2023-10-05 04:00:00+00:00,43.96797721587723,44.81639678263096,43.80628011216114,44.60478973388672,393483000.0,NVDA
2023-10-06 04:00:00+00:00,44.11070232897844,45.70373084635426,43.94401350767715,45.676780700683594,434436000.0,NVDA
2023-10-09 04:00:00+00:00,44.75850060605626,45.520080342411596,44.28538419676615,45.188697814941406,409675000.0,NVDA
2023-10-10 04:00:00+00:00,45.2256400359949,46.17287062347717,45.004053249316556,45.712730407714844,368582000.0,NVDA
2023-10-11 04:00:00+00:00,46.109976834306515,46.77174426177856,45.96424879463127,46.718841552734375,378137000.0,NVDA
2023-10-12 04:00:00+00:00,46.68989566086201,47.52034710135052,46.24372943331202,46.857582092285156,481325000.0,NVDA
2023-10-13 04:00:00+00:00,46.87255194030723,47.02826348384449,45.195680068516225,45.3763427734375,474115000.0,NVDA
2023-10-16 04:00:00+00:00,44.97908693457242,46.13892190023753,44.82836714020883,46.0091667175293,375099000.0,NVDA
2023-10-17 04:00:00+00:00,43.91807074145932,44.67066838631244,42.40090056802487,43.85618591308594,812333000.0,NVDA
2023-10-18 04:00:00+00:00,42.51168892025405,43.13852165493323,41.74711648202066,42.11742401123047,627294000.0,NVDA
2023-10-19 04:00:00+00:00,42.731286777485096,43.216381906827145,41.8040157217801,42.02260971069336,501233000.0,NVDA
2023-10-20 04:00:00+00:00,41.81199054712487,42.390912280968735,41.00150240429951,41.30992889404297,477266000.0,NVDA
2023-10-23 04:00:00+00:00,41.152230295210934,43.1674718539468,40.86875871685224,42.89497756958008,478530000.0,NVDA
2023-10-24 04:00:00+00:00,42.99678817947999,43.615632642963874,42.61150915403504,43.581695556640625,401463000.0,NVDA
2023-10-25 04:00:00+00:00,43.31718712471628,43.56872058494652,41.477620479123594,41.701202392578125,398379000.0,NVDA
2023-10-26 04:00:00+00:00,41.775064849583806,42.17731428874224,39.80573926150373,40.25090789794922,541001000.0,NVDA
2023-10-27 04:00:00+00:00,41.053411354619094,41.1292700454015,39.94048596248548,40.424583435058594,416784000.0,NVDA
2023-10-30 04:00:00+00:00,41.01050230769855,41.688235129446234,40.405627810870904,41.0843620300293,388028000.0,NVDA
2023-10-31 04:00:00+00:00,40.37467609597359,40.80287807912132,39.15694672159714,40.70405960083008,517969000.0,NVDA
2023-11-01 04:00:00+00:00,40.80787414060049,42.30208841819016,40.79290267934758,42.246192932128906,437593000.0,NVDA
2023-11-02 04:00:00+00:00,43.24731024822228,43.802274576848916,42.81412036631429,43.42498016357422,409172000.0,NVDA
2023-11-03 04:00:00+00:00,43.93802957100558,45.22462694220357,43.64158173973637,44.92119598388672,424610000.0,NVDA
2023-11-06 05:00:00+00:00,45.200677734191665,45.849468936509936,44.815394894536624,45.665809631347656,400733000.0,NVDA
2023-11-07 05:00:00+00:00,45.63386992886557,46.13193749816825,45.073913725971586,45.86943054199219,343165000.0,NVDA
2023-11-08 05:00:00+00:00,46.01416154146456,46.77973551029514,45.88240735230462,46.487281799316406,346719000.0,NVDA
2023-11-09 05:00:00+00:00,47.3786111235174,48.14019083451283,46.662947187934414,46.86257553100586,540496000.0,NVDA
2023-11-10 05:00:00+00:00,47.411554622346145,48.38174487246118,47.19495962235481,48.244998931884766,421245000.0,NVDA
2023-11-13 05:00:00+00:00,48.230024106474055,49.02454332437156,48.00943495548385,48.52946472167969,384136000.0,NVDA
2023-11-14 05:00:00+00:00,49.58749116388393,49.74120373030796,48.948683517262864,49.563533782958984,416954000.0,NVDA
2023-11-15 05:00:00+00:00,49.8420139297863,49.86696509098912,48.11024418489581,48.79696273803711,475497000.0,NVDA
2023-11-16 05:00:00+00:00,48.588356005845505,49.432781344923285,48.240006851203624,49.38786315917969,339756000.0,NVDA
2023-11-17 05:00:00+00:00,49.43178055903223,49.62442196935827,48.915744960766254,49.20620346069336,325205000.0,NVDA
2023-11-20 05:00:00+00:00,49.22017104732575,50.45386941850944,49.08941447880991,50.315128326416016,414120000.0,NVDA
2023-11-21 05:00:00+00:00,50.03265822480747,50.42292897370047,49.130342262240724,49.85099792480469,565747000.0,NVDA
2023-11-22 05:00:00+00:00,49.7591723537565,50.2412708632355,47.6011956303171,48.62528610229492,899420000.0,NVDA
2023-11-24 05:00:00+00:00,48.37974638442562,48.829906801279186,47.656094105123046,47.68703842163086,294645000.0,NVDA
2023-11-27 05:00:00+00:00,47.71098998988454,48.4396301867081,47.5632667713432,48.15216827392578,395662000.0,NVDA
2023-11-28 05:00:00+00:00,48.14617697047183,48.233016759843025,47.38459731024166,47.73194885253906,401491000.0,NVDA
2023-11-29 05:00:00+00:00,48.288911166313994,48.67119737228817,47.77087663297862,48.05035400390625,382005000.0,NVDA
2023-11-30 05:00:00+00:00,47.934577593167546,48.02041980667685,46.33556313621097,46.68291473388672,526247000.0,NVDA
2023-12-01 05:00:00+00:00,46.43837031596677,47.11211268040661,46.10099843511436,46.677921295166016,369317000.0,NVDA
2023-12-04 05:00:00+00:00,45.99119649745045,45.99119649745045,44.92618209165027,45.42525100708008,437543000.0,NVDA
2023-12-05 05:00:00+00:00,45.38533254496545,46.517319443047896,45.19067882409736,46.48338317871094,371718000.0,NVDA
2023-12-06 05:00:00+00:00,47.13122440124437,47.30292009715476,45.331422145943435,45.42226028442383,380590000.0,NVDA
2023-12-07 05:00:00+00:00,45.618910872891085,46.54626331215597,45.52308054469381,46.51332092285156,350823000.0,NVDA
2023-12-08 05:00:00+00:00,46.5123243077979,47.65629078492983,46.467402174460815,47.42170715332031,359224000.0,NVDA
2023-12-11 05:00:00+00:00,47.40673880790064,47.446664942684954,45.74868658721169,46.54426956176758,509728000.0,NVDA
2023-12-12 05:00:00+00:00,45.96429952454466,47.58142400474077,45.96429952454466,47.57244110107422,372387000.0,NVDA
2023-12-13 05:00:00+00:00,47.544488916025955,48.50777677637629,47.52352626972847,48.0026741027832,447792000.0,NVDA
2023-12-14 05:00:00+00:00,48.30414350597482,48.58364549785844,47.33786247122784,48.26421356201172,391232000.0,NVDA
2023-12-15 05:00:00+00:00,48.10848518903452,49.31633726064535,48.034615184125286,48.80324935913086,479948000.0,NVDA
2023-12-18 05:00:00+00:00,49.312347036005846,50.34351123549537,49.06279063158867,49.98814392089844,412587000.0,NVDA
2023-12-19 05:00:00+00:00,49.33630646675969,49.61181773302037,48.80824574504592,49.515987396240234,464444000.0,NVDA
2023-12-20 05:00:00+00:00,49.5668939044448,49.91028529819524,48.012657344636494,48.025634765625,397894000.0,NVDA
2023-12-21 05:00:00+00:00,48.724392927903814,49.007889407965415,48.333086371904265,48.903076171875,300425000.0,NVDA
2023-12-22 05:00:00+00:00,49.107712672335644,49.29537882848635,48.38100372795406,48.74336242675781,252507000.0,NVDA
2023-12-26 05:00:00+00:00,48.881117433977685,49.51199608268566,48.87313220671744,49.191566467285156,244200000.0,NVDA
2023-12-27 05:00:00+00:00,49.42315398247824,49.59185284551433,48.997907338293054,49.32931900024414,233648000.0,NVDA
2023-12-28 05:00:00+00:00,49.554922947314495,49.795492674643874,49.324329994165225,49.43413543701172,246587000.0,NVDA
2023-12-29 05:00:00+00:00,49.724619498674286,49.908294957673476,48.664503467597335,49.43413543701172,389293000.0,NVDA
2024-01-02 05:00:00+00:00,49.15661805673898,49.20752624943747,47.51054587491967,48.08252716064453,411254000.0,NVDA
2024-01-03 05:00:00+00:00,47.40074185532866,48.098499031561545,47.23603372218609,47.48459243774414,320896000.0,NVDA
2024-01-04 05:00:00+00:00,47.68224504410837,48.413946184142475,47.42370571637504,47.912837982177734,306535000.0,NVDA
2024-01-05 05:00:00+00:00,48.37601604637922,49.459090025386296,48.22029079492016,49.0098876953125,415039000.0,NVDA
2024-01-08 05:00:00+00:00,49.424155596522276,52.18225389964643,49.39121320158821,52.1602897644043,642510000.0,NVDA
2024-01-09 05:00:00+00:00,52.30802433098523,54.22861030764682,51.59828353362604,53.045711517333984,773100000.0,NVDA
2024-01-10 05:00:00+00:00,53.52086794542818,54.50311934146144,53.39409057576156,54.253562927246094,533796000.0,NVDA
2024-01-11 05:00:00+00:00,54.9014155282273,55.247799966123495,53.46496957614301,54.724727630615234,596759000.0,NVDA
2024-01-12 05:00:00+00:00,54.52308221048439,54.872463461679565,54.23359967517569,54.61292266845703,352994000.0,NVDA
2024-01-16 05:00:00+00:00,54.92038130782368,56.73415487746208,54.80259064863885,56.281959533691406,449580000.0,NVDA
2024-01-17 05:00:00+00:00,56.247029352235366,56.37080989994834,54.64288204305218,55.95355224609375,474394000.0,NVDA
2024-01-18 05:00:00+00:00,57.15840086229008,57.497797746406825,56.00744677307047,57.005672454833984,491650000.0,NVDA
2024-01-19 05:00:00+00:00,57.88610696898355,59.394427545023596,57.12346261571884,59.38544464111328,543501000.0,NVDA
2024-01-22 05:00:00+00:00,59.942448676756726,60.223949787892636,58.9651857256467,59.54814910888672,452955000.0,NVDA
2024-01-23 05:00:00+00:00,59.46430941121268,59.803706328736965,58.481056408623395,59.76677322387695,294654000.0,NVDA
2024-01-24 05:00:00+00:00,60.19700279855746,62.73748534909312,59.831651069260054,61.25312423706055,560271000.0,NVDA
2024-01-25 05:00:00+00:00,62.239368666397,62.607717226695215,60.742030169454694,61.50767135620117,482777000.0,NVDA
2024-01-26 05:00:00+00:00,60.85183724757184,61.67337885004867,60.465526677085045,60.92271041870117,390309000.0,NVDA
2024-01-29 05:00:00+00:00,61.12335395532468,62.37812361839996,60.79893365210522,62.35416793823242,348733000.0,NVDA
2024-01-30 05:00:00+00:00,62.788396424260334,63.38034275629544,62.14952879417416,62.66261672973633,410735000.0,NVDA
2024-01-31 05:00:00+00:00,61.330983989988475,62.15851544921119,60.59229912426738,61.41783142089844,453795000.0,NVDA
2024-02-01 05:00:00+00:00,61.98981538927627,63.07888305643791,61.54061686379006,62.9151725769043,369146000.0,NVDA
2024-02-02 05:00:00+00:00,63.86048434942647,66.48182425910672,63.57698787949549,66.04261016845703,476578000.0,NVDA
2024-02-05 05:00:00+00:00,68.10393877262449,69.37368488045085,67.085752030502,69.20897674560547,680078000.0,NVDA
2024-02-06 05:00:00+00:00,69.50644505901005,69.63022558045657,66.18235963384292,68.10194396972656,683111000.0,NVDA
2024-02-07 05:00:00+00:00,68.19777661316522,70.09540449820057,67.48005062301553,69.97461700439453,495575000.0,NVDA
2024-02-08 05:00:00+00:00,69.94966354395652,70.66838724943909,69.33176617612584,69.5174331665039,414422000.0,NVDA
2024-02-09 05:00:00+00:00,70.40786779391557,72.05693748338919,70.08743811818825,72.00503540039062,436637000.0,NVDA
2024-02-12 05:00:00+00:00,72.4711925074671,74.4786262016981,71.12358918296164,72.11981964111328,613710000.0,NVDA
2024-02-13 05:00:00+00:00,70.27510691021548,73.31969142351917,69.49649190429426,72.00003814697266,602580000.0,NVDA
2024-02-14 05:00:00+00:00,73.0721307009838,74.10429279758857,71.81037331243682,73.76889038085938,504917000.0,NVDA
2024-02-15 05:00:00+00:00,73.73793302512789,73.8437401296513,72.27153779440317,72.5290756225586,420122000.0,NVDA
2024-02-16 05:00:00+00:00,73.96851471281462,74.2699807907232,72.37235296886776,72.4841537475586,495327000.0,NVDA
2024-02-20 05:00:00+00:00,71.81934960299229,71.82833631589585,67.61382690331146,69.32878112792969,704833000.0,NVDA
2024-02-21 05:00:00+00:00,67.88533642606332,68.76577530674938,66.13045996080022,67.35228729248047,673755000.0,NVDA
2024-02-22 05:00:00+00:00,74.8918837924214,78.43558041658676,74.08831180865685,78.39865112304688,865100000.0,NVDA
2024-02-23 05:00:00+00:00,80.64665337566204,82.24780364536768,77.4323654765101,78.67715454101562,829388000.0,NVDA
2024-02-26 05:00:00+00:00,79.5585907729136,80.50291911362528,78.36571128314377,78.95167541503906,503973000.0,NVDA
2024-02-27 05:00:00+00:00,79.24014166205446,79.33897263573371,77.02508494380959,78.56134796142578,391705000.0,NVDA
2024-02-28 05:00:00+00:00,77.48227691873889,78.7929431019633,76.98815248522881,77.52519989013672,393110000.0,NVDA
2024-02-29 05:00:00+00:00,78.95366047452625,79.84806674793919,78.21097730890395,78.97162628173828,507289000.0,NVDA
2024-03-01 05:00:00+00:00,79.85805518730493,82.15397732028299,79.29405523547015,82.13301086425781,479135000.0,NVDA
2024-03-04 05:00:00+00:00,83.98072393894745,87.53940093463996,83.57045769196934,85.08576202392578,615616000.0,NVDA
2024-03-05 05:00:00+00:00,85.12269695886387,85.94827183043155,83.27290109267872,85.81549835205078,520639000.0,NVDA
2024-03-06 05:00:00+00:00,87.8699456446009,89.56900130568565,86.87965493223747,88.54676818847656,582520000.0,NVDA
2024-03-07 05:00:00+00:00,90.00225477502153,92.60674904676837,89.44721547430589,92.50891876220703,608119000.0,NVDA
2024-03-08 05:00:00+00:00,94.97365533037919,97.23174889760968,86.35656281212522,87.37680053710938,1142269000.0,NVDA
2024-03-11 04:00:00+00:00,86.27968352904108,88.64358872381372,84.02059266805003,85.62581634521484,678364000.0,NVDA
2024-03-12 04:00:00+00:00,87.8969031445505,91.80114256968415,86.0011815049168,91.75422668457031,668075000.0,NVDA
2024-03-13 04:00:00+00:00,90.89769886633881,91.34592070136199,88.28222228746216,90.73098754882812,635713000.0,NVDA
2024-03-14 04:00:00+00:00,89.42225831640668,90.48941185201531,86.45039611721776,87.79207611083984,602318000.0,NVDA
2024-03-15 04:00:00+00:00,86.77983369344113,89.39131202190967,86.10799973550625,87.68526458740234,642086000.0,NVDA
2024-03-18 04:00:00+00:00,90.2318598178106,92.24537384693531,86.93456418081807,88.30220031738281,668976000.0,NVDA
2024-03-19 04:00:00+00:00,86.55022352343148,90.38758481674583,84.86314816147532,89.24356842041016,672171000.0,NVDA
2024-03-20 04:00:00+00:00,89.64187768825083,90.25382534481801,88.07059918494765,90.21588897705078,479063000.0,NVDA
2024-03-21 04:00:00+00:00,92.14054972284487,92.48794810720764,90.24881917443113,91.27703857421875,480372000.0,NVDA
2024-03-22 04:00:00+00:00,90.983542177901,94.61425987373234,90.67707334814835,94.12610626220703,586719000.0,NVDA
2024-03-25 04:00:00+00:00,93.77871885813295,96.59883562555477,93.34846365413705,94.83788299560547,552136000.0,NVDA
2024-03-26 04:00:00+00:00,95.68541767838448,96.20851455285562,92.34220396856466,92.4011001586914,513648000.0,NVDA
2024-03-27 04:00:00+00:00,92.95115660792449,93.07893385392306,88.96904884364167,90.09410095214844,586067000.0,NVDA
2024-03-28 04:00:00+00:00,89.8445252112995,91.1422825108375,89.03892009399118,90.19991302490234,435212000.0,NVDA
2024-04-01 04:00:00+00:00,90.14301673764523,92.06568455405531,89.0499070749777,90.20690155029297,452441000.0,NVDA
2024-04-02 04:00:00+00:00,88.29520668047454,89.93836697964663,87.46864171818919,89.29747772216797,433064000.0,NVDA
2024-04-03 04:00:00+00:00,88.33115142365672,90.21788597554938,88.24729689318218,88.81031799316406,370067000.0,NVDA
2024-04-04 04:00:00+00:00,90.24981545155312,90.47742601324012,85.73163346290652,85.756591796875,434965000.0,NVDA
2024-04-05 04:00:00+00:00,86.71593914747515,88.32815477151372,85.77756814573236,87.85597229003906,399678000.0,NVDA
2024-04-08 04:00:00+00:00,88.54676191015398,88.67654220104028,86.58216705957724,86.98247528076172,283220000.0,NVDA
2024-04-09 04:00:00+00:00,87.29094090122678,87.4836082761363,82.87857850073121,85.20654296875,501700000.0,NVDA
2024-04-10 04:00:00+00:00,83.78102746556362,87.24902545092569,83.56439945092491,86.8886489868164,431929000.0,NVDA
2024-04-11 04:00:00+00:00,87.2689793680449,90.58224601063488,86.77583708331596,90.45945739746094,431637000.0,NVDA
2024-04-12 04:00:00+00:00,89.54405551793229,90.0192388417283,87.37880342967303,88.0336685180664,426805000.0,NVDA
2024-04-15 04:00:00+00:00,88.94407438415881,90.45645646962656,85.78055040974887,85.85242462158203,443077000.0,NVDA
2024-04-16 04:00:00+00:00,86.28367890740496,87.96576550123054,85.91532070970885,87.26398468017578,370453000.0,NVDA
2024-04-17 04:00:00+00:00,88.18738725935935,88.62164096734257,83.80497167986917,83.88983154296875,495400000.0,NVDA
2024-04-18 04:00:00+00:00,84.82321393436638,86.0411075798554,82.25964941091485,84.52472686767578,447260000.0,NVDA
2024-04-19 04:00:00+00:00,83.00637428065669,84.17834237736079,75.47540651529913,76.06837463378906,875198000.0,NVDA
2024-04-22 04:00:00+00:00,77.96907171420484,79.93467203595871,76.26802061217705,79.38063049316406,596341000.0,NVDA
2024-04-23 04:00:00+00:00,80.6294820720588,82.62602740194592,80.12535711810007,82.28062438964844,438559000.0,NVDA
2024-04-24 04:00:00+00:00,83.80497344877082,83.93674919660243,79.0462101404743,79.53936004638672,512208000.0,NVDA
2024-04-25 04:00:00+00:00,78.73175253009703,83.1790583894206,78.08787011237102,82.4892578125,424641000.0,NVDA
2024-04-26 04:00:00+00:00,83.67321658546781,88.17842147858853,83.2429613231266,87.58345031738281,551011000.0,NVDA
2024-04-29 04:00:00+00:00,87.44367738781547,87.83998710672722,85.11869845127212,87.60540008544922,388971000.0,NVDA
2024-04-30 04:00:00+00:00,87.08929643239856,88.66557118869024,86.15092540038592,86.25274658203125,363709000.0,NVDA
2024-05-01 04:00:00+00:00,84.93001509196907,85.85141694267458,81.11461218464028,82.89752960205078,559863000.0,NVDA
2024-05-02 04:00:00+00:00,84.30311392551386,86.08802721004574,83.05627099401435,85.66875457763672,377898000.0,NVDA
2024-05-03 04:00:00+00:00,87.63734759857738,89.12676696706856,86.88964093377092,88.6356201171875,398341000.0,NVDA
2024-05-06 04:00:00+00:00,89.23558536447402,92.06069859527176,88.90116496394158,91.9808349609375,376203000.0,NVDA
2024-05-07 04:00:00+00:00,90.94063437830519,91.62245320483287,88.8572415302883,90.39757537841797,437342000.0,NVDA
2024-05-08 04:00:00+00:00,89.3284100650337,91.03645266362885,89.26551537048084,90.25580596923828,325721000.0,NVDA
2024-05-09 04:00:00+00:00,90.37260819958134,90.91466942223298,88.07858152551931,88.59368896484375,378013000.0,NVDA
2024-05-10 04:00:00+00:00,90.14900450939767,91.24311191356409,89.07286375704587,89.72274017333984,335325000.0,NVDA
2024-05-13 04:00:00+00:00,90.32169428450598,90.84080023922876,88.37606371894472,90.24283599853516,289680000.0,NVDA
2024-05-14 04:00:00+00:00,89.44422015487879,91.49267735254841,88.78036800318161,91.19818878173828,296507000.0,NVDA
2024-05-15 04:00:00+00:00,92.31226052004403,94.69813133508781,91.44076747625896,94.4665298461914,417735000.0,NVDA
2024-05-16 04:00:00+00:00,94.74605748352667,95.65348387790415,93.94044465961885,94.19600677490234,323952000.0,NVDA
2024-05-17 04:00:00+00:00,94.20597874528181,94.57633241179128,91.64740285082287,92.3192367553711,359691000.0,NVDA
2024-05-20 04:00:00+00:00,93.58806000142961,95.0355522829654,93.27859792021394,94.61627960205078,318764000.0,NVDA
2024-05-21 04:00:00+00:00,93.43731390021196,95.23520530836203,93.01903897023965,95.22122955322266,328946000.0,NVDA
2024-05-22 04:00:00+00:00,95.29408831779949,95.85411617010452,93.0879071432018,94.78596496582031,548648000.0,NVDA
2024-05-23 04:00:00+00:00,101.85175314144693,106.1363388077003,101.34462744914427,103.61969757080078,835065000.0,NVDA
2024-05-24 04:00:00+00:00,104.26855020743297,106.29105104139217,102.82205601462691,106.28506469726562,429494000.0,NVDA
2024-05-28 04:00:00+00:00,110.05355122917427,114.74044007562202,109.69317481392171,113.70423126220703,652728000.0,NVDA
2024-05-29 04:00:00+00:00,112.85469764744549,115.29247256775368,110.70940819239908,114.62662506103516,557442000.0,NVDA
2024-05-30 04:00:00+00:00,114.45193707992216,115.61891628592592,109.47355289556607,110.3091049194336,484553000.0,NVDA
2024-05-31 04:00:00+00:00,112.32561724375552,112.52228313915187,106.75526253688238,109.44361114501953,613263000.0,NVDA
2024-06-03 04:00:00+00:00,113.42472260342709,114.80133819580078,111.80951385006522,114.80133819580078,438392000.0,NVDA
2024-06-04 04:00:00+00:00,115.51609997186799,116.39856789561996,113.84798144289938,116.23584747314453,403324000.0,NVDA
2024-06-05 04:00:00+00:00,118.16651413530396,122.2374646244509,117.26507420610801,122.22848510742188,528402000.0,NVDA
2024-06-06 04:00:00+00:00,123.83370517037008,125.3700480295792,118.11560338652608,120.78897857666016,664696000.0,NVDA
2024-06-07 04:00:00+00:00,119.56309618694148,121.48178065904402,117.81812234412239,120.67916870117188,412386000.0,NVDA
2024-06-10 04:00:00+00:00,120.16206002224595,122.88733960177423,116.80786391189227,121.57960510253906,313434100.0,NVDA
2024-06-11 04:00:00+00:00,121.56962984389475,122.66782593913159,118.54461678500223,120.71105194091797,222551200.0,NVDA
2024-06-12 04:00:00+00:00,122.85750238613136,126.6712162731191,122.36831081363356,124.99398040771484,299595000.0,NVDA
2024-06-13 04:00:00+00:00,129.17707407207072,129.58640302855855,126.95074804505506,129.39671325683594,260704500.0,NVDA
2024-06-14 04:00:00+00:00,129.7461405645556,132.62139078984768,128.1088400079036,131.66297912597656,309320400.0,NVDA
2024-06-17 04:00:00+00:00,132.77118307637525,133.5099557271365,129.3667902512595,130.7644805908203,288504400.0,NVDA
2024-06-18 04:00:00+00:00,130.92419196066484,136.10565359767494,130.47493553922533,135.3568878173828,294335100.0,NVDA
2024-06-20 04:00:00+00:00,139.56994988249141,140.52836158741297,129.30686774302006,130.56478881835938,517768400.0,NVDA
2024-06-21 04:00:00+00:00,126.91083052082259,130.4150570517715,124.09547105255645,126.36173248291016,649445800.0,NVDA
2024-06-24 04:00:00+00:00,123.0371892837608,124.25518282254679,117.84574965469585,117.91563415527344,476060900.0,NVDA
2024-06-25 04:00:00+00:00,121.00056206941291,126.29184395373642,119.1236583558784,125.88251495361328,414192600.0,NVDA
2024-06-26 04:00:00+00:00,125.92244138152637,127.9091645624237,122.39825146602374,126.19200134277344,362975900.0,NVDA
2024-06-27 04:00:00+00:00,123.89580747213047,126.2020118359468,122.71774870964305,123.7859878540039,252571700.0,NVDA
2024-06-28 04:00:00+00:00,124.37501298465715,127.49986001719877,122.54802231076043,123.33672332763672,315516700.0,NVDA
2024-07-01 04:00:00+00:00,123.26683055595603,124.63457133754859,118.63446631453066,124.09546661376953,284885500.0,NVDA
2024-07-02 04:00:00+00:00,120.93066533405532,123.20691975674896,120.83083141775005,122.46813201904297,218374000.0,NVDA
2024-07-03 04:00:00+00:00,121.45980705227005,128.06890869140625,121.16029766804549,128.06890869140625,215749000.0,NVDA
2024-07-05 04:00:00+00:00,127.17039258704797,128.63798252741702,125.47319299554034,125.6229476928711,214176700.0,NVDA
2024-07-08 04:00:00+00:00,127.28019823232947,130.55480700867955,126.83094180644568,127.98902893066406,237677300.0,NVDA
2024-07-09 04:00:00+00:00,130.1355144487565,133.59980576329167,128.43829962119838,131.163818359375,285366600.0,NVDA
2024-07-10 04:00:00+00:00,133.8094467425138,134.87769332438475,132.20209545632153,134.68800354003906,248978600.0,NVDA
2024-07-11 04:00:00+00:00,135.52661932549566,135.92595502009132,126.84093848175796,127.19036102294922,374782700.0,NVDA
2024-07-12 04:00:00+00:00,128.04894535138322,131.70292655352904,127.01066335258953,129.02734375,252680500.0,NVDA
2024-07-15 04:00:00+00:00,130.34517510581753,131.17381125800816,126.97073927484084,128.22866821289062,208326200.0,NVDA
2024-07-16 04:00:00+00:00,128.22865593379024,128.82765950066548,124.37500690887067,126.1520767211914,214769500.0,NVDA
2024-07-17 04:00:00+00:00,121.15030890615485,121.64948612259293,116.52793062400055,117.79583740234375,390086200.0,NVDA
2024-07-18 04:00:00+00:00,121.64948329559192,122.19858126764932,116.36818755438776,120.89073181152344,320979500.0,NVDA
2024-07-19 04:00:00+00:00,120.15196272062997,121.39990584738524,117.176870571876,117.73594665527344,217223800.0,NVDA
2024-07-22 04:00:00+00:00,120.15196984200875,123.86585002604772,119.66277824004172,123.33672332763672,258068900.0,NVDA
2024-07-23 04:00:00+00:00,122.57796493987696,124.48482570104972,121.89908357161131,122.38827514648438,173911000.0,NVDA
2024-07-24 04:00:00+00:00,118.9739065074374,119.75262181556741,113.25333936427286,114.06200408935547,327776900.0,NVDA
2024-07-25 04:00:00+00:00,112.85399693651604,116.43808604158575,106.12508953993542,112.09524536132812,460067000.0,NVDA
2024-07-26 04:00:00+00:00,115.998801321254,116.00877938122822,111.39638688236367,112.87394714355469,293399100.0,NVDA
2024-07-29 04:00:00+00:00,113.50292255867154,116.08865698961546,111.1168559757427,111.4063720703125,248152100.0,NVDA
2024-07-30 04:00:00+00:00,111.33648541055072,111.80571322284378,102.37126667488353,103.55931091308594,486833300.0,NVDA
2024-07-31 04:00:00+00:00,112.71422275560462,118.14526596856572,110.6975424326974,116.82743835449219,473174200.0,NVDA
2024-08-01 04:00:00+00:00,117.33660563582859,119.9622829008677,106.63424395188704,109.0302963256836,523462300.0,NVDA
2024-08-02 04:00:00+00:00,103.58925680976456,108.54109382170915,101.20319035397925,107.09347534179688,482027500.0,NVDA
2024-08-05 04:00:00+00:00,91.90851250035082,103.239842127859,90.5407717150732,100.28470611572266,552842400.0,NVDA
2024-08-06 04:00:00+00:00,103.6691316762756,107.5327664843651,100.38455194570304,104.07846069335938,409012100.0,NVDA
2024-08-07 04:00:00+00:00,107.63260292939728,108.62097943024764,98.52761419555756,98.74725341796875,411440400.0,NVDA
2024-08-08 04:00:00+00:00,101.83216509669424,105.32640605589452,97.3595333175079,104.79727935791016,391910000.0,NVDA
2024-08-09 04:00:00+00:00,105.46616394434741,106.42458330646772,103.25980151433504,104.57762908935547,290844200.0,NVDA
2024-08-12 04:00:00+00:00,106.14504508504662,110.88722873441804,106.08514625528547,108.8405990600586,325559900.0,NVDA
2024-08-13 04:00:00+00:00,112.25497470709487,116.03873891622582,111.39638928672005,115.94888305664062,312646700.0,NVDA
2024-08-14 04:00:00+00:00,118.33496818813165,118.40485270467185,113.88230763624145,117.88571166992188,339246400.0,NVDA
2024-08-15 04:00:00+00:00,118.56457753138926,123.03720123653866,117.27669936691132,122.65782928466797,318086700.0,NVDA
2024-08-16 04:00:00+00:00,121.73934484458584,124.79430704362497,120.98059332504539,124.375,302589900.0,NVDA
2024-08-19 04:00:00+00:00,124.07552716265289,129.78611755371094,123.21694146795019,129.78611755371094,318333600.0,NVDA
2024-08-20 04:00:00+00:00,128.18872055728244,129.66629628755138,125.6828560733908,127.04061889648438,300087400.0,NVDA
2024-08-21 04:00:00+00:00,127.11048517418402,129.13715105648026,126.45157521398528,128.28854370117188,257883600.0,NVDA
2024-08-22 04:00:00+00:00,129.80605728559254,130.5348518103843,122.89743830728821,123.53638458251953,376189100.0,NVDA
2024-08-23 04:00:00+00:00,125.65288601497598,129.38673697357257,125.01393980516215,129.1571044921875,323230300.0,NVDA
2024-08-26 04:00:00+00:00,129.35679802537265,131.04400430992783,124.16535012958609,126.25190734863281,331964700.0,NVDA
2024-08-27 04:00:00+00:00,124.84423039602758,128.98739538212007,123.6761498691349,128.08888244628906,303134600.0,NVDA
2024-08-28 04:00:00+00:00,127.90917706049713,128.118838213882,122.43819852070378,125.40331268310547,448101100.0,NVDA
2024-08-29 04:00:00+00:00,121.16030028839229,124.22524823697073,116.51795043355128,117.39649963378906,453023300.0,NVDA
2024-08-30 04:00:00+00:00,119.33331674975315,121.54966504357485,117.02712020356385,119.173583984375,333751600.0,NVDA
2024-09-03 04:00:00+00:00,115.8191103772934,116.01877823521122,107.1134577156826,107.8222885131836,477155100.0,NVDA
2024-09-04 04:00:00+00:00,105.23656107081584,113.08362114689852,103.94868273468121,106.03524017333984,372470300.0,NVDA
2024-09-05 04:00:00+00:00,104.817243866478,109.4695798052194,104.58762658147727,107.0335922241211,306850700.0,NVDA
2024-09-06 04:00:00+00:00,107.86222325429438,107.97204286084109,100.78388574677186,102.66079711914062,413638100.0,NVDA
2024-09-09 04:00:00+00:00,104.7074122640328,106.37466998895037,103.5193756446925,106.2947998046875,273912000.0,NVDA
2024-09-10 04:00:00+00:00,107.63258781478571,109.21997530676359,104.77729355808466,107.92211151123047,268283700.0,NVDA
2024-09-11 04:00:00+00:00,109.20999835891277,116.99716652085532,107.24323877137772,116.7176284790039,441422400.0,NVDA
2024-09-12 04:00:00+00:00,116.6577172050991,120.60155948017247,115.19999582839206,118.95413208007812,366052700.0,NVDA
2024-09-13 04:00:00+00:00,118.89421149690212,119.77283576592933,117.41651726252482,118.91417694091797,238358300.0,NVDA
2024-09-16 04:00:00+00:00,116.60778773961486,117.9956184829638,114.18157866716109,116.5978012084961,248772300.0,NVDA
2024-09-17 04:00:00+00:00,117.98564481894722,118.61466685067687,114.65085910577872,115.40966796875,231925900.0,NVDA
2024-09-18 04:00:00+00:00,115.70919560695407,117.51636932909096,113.04336298957726,113.19313049316406,310318900.0,NVDA
2024-09-19 04:00:00+00:00,117.16691085083309,119.47331200503227,117.0670683927597,117.68610382080078,293506400.0,NVDA
2024-09-20 04:00:00+00:00,116.87736694059126,118.43493829364436,115.2099742116256,115.81902313232422,382462400.0,NVDA
2024-09-23 04:00:00+00:00,116.36817703420066,116.80748542405605,114.68081111279044,116.07862854003906,206228500.0,NVDA
2024-09-24 04:00:00+00:00,116.33820757520982,121.60997636399935,115.19998675947464,120.68142700195312,354966800.0,NVDA
2024-09-25 04:00:00+00:00,121.82963321276459,124.74508350925583,121.42027681497308,123.31731414794922,284692900.0,NVDA
2024-09-26 04:00:00+00:00,126.60217747362803,127.47081527785902,121.6099781665842,123.84648132324219,302582900.0,NVDA
2024-09-27 04:00:00+00:00,123.77659196922,123.83649592385486,119.07394109309165,121.21060180664062,271009200.0,NVDA
2024-09-30 04:00:00+00:00,118.12541998168962,121.31044564232414,117.96567356169257,121.25054168701172,226553700.0,NVDA
2024-10-01 04:00:00+00:00,121.58002164337385,122.24898215671047,115.60935538711523,116.81746673583984,302094500.0,NVDA
2024-10-02 04:00:00+00:00,116.25834508658102,119.19375323018366,114.96037016184738,118.66458129882812,221845900.0,NVDA
2024-10-03 04:00:00+00:00,120.73135113827638,124.16598683922703,120.15225416683853,122.65834045410156,277118000.0,NVDA
2024-10-04 04:00:00+00:00,124.7450859792245,124.84492844767553,121.63993722019764,124.72511291503906,243678100.0,NVDA
2024-10-07 04:00:00+00:00,124.79500006476454,130.43618698242878,124.7550615549546,127.52074432373047,346250200.0,NVDA
2024-10-08 04:00:00+00:00,130.0567614433445,133.27173878303944,129.21807567689768,132.6826629638672,285722500.0,NVDA
2024-10-09 04:00:00+00:00,133.9007832398008,134.31014727855833,131.1750464230449,132.44305419921875,246191600.0,NVDA
2024-10-10 04:00:00+00:00,131.70421594134592,134.7893916948541,130.79563194093248,134.5996856689453,242311300.0,NVDA
2024-10-11 04:00:00+00:00,133.80093033986074,135.5681732923908,133.4514855032485,134.58970642089844,170209500.0,NVDA
2024-10-14 04:00:00+00:00,136.2570891265267,139.3822107684187,136.0873561782587,137.85459899902344,232347700.0,NVDA
2024-10-15 04:00:00+00:00,137.654906403531,138.3538265330219,128.5391603262797,131.3946990966797,377831000.0,NVDA
2024-10-16 04:00:00+00:00,133.7709943416651,136.4068754782255,131.37474430296882,135.50828552246094,264879700.0,NVDA
2024-10-17 04:00:00+00:00,139.12261346955344,140.6701983777905,136.65646567187503,136.71636962890625,306435900.0,NVDA
2024-10-18 04:00:00+00:00,138.45366668655112,138.6833036103306,137.06583575895257,137.7847137451172,176090200.0,NVDA
2024-10-21 04:00:00+00:00,137.91449801128798,143.4857940673828,137.78469595874105,143.4857940673828,264554500.0,NVDA
2024-10-22 04:00:00+00:00,142.68705023422552,144.194689003585,141.55880826832362,143.36598205566406,226311600.0,NVDA
2024-10-23 04:00:00+00:00,141.80841766733155,142.20778753302577,137.24555525009052,139.34226989746094,285930000.0,NVDA
2024-10-24 04:00:00+00:00,140.6003124972593,141.12948441968888,138.2439937495604,140.19094848632812,172354900.0,NVDA
2024-10-25 04:00:00+00:00,140.71013437273555,143.90515439009727,140.5803475394567,141.31918334960938,205122100.0,NVDA
2024-10-28 04:00:00+00:00,142.77690797567064,142.9166889544992,139.83151327072179,140.30078125,173586700.0,NVDA
2024-10-29 04:00:00+00:00,140.0711235834401,142.0380513591214,138.68329276437913,141.02963256835938,157593600.0,NVDA
2024-10-30 04:00:00+00:00,139.32230457284558,140.11108066863528,136.59656776236113,139.12261962890625,179418100.0,NVDA
2024-10-31 04:00:00+00:00,137.38533225522045,137.39531116933003,131.90389188236236,132.55287170410156,270039600.0,NVDA
2024-11-01 04:00:00+00:00,134.4898615442038,137.09579048755296,134.36007470728345,135.1887664794922,207127800.0,NVDA
2024-11-04 05:00:00+00:00,136.9959472521015,138.74321710094807,135.3585064031532,135.83775329589844,187528200.0,NVDA
2024-11-05 05:00:00+00:00,137.23555788662173,140.151000495864,137.11574997671616,139.6917266845703,160537400.0,NVDA
2024-11-06 05:00:00+00:00,142.73696823952852,146.26145970555473,141.73852838547052,145.38282775878906,242043900.0,NVDA
2024-11-07 05:00:00+00:00,146.1616297903136,148.69766066609404,145.9419717733186,148.6477508544922,207323300.0,NVDA
2024-11-08 05:00:00+00:00,148.5378942315628,149.53633403774526,146.03180056765603,147.39967346191406,175665800.0,NVDA
2024-11-11 05:00:00+00:00,148.44803352101476,148.6177817068004,143.3460203778287,145.0333709716797,182325600.0,NVDA
2024-11-12 05:00:00+00:00,146.55098572515575,149.41650294104454,145.78218284955818,148.05862426757812,198634700.0,NVDA
2024-11-13 05:00:00+00:00,148.83742831045777,149.0970171738845,145.67236073742527,146.0417938232422,191903300.0,NVDA
2024-11-14 05:00:00+00:00,147.40968372724925,148.76756276185756,145.32294774490563,146.5310516357422,194463300.0,NVDA
2024-11-15 05:00:00+00:00,144.6439744081883,145.0134075079149,139.86145428913719,141.75848388671875,250132900.0,NVDA
2024-11-18 05:00:00+00:00,139.28235565663965,141.32916034590224,136.93601597273187,139.93133544921875,221205300.0,NVDA
2024-11-19 05:00:00+00:00,141.09954425974988,146.90047806374457,140.77005724054902,146.78065490722656,227834900.0,NVDA
2024-11-20 05:00:00+00:00,147.18003223590216,147.32979212988033,142.50732548898966,145.6623992919922,309871700.0,NVDA
2024-11-21 05:00:00+00:00,149.11701974284432,152.65149063112756,140.4805046221909,146.44119262695312,400946600.0,NVDA
2024-11-22 05:00:00+00:00,145.70233282975542,146.93042492260167,140.8798813363258,141.72854614257812,236406200.0,NVDA
2024-11-25 05:00:00+00:00,141.76848775116036,141.82839170792872,135.60811535874635,135.80780029296875,344941900.0,NVDA
2024-11-26 05:00:00+00:00,137.48518763604767,139.08269776121745,135.45835561529256,136.70640563964844,190287700.0,NVDA
2024-11-27 05:00:00+00:00,134.7993582371888,137.00591700209634,131.59437486042492,135.12884521484375,226370900.0,NVDA
2024-11-29 05:00:00+00:00,136.56662423239774,139.13262238748922,135.837767286179,138.03433227539062,141863200.0,NVDA
2024-12-02 05:00:00+00:00,138.6134117376161,140.23087948399635,137.60499293345052,138.41372680664062,171682800.0,NVDA
2024-12-03 05:00:00+00:00,138.04430354930304,140.32074544201365,137.73478959893222,140.0411834716797,164414000.0,NVDA
2024-12-04 05:00:00+00:00,141.77847337465352,145.56255409442886,140.07113435104438,144.91357421875,231224300.0,NVDA
2024-12-05 05:00:00+00:00,144.89361745373108,146.3214777724878,143.7353435501018,144.84368896484375,172621200.0,NVDA
2024-12-06 05:00:00+00:00,144.38436733563313,145.4827177885172,141.09926510716357,142.2275848388672,188505600.0,NVDA
2024-12-09 05:00:00+00:00,138.76274660606958,139.74128080496888,136.92549436926976,138.6029815673828,189308600.0,NVDA
2024-12-10 05:00:00+00:00,138.80267178561354,141.6084936848826,133.59045579547387,134.86856079101562,210020900.0,NVDA
2024-12-11 05:00:00+00:00,137.15514511831444,139.9609519122756,135.00835767243856,139.10223388671875,184905200.0,NVDA
2024-12-12 05:00:00+00:00,136.87555561216806,138.2335278669699,135.5974658707112,137.13516235351562,159211400.0,NVDA
2024-12-13 05:00:00+00:00,138.7327975455873,139.39181692680097,132.34233289302693,134.04978942871094,231514900.0,NVDA
2024-12-16 05:00:00+00:00,133.9798879813558,134.19956111084232,130.22550081237128,131.8031463623047,237951100.0,NVDA
2024-12-17 05:00:00+00:00,128.89747709842524,131.39374870651014,126.67080709010266,130.19554138183594,259410300.0,NVDA
2024-12-18 05:00:00+00:00,133.6603731199009,136.49613412730267,128.08869283192976,128.71775817871094,277444500.0,NVDA
2024-12-19 05:00:00+00:00,131.56348324328064,133.8301019554315,129.35678784338916,130.48509216308594,209719200.0,NVDA
2024-12-20 05:00:00+00:00,129.61640819653473,135.07825184796977,128.02878306565836,134.49911499023438,306528600.0,NVDA
2024-12-23 05:00:00+00:00,136.07677163513355,139.58153187306692,134.91849782504636,139.4617156982422,176053500.0,NVDA
2024-12-24 05:00:00+00:00,139.7912368716414,141.68839756334225,138.44324385025058,140.0109100341797,105157000.0,NVDA
2024-12-26 05:00:00+00:00,139.4916759779926,140.6399702368576,137.52461242783102,139.72132873535156,116205600.0,NVDA
2024-12-27 05:00:00+00:00,138.3433913393573,138.81269167406333,134.50912136885398,136.80567932128906,170582600.0,NVDA
2024-12-30 05:00:00+00:00,134.628906293037,140.060795108374,133.82011682531788,137.28494262695312,167734700.0,NVDA
2024-12-31 05:00:00+00:00,137.82416524884428,137.8641141320975,133.63043143330796,134.08973693847656,155659200.0,NVDA
2025-01-02 05:00:00+00:00,135.79717669922962,138.6728864930968,134.42922472124587,138.10372924804688,198247200.0,NVDA
2025-01-03 05:00:00+00:00,139.80120658589456,144.6839138332244,139.5216253508109,144.2545623779297,229322500.0,NVDA
2025-01-06 05:00:00+00:00,148.36839446450836,151.93307760587138,147.59955378526087,149.20713806152344,265377400.0,NVDA
2025-01-07 05:00:00+00:00,152.80177547515166,152.9016324332477,139.80118875754107,139.93099975585938,351782200.0,NVDA
2025-01-08 05:00:00+00:00,142.36736432306787,143.7353162901366,137.35484666292894,139.9010467529297,227349900.0,NVDA
2025-01-10 05:00:00+00:00,137.24501786219508,139.71133557177419,134.0198390250661,135.7073211669922,207602500.0,NVDA
2025-01-13 05:00:00+00:00,129.7961674567433,133.29094833912805,129.31687225149923,133.0313262939453,204808900.0,NVDA
2025-01-14 05:00:00+00:00,135.84710238324766,136.1766120600162,129.85605059334506,131.56349182128906,195590500.0,NVDA
2025-01-15 05:00:00+00:00,133.45068552943664,136.2465130176968,131.09420431967888,136.03683471679688,185217300.0,NVDA
2025-01-16 05:00:00+00:00,138.4332346192246,138.54307117698642,133.2909213149963,133.3708038330078,209235600.0,NVDA
2025-01-17 05:00:00+00:00,136.4861555399997,138.29345383465838,135.25799411499426,137.504638671875,201188800.0,NVDA
2025-01-21 05:00:00+00:00,138.95247218370304,141.6184885428412,136.88555189361048,140.61997985839844,197749000.0,NVDA
2025-01-22 05:00:00+00:00,144.44429795506818,147.5696203828536,143.4557686808276,146.8507080078125,237651400.0,NVDA
2025-01-23 05:00:00+00:00,144.83369562852502,147.0104373660888,143.50567717742842,147.00045776367188,155915500.0,NVDA
2025-01-24 05:00:00+00:00,148.14872775799392,148.74783905952535,141.66841618539428,142.4073028564453,234657600.0,NVDA
2025-01-27 05:00:00+00:00,124.61389107098998,128.20851331467108,116.52596435964819,118.24340057373047,818830900.0,NVDA
2025-01-28 05:00:00+00:00,121.62833781559046,128.8076175411123,116.0766320864675,128.79763793945312,579666400.0,NVDA
2025-01-29 05:00:00+00:00,126.31135328562937,126.70077107762197,119.8709750783515,123.5155258178711,467120600.0,NVDA
2025-01-30 05:00:00+00:00,122.91641979157204,124.81358785050304,117.92387627755191,124.464111328125,392925500.0,NVDA
2025-01-31 05:00:00+00:00,123.59540412169352,127.6593341751579,119.01225290264883,119.89093780517578,388161100.0,NVDA
2025-02-03 05:00:00+00:00,114.57887527254843,118.39317826666118,112.84147223806173,116.48603057861328,371235700.0,NVDA
2025-02-04 05:00:00+00:00,116.78557844108887,121.01925326141507,116.52596404203554,118.47306060791016,256550000.0,NVDA
2025-02-05 05:00:00+00:00,121.57841571528579,124.81358161777388,120.5799070623436,124.64383697509766,262230800.0,NVDA
2025-02-06 05:00:00+00:00,127.22996749994309,128.57796024161053,125.02326434711814,128.4880828857422,251483600.0,NVDA
2025-02-07 05:00:00+00:00,129.02727661770408,130.17555536084487,124.81356929927793,129.64634704589844,228186300.0,NVDA
2025-02-10 05:00:00+00:00,129.89598286165247,134.79866384787866,129.76618710141213,133.3708038330078,216989100.0,NVDA
2025-02-11 05:00:00+00:00,132.38230132778313,134.27946199343057,130.8246300046561,132.6019744873047,178902400.0,NVDA
2025-02-12 05:00:00+00:00,129.8261026458349,132.04279313100764,128.88750205027108,130.94442749023438,160278600.0,NVDA
2025-02-13 05:00:00+00:00,131.36380821970238,136.29644386397356,130.9743904181038,135.08824157714844,197430000.0,NVDA
2025-02-14 05:00:00+00:00,136.2764682668825,139.04234173663804,135.29793396994222,138.6429443359375,195479600.0,NVDA
2025-02-18 05:00:00+00:00,141.05934526698334,143.2261075780513,137.72431422880837,139.19212341308594,219176600.0,NVDA
2025-02-19 05:00:00+00:00,139.3019353271886,141.14918241151278,137.01535723812603,139.02235412597656,167536000.0,NVDA
2025-02-20 05:00:00+00:00,139.8211642330671,140.45022955446439,136.58599074078032,139.9010467529297,143903600.0,NVDA
2025-02-21 05:00:00+00:00,139.83114145453473,141.2490371129211,133.83011008980694,134.22950744628906,228217600.0,NVDA
2025-02-24 05:00:00+00:00,136.35635785611953,138.38332947991822,129.88602516626045,130.08572387695312,251381100.0,NVDA
2025-02-25 05:00:00+00:00,129.78615711570163,130.00583024952502,124.25442559786755,126.44115447998047,271428700.0,NVDA
2025-02-26 05:00:00+00:00,129.79615892181477,133.53057192522448,128.29839578499454,131.084228515625,322553800.0,NVDA
2025-02-27 05:00:00+00:00,134.7986782828192,134.80865788512716,119.83103458283094,119.9708251953125,443175800.0,NVDA
2025-02-28 05:00:00+00:00,117.84399213493025,124.90344826210318,116.2264129341289,124.73370361328125,389091100.0,NVDA
2025-03-03 05:00:00+00:00,123.32581202011416,123.51552349340123,112.11255593535711,113.88990020751953,411381400.0,NVDA
2025-03-04 05:00:00+00:00,110.48498404782327,119.13206502689525,109.94578846070081,115.8170166015625,398163300.0,NVDA
2025-03-05 05:00:00+00:00,117.40465751759531,118.10361057672029,114.3392360416895,117.12507629394531,284337900.0,NVDA
2025-03-06 05:00:00+00:00,113.3606904001891,115.17797591196373,110.05562907278994,110.40510559082031,321181900.0,NVDA
2025-03-07 05:00:00+00:00,111.08409477767312,113.31077256873955,107.39959517379882,112.5219497680664,341755500.0,NVDA
2025-03-10 04:00:00+00:00,109.73610085349598,111.6831896506324,105.30272006245755,106.8204574584961,366487400.0,NVDA
2025-03-11 04:00:00+00:00,106.83044416478043,112.0726148635708,104.6137536218378,108.59780883789062,354865700.0,NVDA
2025-03-12 04:00:00+00:00,113.96030532134075,116.59661034457649,112.72203506897391,115.57803344726562,323857500.0,NVDA
2025-03-13 04:00:00+00:00,116.86621875800482,117.59520049683546,113.63075517539951,115.41825103759766,299033100.0,NVDA
2025-03-14 04:00:00+00:00,118.44401014075397,121.70943054003341,117.98465480860956,121.49972534179688,277593500.0,NVDA
2025-03-17 04:00:00+00:00,122.56823120330081,122.71802281178023,117.86482345684047,119.36272430419922,255501500.0,NVDA
2025-03-18 04:00:00+00:00,117.83485847417,118.85342762738914,114.37970167383446,115.2684555053711,299686900.0,NVDA
2025-03-19 04:00:00+00:00,117.10587204193429,120.28142179456783,115.51810097497594,117.35552215576172,273426200.0,NVDA
2025-03-20 04:00:00+00:00,116.38688818380663,120.0317738155389,116.30699831746894,118.3641128540039,248829700.0,NVDA
2025-03-21 04:00:00+00:00,116.77634740953133,117.82487338576216,115.25847035053427,117.5352783203125,266498500.0,NVDA
2025-03-24 04:00:00+00:00,119.71223179694545,122.04896105750126,119.17298658297102,121.24009704589844,228452500.0,NVDA
2025-03-25 04:00:00+00:00,120.38129943766901,121.12026171196634,118.75357566400419,120.52110290527344,167447200.0,NVDA
2025-03-26 04:00:00+00:00,118.5638454632065,118.6736845133834,112.55226594608844,113.60079956054688,293463300.0,NVDA
2025-03-27 04:00:00+00:00,111.19416561141583,114.28982567832341,110.50513643809545,111.27405548095703,236902100.0,NVDA
2025-03-28 04:00:00+00:00,111.33397028810096,112.71204388720727,108.9173588485005,109.51651763916016,229872500.0,NVDA
2025-03-31 04:00:00+00:00,104.98287310192077,110.80471613819729,103.50494855407659,108.22832489013672,299212700.0,NVDA
2025-04-01 04:00:00+00:00,108.36813339033893,110.04578269736857,106.32100673854832,109.99585723876953,222614000.0,NVDA
2025-04-02 04:00:00+00:00,107.1398479774266,111.82328673498283,106.64054773013802,110.26546478271484,220601200.0,NVDA
2025-04-03 04:00:00+00:00,103.36514539947606,105.48217369637304,101.45781468579652,101.65753936767578,338769400.0,NVDA
2025-04-04 04:00:00+00:00,98.7715853475697,99.98987163475934,91.98109847139008,94.17801666259766,532273800.0,NVDA
2025-04-07 04:00:00+00:00,87.33759621246332,101.60759784636036,86.4987754744505,97.50334930419922,611041300.0,NVDA
2025-04-08 04:00:00+00:00,103.6647139576977,105.70185986228381,94.3278009423825,96.16522979736328,476243400.0,NVDA
2025-04-09 04:00:00+00:00,98.75160385221358,114.93891720962625,97.39350654873371,114.16999816894531,612918300.0,NVDA
2025-04-10 04:00:00+00:00,109.21694044618194,110.70485307181585,99.01124202201945,107.4194564819336,437812400.0,NVDA
2025-04-11 04:00:00+00:00,108.34815778630501,111.39389245819964,107.32958859529616,110.7747573852539,313417300.0,NVDA
2025-04-14 04:00:00+00:00,113.9503045917023,114.1300529879136,108.91735711650354,110.55506134033203,264705000.0,NVDA
2025-04-15 04:00:00+00:00,110.81470199440513,113.46099492172469,110.3453585264742,112.04297637939453,228966900.0,NVDA
2025-04-16 04:00:00+00:00,104.40369410395131,106.64055727885454,100.30942561460589,104.3437728881836,397016900.0,NVDA
2025-04-17 04:00:00+00:00,104.30382580885471,104.32380208660638,99.90998942448081,101.34796905517578,292517500.0,NVDA
2025-04-21 04:00:00+00:00,98.63177356997639,99.3008417327631,94.90699776234818,96.77438354492188,288501100.0,NVDA
2025-04-22 04:00:00+00:00,98.64176312999923,99.6703204985673,97.1438622743251,98.7516098022461,241004800.0,NVDA
2025-04-23 04:00:00+00:00,104.37373360783914,104.65334818158476,101.87723205406772,102.56626892089844,247526000.0,NVDA
2025-04-24 04:00:00+00:00,103.33517578708889,106.39089066307956,102.96569088547095,106.28104400634766,220815000.0,NVDA
2025-04-25 04:00:00+00:00,106.70047033928225,111.76337496991529,105.58204256681438,110.85465240478516,251064700.0,NVDA
2025-04-28 04:00:00+00:00,109.53649064316203,110.21553928394424,105.87162103934429,108.57783508300781,207708500.0,NVDA
2025-04-29 04:00:00+00:00,107.51932238432487,110.04578062718967,107.2896485179105,108.867431640625,170444300.0,NVDA
2025-04-30 04:00:00+00:00,104.32379376082015,108.76756286621094,103.93434018163836,108.76756286621094,235044600.0,NVDA
2025-05-01 04:00:00+00:00,112.92174799120272,114.7791455573913,111.14424029465428,111.45380401611328,236121500.0,NVDA
2025-05-02 04:00:00+00:00,114.02021557227994,115.23850951002053,113.21135153306962,114.33976745605469,190194800.0,NVDA
2025-05-05 04:00:00+00:00,112.75199823422925,114.50952981770942,112.50234808238875,113.66072082519531,133163200.0,NVDA
2025-05-06 04:00:00+00:00,111.32399638135878,114.57942879752297,110.66491633937942,113.38111114501953,158525600.0,NVDA
2025-05-07 04:00:00+00:00,112.89179643623137,117.51531428959993,112.12286973799952,116.89617919921875,206758800.0,NVDA
2025-05-08 04:00:00+00:00,118.08452294119296,118.51392151118237,115.68787993703612,117.20575714111328,198428100.0,NVDA
2025-05-09 04:00:00+00:00,117.18577270674557,118.06454606438504,115.04876814493281,116.48675537109375,132972200.0,NVDA
2025-05-12 04:00:00+00:00,121.79931583574867,122.82787322998047,120.11167839159091,122.82787322998047,225023300.0,NVDA
2025-05-13 04:00:00+00:00,124.8051066300396,131.03637225526788,124.29581818961599,129.7481689453125,330430100.0,NVDA
2025-05-14 04:00:00+00:00,133.01358451331882,135.25045513495294,131.49570747587302,135.1505889892578,281180800.0,NVDA
2025-05-15 04:00:00+00:00,134.10205882491402,136.1092556474961,132.47435031815246,134.6413116455078,226632600.0,NVDA
2025-05-16 04:00:00+00:00,136.02937003025397,136.15919297953724,133.27323795943153,135.21051025390625,226542500.0,NVDA
2025-05-19 04:00:00+00:00,132.20470706939753,135.6798322139183,132.20470706939753,135.38026428222656,193154600.0,NVDA
2025-05-20 04:00:00+00:00,134.10205468200522,134.39165736048994,132.4343936724944,134.1919403076172,161514200.0,NVDA
2025-05-21 04:00:00+00:00,132.87378601013486,137.2077087161811,130.40724144628157,131.6155548095703,270608700.0,NVDA
2025-05-22 04:00:00+00:00,132.0449376190489,134.0621148614722,131.3658966044825,132.64410400390625,187344000.0,NVDA
2025-05-23 04:00:00+00:00,129.81807417545411,132.49431639064062,128.97925335315108,131.10626220703125,198821300.0,NVDA
2025-05-27 04:00:00+00:00,133.96224703921547,135.47014350181522,133.1234263008756,135.31036376953125,192953600.0,NVDA
2025-05-28 04:00:00+00:00,135.83963178227697,137.05792567392893,134.60136161311598,134.621337890625,304021100.0,NVDA
2025-05-29 04:00:00+00:00,142.0509238917618,143.28919402135628,137.71700129433316,138.99520874023438,369241900.0,NVDA
2025-05-30 04:00:00+00:00,138.5258751739265,139.42460961066672,132.73398869983464,134.94090270996094,333170900.0,NVDA
2025-06-02 04:00:00+00:00,135.30038976970178,137.9266987725352,135.21050414256473,137.187744140625,197663100.0,NVDA
2025-06-03 04:00:00+00:00,138.58576663563605,141.80126124338923,137.7569264491721,141.02235412597656,225578800.0,NVDA
2025-06-04 04:00:00+00:00,141.99101618842522,142.19073325311263,139.34471555965237,141.7213897705078,167120800.0,NVDA
2025-06-05 04:00:00+00:00,141.97103980754113,143.79848066110154,138.63571759363617,139.79409790039062,231397900.0,NVDA
2025-06-06 04:00:00+00:00,142.31053984611202,143.06948591448216,141.31193942977922,141.5216522216797,153986200.0,NVDA
2025-06-09 04:00:00+00:00,142.98961854621228,144.7970831461155,141.74136782943543,142.43040466308594,185114500.0,NVDA
2025-06-10 04:00:00+00:00,142.4903028059026,144.08805440763362,141.33192260937975,143.75852966308594,155881900.0,NVDA
2025-06-11 04:00:00+00:00,144.41764573923192,144.79714515361243,141.6812848999734,142.6400146484375,167694000.0,NVDA
2025-06-12 04:00:00+00:00,141.78116046611606,144.80712890625,141.6613249598906,144.80712890625,162365000.0,NVDA
2025-06-13 04:00:00+00:00,142.2904745799642,143.38901749969733,140.6626531024409,141.78115844726562,180820600.0,NVDA
2025-06-16 04:00:00+00:00,143.159329390418,145.98555166191812,143.00951976951112,144.49754333496094,183133700.0,NVDA
2025-06-17 04:00:00+00:00,144.2978018718573,145.0268265438421,143.58873962374116,143.92828369140625,139108000.0,NVDA
2025-06-18 04:00:00+00:00,143.81843788371728,145.4562558084884,142.92962233744194,145.28648376464844,161494100.0,NVDA
2025-06-20 04:00:00+00:00,145.2565234707711,146.00552584195606,142.46024490398213,143.65866088867188,242956200.0,NVDA
2025-06-23 04:00:00+00:00,142.31046402404658,144.58743022935184,141.84108794116847,143.97824096679688,154308900.0,NVDA
2025-06-24 04:00:00+00:00,145.36636355778856,147.7631800544848,145.30644581210706,147.7032470703125,187566100.0,NVDA
2025-06-25 04:00:00+00:00,149.0714619384952,154.24456476496755,149.06146548674553,154.10475158691406,269146500.0,NVDA
2025-06-26 04:00:00+00:00,155.77251147358507,156.5115326130379,153.795149532093,154.8137969970703,198145700.0,NVDA
2025-06-27 04:00:00+00:00,155.83244416127852,158.4989061985097,155.05348286000648,157.54017639160156,263234500.0,NVDA
2025-06-30 04:00:00+00:00,158.1893045239527,158.4489684480595,155.7525627920192,157.7798614501953,194580300.0,NVDA
2025-07-01 04:00:00+00:00,156.08211312403307,156.9909063970138,151.2885097592641,153.09609985351562,213143600.0,NVDA
2025-07-02 04:00:00+00:00,152.77650803107835,157.39037305932783,152.7665268185242,157.04083251953125,171224100.0,NVDA
2025-07-03 04:00:00+00:00,158.15934077500395,160.76586971787668,157.56014800239086,159.1280517578125,143716100.0,NVDA
2025-07-07 04:00:00+00:00,157.98957042846925,159.09809459400483,157.1307137305003,158.02952575683594,140139000.0,NVDA
2025-07-08 04:00:00+00:00,159.11807865757584,160.0068942683196,158.1793265036118,159.7871856689453,138133000.0,NVDA
2025-07-09 04:00:00+00:00,161.0055497766517,164.2012901564699,160.9456320255445,162.66334533691406,183656400.0,NVDA
2025-07-10 04:00:00+00:00,164.10143771292147,164.28119097215313,161.3950357038234,163.88172912597656,167704100.0,NVDA
2025-07-11 04:00:00+00:00,163.50223698698784,167.66668863474402,163.25256951238498,164.7006378173828,193633300.0,NVDA
2025-07-14 04:00:00+00:00,165.15003478890583,165.2698855378492,161.80449980139463,163.85177612304688,136975800.0,NVDA
2025-07-15 04:00:00+00:00,170.96229989605533,172.17068192225182,168.97494134085255,170.4729461669922,230627400.0,NVDA
2025-07-16 04:00:00+00:00,170.83247408910898,171.52155877211666,168.67534340451815,171.14205932617188,158831500.0,NVDA
2025-07-17 04:00:00+00:00,171.79120519874627,173.92835823409905,170.60278554683865,172.7698974609375,160841100.0,NVDA
2025-07-18 04:00:00+00:00,173.4090543863528,174.0182436825287,171.03221496217563,172.18069458007812,146456400.0,NVDA
2025-07-21 04:00:00+00:00,172.52022673163836,173.1493936504508,170.77255439137573,171.1520538330078,123126100.0,NVDA
2025-07-22 04:00:00+00:00,171.11211125862738,171.16204780548466,164.36110765827524,166.80784606933594,193114300.0,NVDA
2025-07-23 04:00:00+00:00,169.30450383433347,171.03219846298632,167.74658125695927,170.55284118652344,154082200.0,NVDA
2025-07-24 04:00:00+00:00,172.21063723590794,173.59878776513457,171.07215417768242,173.5089111328125,128984600.0,NVDA
2025-07-25 04:00:00+00:00,173.37908037175941,174.4876045602178,172.72995103806022,173.26922607421875,122316800.0,NVDA
2025-07-28 04:00:00+00:00,173.78852820706248,176.7645600358027,173.7385916678285,176.514892578125,140023500.0,NVDA
2025-07-29 04:00:00+00:00,177.7233037615148,179.14141320408203,174.78721179005433,175.27655029296875,154077500.0,NVDA
2025-07-30 04:00:00+00:00,176.27521653092245,179.65072563032518,175.80584046425426,179.03155517578125,174312200.0,NVDA
2025-07-31 04:00:00+00:00,182.65671589592668,183.05619299307685,175.69598557745124,177.63340759277344,221685400.0,NVDA
2025-08-01 04:00:00+00:00,173.85844036702034,176.3051785902702,170.66269971388826,173.4889373779297,204529000.0,NVDA
2025-08-04 04:00:00+00:00,174.9270307365029,179.9603205403546,174.28788258302183,179.76058959960938,148174600.0,NVDA
2025-08-05 04:00:00+00:00,179.38107983649965,180.0202279532499,175.6660266458598,178.02288818359375,156407600.0,NVDA
2025-08-06 04:00:00+00:00,176.09546439011424,179.66070799076476,176.01556896990587,179.1813507080078,137192300.0,NVDA
2025-08-07 04:00:00+00:00,181.32851054269395,183.6354356942093,178.5621905082108,180.52957153320312,151878400.0,NVDA
2025-08-08 04:00:00+00:00,181.30852119793246,183.05619350177665,180.16004168373897,182.4569854736328,123396700.0,NVDA
2025-08-11 04:00:00+00:00,181.80784410502207,183.59545638109407,180.01023537809715,181.8178253173828,138323200.0,NVDA
2025-08-12 04:00:00+00:00,182.7166509044063,184.234618174838,179.22130626788388,182.9163818359375,145485700.0,NVDA
2025-08-13 04:00:00+00:00,182.37709375214726,183.72530422356274,179.11145412417423,181.3484649658203,179871700.0,NVDA
2025-08-14 04:00:00+00:00,179.5108931379294,182.77654758863486,179.22128560637054,181.7778778076172,129554000.0,NVDA
2025-08-15 04:00:00+00:00,181.6380820439347,181.658044469753,177.8031781362909,180.20997619628906,156602200.0,NVDA
2025-08-18 04:00:00+00:00,180.359785616326,182.69666946783065,180.3497891649352,181.7678985595703,132008000.0,NVDA
2025-08-19 04:00:00+00:00,182.1873336556069,182.25724785967336,175.25657768801665,175.4063720703125,185229200.0,NVDA
2025-08-20 04:00:00+00:00,174.93699721113848,175.76589502196344,168.57547509149074,175.16668701171875,215142700.0,NVDA
2025-08-21 04:00:00+00:00,174.61742144674352,176.66468235557974,173.57879631630271,174.7472381591797,140040900.0,NVDA
2025-08-22 04:00:00+00:00,172.38041630972646,178.35245819257523,170.9722880586796,177.75326538085938,172789400.0,NVDA
2025-08-25 04:00:00+00:00,178.11278178635797,181.6680441727565,176.33515059315872,179.57083129882812,163012800.0,NVDA
2025-08-26 04:00:00+00:00,179.82049655621498,182.14739921043056,178.57215920342722,181.52822875976562,168688200.0,NVDA
2025-08-27 04:00:00+00:00,181.73792838079515,182.24725973827816,178.86176968029795,181.3584442138672,235518900.0,NVDA
2025-08-28 04:00:00+00:00,180.57950348224864,184.22464261974775,176.17536544772958,179.93035888671875,281787800.0,NVDA
2025-08-29 04:00:00+00:00,177.87308356836775,177.91302365652732,172.91967451951007,173.94830322265625,243257900.0,NVDA
2025-09-02 04:00:00+00:00,169.77387989783634,172.15071909272382,166.99757884564528,170.55284118652344,231164900.0,NVDA
2025-09-03 04:00:00+00:00,170.83248363379096,172.18069419661035,168.65539040087648,170.39306640625,164424900.0,NVDA
2025-09-04 04:00:00+00:00,170.34313981864827,171.6314173426514,169.18467902530818,171.4316864013672,141670100.0,NVDA
2025-09-05 04:00:00+00:00,167.8065180303181,168.8051880252559,163.85179338392152,166.79786682128906,224441400.0,NVDA
2025-09-08 04:00:00+00:00,167.32713700266137,170.73260486035574,167.12740607965867,168.08612060546875,163769100.0,NVDA
2025-09-09 04:00:00+00:00,168.86507540993838,170.75256075129445,166.51821048710502,170.53285217285156,157548400.0,NVDA
2025-09-10 04:00:00+00:00,176.4050468150653,179.05151589898875,175.2366048852674,177.09413146972656,226852000.0,NVDA
2025-09-11 04:00:00+00:00,179.45113345293117,180.0503753259473,176.25521235533765,176.9443359375,151159300.0,NVDA
2025-09-12 04:00:00+00:00,177.5435512454145,178.37249577533527,176.22522541777622,177.59349060058594,124911000.0,NVDA
2025-09-15 04:00:00+00:00,175.44622258887705,178.62217970015598,174.28769658655634,177.52357482910156,147061600.0,NVDA
2025-09-16 04:00:00+00:00,176.77453647764895,177.27389957504343,174.15787872389456,174.65724182128906,140737800.0,NVDA
2025-09-17 04:00:00+00:00,172.42008695754546,172.97937117956877,168.1954794867923,170.0730743408203,211843800.0,NVDA
2025-09-18 04:00:00+00:00,173.7583871307785,176.87442336525442,172.73969733735942,176.01551818847656,191763300.0,NVDA
2025-09-19 04:00:00+00:00,175.54609885389235,177.8531538116004,174.95683884616588,176.4449462890625,237182100.0,NVDA
2025-09-22 04:00:00+00:00,175.07670180251023,184.31491893588398,174.48745701577195,183.37611389160156,269637000.0,NVDA
2025-09-23 04:00:00+00:00,181.73821238324945,182.18763613663097,175.9855548133895,178.2027130126953,192559600.0,NVDA
2025-09-24 04:00:00+00:00,179.54100413716742,179.5509859124944,175.17656050171237,176.74456787109375,143564100.0,NVDA
2025-09-25 04:00:00+00:00,174.2577508730865,180.03038734713982,172.90947958662534,177.4636688232422,191586700.0,NVDA
2025-09-26 04:00:00+00:00,177.94304916264082,179.54101721374016,174.70717071687335,177.96302795410156,148573700.0,NVDA
2025-09-29 04:00:00+00:00,180.20017297627672,183.7656330630971,180.09032771672483,181.61837768554688,193063500.0,NVDA
2025-09-30 04:00:00+00:00,181.848063160254,187.11135435179565,181.2488213615314,186.3423309326172,236981000.0,NVDA
2025-10-01 04:00:00+00:00,185.00404300205486,187.90034282726023,183.6657383394342,187.00149536132812,173844900.0,NVDA
2025-10-02 04:00:00+00:00,189.35850113919957,190.80665113886596,187.82045419605362,188.64939880371094,136805800.0,NVDA
2025-10-03 04:00:00+00:00,188.94900408551683,190.11751186051177,185.1438598655547,187.38099670410156,137596900.0,NVDA
2025-10-06 04:00:00+00:00,185.2637075602064,186.9914995955013,183.09647356463947,185.30364990234375,157678100.0,NVDA
2025-10-07 04:00:00+00:00,185.99277739696944,188.8191743935438,183.76562222076905,184.80429077148438,140088000.0,NVDA
2025-10-08 04:00:00+00:00,186.33235229407293,189.35849142592937,186.30237648821537,188.86911010742188,130168900.0,NVDA
2025-10-09 04:00:00+00:00,191.9851285494953,195.05122522476873,190.816620752273,192.32470703125,182997200.0,NVDA
2025-10-10 04:00:00+00:00,193.26350393527704,195.37081685366852,181.81811007166195,182.92669677734375,268774400.0,NVDA
2025-10-13 04:00:00+00:00,187.73056363822363,189.8678370807686,185.72312947730666,188.0801239013672,153482800.0,NVDA
2025-10-14 04:00:00+00:00,184.53462639606815,184.5645869600227,179.47107773683655,179.8006591796875,205641400.0,NVDA
2025-10-15 04:00:00+00:00,184.56460739230218,184.63451030281777,177.06416377208902,179.60093688964844,214450500.0,NVDA
2025-10-16 04:00:00+00:00,181.99787810828644,183.0465437061986,179.5410200965125,181.5784149169922,179723300.0,NVDA
2025-10-17 04:00:00+00:00,179.9504818191574,183.86550198639478,179.52103686227596,182.9866180419922,173135200.0,NVDA
2025-10-20 04:00:00+00:00,182.89672994644732,184.96408521149223,181.4985041529273,182.4073486328125,128544700.0,NVDA
2025-10-21 04:00:00+00:00,182.55714296878105,182.55714296878105,179.5709615871908,180.92922973632812,124240200.0,NVDA
2025-10-22 04:00:00+00:00,180.9092591258601,183.20633238125785,176.53483359319367,180.05035400390625,162249600.0,NVDA
2025-10-23 04:00:00+00:00,180.19017423035882,182.7968501503985,179.5609718650331,181.92796325683594,111363700.0,NVDA
2025-10-24 04:00:00+00:00,183.60580497197222,187.23118563906056,183.26624175096782,186.02272033691406,131296700.0,NVDA
2025-10-27 04:00:00+00:00,189.74798924630224,191.75542334831323,188.18996363054165,191.24607849121094,153452700.0,NVDA
2025-10-28 04:00:00+00:00,192.80410966447576,202.89123585796654,191.66556232510956,200.77394104003906,297986200.0,NVDA
2025-10-29 04:00:00+00:00,207.715080745974,211.9197249544373,204.51915980095313,206.77627563476562,308829600.0,NVDA
2025-10-30 04:00:00+00:00,204.88867704045037,205.89740027142088,201.1534507471854,202.63156127929688,178864400.0,NVDA
2025-10-31 04:00:00+00:00,206.18701808603035,207.70508615602077,201.81260775338424,202.23207092285156,179802200.0,NVDA
2025-11-03 05:00:00+00:00,207.81493866642379,211.07078042213968,205.29814450690722,206.61647033691406,180267300.0,NVDA
2025-11-04 05:00:00+00:00,202.7414122562426,203.71017785907821,197.67786326579136,198.43690490722656,188919300.0,NVDA
2025-11-05 05:00:00+00:00,198.51681234435117,202.66152000582164,194.40205001057666,194.9613494873047,171350300.0,NVDA
2025-11-06 05:00:00+00:00,196.169796348482,197.36826472822915,186.1425921093966,187.84042358398438,223029800.0,NVDA
2025-11-07 05:00:00+00:00,184.66447901682176,188.08013622996737,178.68211848431696,187.91033935546875,264942300.0,NVDA
2025-11-10 05:00:00+00:00,194.8614791513322,199.68532876518447,193.5431531870904,198.7964630126953,198897100.0,NVDA
2025-11-11 05:00:00+00:00,194.91140808059743,195.17107140540628,191.05632435423007,192.91395568847656,176483300.0,NVDA
2025-11-12 05:00:00+00:00,195.4706988945922,195.64048052491762,190.88654915774768,193.5531463623047,154935300.0,NVDA
2025-11-13 05:00:00+00:00,190.80662838449902,191.1961309619508,183.61580336420005,186.62196350097656,207423100.0,NVDA
2025-11-14 05:00:00+00:00,182.62707860640327,190.76669126639962,180.3499840264004,189.92776489257812,186591900.0,NVDA
2025-11-17 05:00:00+00:00,185.73310233977776,188.75924133892028,184.08521029684528,186.3623046875,173628900.0,NVDA
2025-11-18 05:00:00+00:00,183.14641371605563,184.5646030780414,179.42115405263684,181.1289825439453,213598900.0,NVDA
2025-11-19 05:00:00+00:00,184.5545873026742,187.6206837111527,182.59709270204067,186.2823944091797,247246400.0,NVDA
2025-11-20 05:00:00+00:00,195.70039225393623,195.7503316108911,179.62090987236718,180.40989685058594,343504800.0,NVDA
2025-11-21 05:00:00+00:00,181.00913979899244,184.32490281868388,172.70971237567008,178.6521453857422,346926200.0,NVDA
2025-11-24 05:00:00+00:00,179.2613745727385,183.26626122561635,176.25519889972114,182.31747436523438,256618300.0,NVDA
2025-11-25 05:00:00+00:00,174.68719385821646,177.93305383278917,169.33402110596253,177.59349060058594,320600300.0,NVDA
2025-11-26 05:00:00+00:00,181.3986455127995,182.67701383620675,178.01296428701193,180.03038024902344,183852000.0,NVDA
2025-11-28 05:00:00+00:00,178.7819702942556,179.0616124091028,176.27517303639212,176.7745361328125,121332800.0,NVDA
2025-12-01 05:00:00+00:00,174.53739527000454,180.07034727044882,173.45876908321011,179.69082641601562,188131000.0,NVDA
2025-12-02 05:00:00+00:00,181.52845696763603,185.42349804109853,179.77070445469002,181.22885131835938,182632200.0,NVDA
2025-12-03 05:00:00+00:00,180.8493441127912,182.21759414523953,178.88185225801445,179.36123657226562,165138000.0,NVDA
2025-12-04 05:00:00+00:00,181.3987504426599,184.2952268834804,179.74078419330877,183.1566162109375,167364900.0,NVDA
2025-12-05 05:00:00+00:00,183.66598269849337,184.43504894381925,180.6896172324408,182.1877899169922,143971100.0,NVDA
2025-12-08 05:00:00+00:00,182.41751577930148,187.7709870845105,182.17780264974235,185.323974609375,204378100.0,NVDA
2025-12-09 05:00:00+00:00,185.33395229946427,185.4937610485011,183.09669077375298,184.7446746826172,144719700.0,NVDA
2025-12-10 05:00:00+00:00,184.74467463147755,185.2540478736652,181.8182359713298,183.55612182617188,162785400.0,NVDA
2025-12-11 05:00:00+00:00,180.060377409269,181.09911899111663,176.40483245042134,180.70957946777344,182136600.0,NVDA
2025-12-12 05:00:00+00:00,180.88937065842447,182.59729422559735,174.40727135263347,174.80679321289062,204274900.0,NVDA
2025-12-15 05:00:00+00:00,177.7232402429772,178.20265125135413,174.8167814768023,176.0752410888672,164775600.0,NVDA
2025-12-16 05:00:00+00:00,176.0452813318811,178.27257580423,174.68693742218818,177.50350952148438,148588100.0,NVDA
2025-12-17 05:00:00+00:00,175.88548356566727,175.91544580087532,170.10252832729947,170.7317657470703,222775500.0,NVDA
2025-12-18 05:00:00+00:00,174.3173807251694,175.93540231223645,171.6106906687844,173.9278564453125,176096000.0,NVDA
2025-12-19 05:00:00+00:00,176.45477147838753,181.2289470656948,176.12517166919682,180.76951599121094,324925900.0,NVDA
2025-12-22 05:00:00+00:00,183.6959478478248,183.935660967629,182.1278683380167,183.4662322998047,129064400.0,NVDA
2025-12-23 05:00:00+00:00,182.7471036477755,189.099356383118,182.67718160782493,188.97950744628906,174873600.0,NVDA
2025-12-24 05:00:00+00:00,187.71105179508496,188.67987134928,186.36269028434322,188.38023376464844,65528500.0,NVDA
2025-12-26 05:00:00+00:00,189.68863982420257,192.45526970950266,187.7709805748158,190.2978973388672,139740300.0,NVDA
2025-12-29 05:00:00+00:00,187.4813341773615,188.53004285167208,185.68352392965699,187.99070739746094,120006100.0,NVDA
2025-12-30 05:00:00+00:00,188.01069817319677,188.75978454971104,186.70228116711607,187.31153869628906,97687300.0,NVDA
2025-12-31 05:00:00+00:00,189.33907943283364,190.32786369396138,186.26282955778902,186.27281188964844,120100500.0,NVDA
2026-01-02 05:00:00+00:00,189.60873357074172,192.69496568024334,188.03065649528438,188.6199493408203,148240500.0,NVDA
2026-01-05 05:00:00+00:00,191.52640398377517,193.39413642527967,185.9232371396652,187.89083862304688,183529700.0,NVDA
2026-01-06 05:00:00+00:00,190.2879203285983,191.935904267691,186.5924305704924,187.0119171142578,176862600.0,NVDA
2026-01-07 05:00:00+00:00,188.34028795646717,191.13686475404677,186.3327268208183,188.87962341308594,153543200.0,NVDA
2026-01-08 05:00:00+00:00,188.87963997886857,189.31910643994627,183.48622397884648,184.81459045410156,172457000.0,NVDA
2026-01-09 05:00:00+00:00,184.8545293482555,186.1129888751533,183.44624341374129,184.63479614257812,131327500.0,NVDA
2026-01-12 05:00:00+00:00,182.99680052530172,186.89204340473577,182.79704721562317,184.71470642089844,137968500.0,NVDA
2026-01-13 05:00:00+00:00,184.7746378408776,187.88084992986475,183.17658082293008,185.58364868164062,160128900.0,NVDA
2026-01-14 05:00:00+00:00,184.0954557419801,184.23528457453645,180.57973978602013,182.91688537597656,159586100.0,NVDA
2026-01-15 05:00:00+00:00,186.27281050248445,189.46890929684608,186.103019420931,186.8221435546875,206188600.0,NVDA
2026-01-16 05:00:00+00:00,188.84966224271636,190.20800608356458,185.85331687968656,186.0031280517578,187967200.0,NVDA
2026-01-20 05:00:00+00:00,181.67839380225757,182.1578200140757,177.39362681050815,177.8530731201172,223345300.0,NVDA
2026-01-21 05:00:00+00:00,178.8318922054109,185.15418310637224,178.18267486272933,183.09669494628906,200381000.0,NVDA
2026-01-22 05:00:00+00:00,184.52493568425237,185.94320399708803,183.70592730123704,184.6148223876953,139636600.0,NVDA
2026-01-23 05:00:00+00:00,187.27158465782284,189.3690325020707,186.59242035942677,187.44137573242188,142748100.0,NVDA
2026-01-26 05:00:00+00:00,186.93200550896393,188.88960930416175,185.76343263076708,186.2428436279297,124799600.0,NVDA
2026-01-27 05:00:00+00:00,187.01190478720812,189.76853699604698,185.47377232125424,188.29034423828125,143711600.0,NVDA
2026-01-28 05:00:00+00:00,191.03700193406064,192.1156881225865,189.60873601436586,191.2866973876953,148552700.0,NVDA
2026-01-29 05:00:00+00:00,191.10690928022157,193.244301759811,185.83334250366076,192.27548217773438,171764400.0,NVDA
2026-01-30 05:00:00+00:00,190.97707539362895,194.25307849059112,189.23918956869622,190.8971710205078,179489500.0,NVDA
2026-02-02 05:00:00+00:00,186.97195532434574,190.0681850900544,184.6547894061738,185.38389587402344,165794100.0,NVDA
2026-02-03 05:00:00+00:00,186.01312186532803,186.04308409913696,176.01530661894333,180.12030029296875,204019600.0,NVDA
2026-02-04 05:00:00+00:00,179.24138264216026,179.36123157735668,171.70057725198066,173.97779846191406,207014100.0,NVDA
2026-02-05 05:00:00+00:00,174.71688060291817,176.604592702014,170.82163795446576,171.6706085205078,206312900.0,NVDA
2026-02-06 05:00:00+00:00,176.47474973392875,186.77218713146127,174.3872995354016,185.1841278076172,231346200.0,NVDA
2026-02-09 05:00:00+00:00,184.03552934237337,193.42408742490235,183.7259094221984,189.80848693847656,196387400.0,NVDA
2026-02-10 05:00:00+00:00,191.1468699498802,192.24552080983682,187.89083145679504,188.31031799316406,136764800.0,NVDA
2026-02-11 05:00:00+00:00,192.2155516352278,193.0245624433192,188.54004197866425,189.8184814453125,144192700.0,NVDA
2026-02-12 05:00:00+00:00,192.79485804306626,193.3741533411549,186.28279615580217,186.7122802734375,189932500.0,NVDA
2026-02-13 05:00:00+00:00,187.25162028422807,187.27160018883805,181.36879569323744,182.58731079101562,161888000.0,NVDA
2026-02-17 05:00:00+00:00,181.5285959992061,186.92201173748992,178.9617194034806,184.7446746826172,162276900.0,NVDA
2026-02-18 05:00:00+00:00,188.52005804720127,190.13807962880853,186.53247684939709,187.75099182128906,164749100.0,NVDA
2026-02-19 05:00:00+00:00,186.8321237354349,188.20044994409497,185.43383529156333,187.6710968017578,126554500.0,NVDA
2026-02-20 05:00:00+00:00,186.342734664171,190.09814888521723,185.71349722992974,189.58877563476562,178422300.0,NVDA
2026-02-23 05:00:00+00:00,191.16683922839312,193.71373598373438,189.3490641935772,191.31666564941406,171584800.0,NVDA
2026-02-24 05:00:00+00:00,191.2567378902843,193.53395924081437,187.171708627792,192.61508178710938,175123600.0,NVDA
2026-02-25 05:00:00+00:00,194.2131137016724,197.38924768090467,193.5539140704845,195.32176208496094,250637100.0,NVDA
2026-02-26 05:00:00+00:00,194.03334246429932,194.0533071271398,184.09546670933034,184.66476440429688,360807900.0,NVDA
2026-02-27 05:00:00+00:00,181.0292033274304,182.36756729714082,176.1651407824763,176.97415161132812,311636500.0,NVDA
2026-03-02 05:00:00+00:00,174.79680413295333,183.2365228635074,174.42725972943845,182.25770568847656,209095300.0,NVDA
2026-03-03 05:00:00+00:00,178.27256086028186,180.67961330625172,176.70446619030554,179.83065795898438,178099400.0,NVDA
2026-03-04 05:00:00+00:00,180.22019302825058,184.47499807110998,179.84065106191534,182.8170166015625,177731200.0,NVDA
2026-03-05 05:00:00+00:00,180.94929874286032,183.83577756501342,177.6633132926684,183.1166534423828,198779700.0,NVDA
2026-03-06 05:00:00+00:00,179.6209064601764,182.5373473445644,176.60459654479845,177.60337829589844,189021900.0,NVDA
2026-03-09 04:00:00+00:00,176.61458806542097,182.68718325690133,175.34613090826778,182.427490234375,177213600.0,NVDA
2026-03-10 04:00:00+00:00,182.17779858894656,186.21288569214076,181.7882742872215,184.544921875,179118500.0,NVDA
2026-03-11 04:00:00+00:00,185.6935753620157,187.40157611978597,184.23526832414757,185.8134307861328,145280400.0,NVDA
2026-03-12 04:00:00+00:00,183.83574790315467,184.72471123223085,181.53842231669145,182.9268035888672,155762700.0,NVDA
2026-03-13 04:00:00+00:00,184.70472270189353,185.87335881208497,179.73052445930352,180.0401611328125,160988400.0,NVDA
2026-03-16 04:00:00+00:00,182.7570048934839,188.66012868968363,181.19882333613754,183.0067138671875,217307400.0,NVDA
2026-03-17 04:00:00+00:00,184.8445618023411,185.1841623368753,181.4684917186082,181.71820068359375,182497800.0,NVDA
2026-03-18 04:00:00+00:00,182.26756764801692,183.16652908726184,180.12007659614625,180.1899871826172,156683100.0,NVDA
2026-03-19 04:00:00+00:00,177.80276430906588,179.77047215436778,175.5853475010711,178.3521270751953,170968500.0,NVDA
2026-03-20 04:00:00+00:00,177.79278016290237,178.05247199547227,171.52009228430225,172.4989471435547,241323500.0,NVDA
2026-03-23 04:00:00+00:00,177.0536408486584,178.16234927411983,174.55655117338722,175.43553161621094,182836300.0,NVDA
2026-03-24 04:00:00+00:00,174.6264683383626,176.01484951930743,173.777451794472,174.99603271484375,147667800.0,NVDA
2026-03-25 04:00:00+00:00,176.89383761026875,181.00903649280792,176.64412864426953,178.47198486328125,162602100.0,NVDA
2026-03-26 04:00:00+00:00,175.86504388946904,176.30451888215924,170.9407749866337,171.04066467285156,186152200.0,NVDA
2026-03-27 04:00:00+00:00,169.80209026823204,170.77096223786808,166.81556566439232,167.32498168945312,196212700.0,NVDA
2026-03-30 04:00:00+00:00,168.58352034150624,169.25273855906806,164.07877596313077,164.97772216796875,185627000.0,NVDA
2026-03-31 04:00:00+00:00,166.77563225072552,174.41672082635512,166.7656493784466,174.1969757080078,226181300.0,NVDA
2026-04-01 04:00:00+00:00,175.79511913229018,177.16351944386196,174.54657425208924,175.54541015625,168132000.0,NVDA
2026-04-02 04:00:00+00:00,171.97954556798163,177.28337661769746,171.170490985778,177.18348693847656,143143200.0,NVDA
2026-04-06 04:00:00+00:00,176.953760088437,177.58301630024127,175.55538077559635,177.43319702148438,107564300.0,NVDA
2026-04-07 04:00:00+00:00,175.52541836668527,178.0225079733855,173.4578360976707,177.89266967773438,132534900.0,NVDA
2026-04-08 04:00:00+00:00,184.28522303450282,185.0443328296099,180.09011531444295,181.8680419921875,147732700.0,NVDA
2026-04-09 04:00:00+00:00,181.6283100364998,183.86570786090292,180.40972906189933,183.69590759277344,116428500.0,NVDA
2026-04-10 04:00:00+00:00,184.09543736125556,189.77881591864653,184.08545448929232,188.41041564941406,160459500.0,NVDA
2026-04-13 04:00:00+00:00,185.81343445538195,189.43921351677633,185.52377876103736,189.08961486816406,133648200.0,NVDA
2026-04-14 04:00:00+00:00,190.61783708872017,196.28123474121094,190.54792650193752,196.28123474121094,161307000.0,NVDA
2026-04-15 04:00:00+00:00,196.31119931453722,200.166706463506,195.5121427945441,198.63848876953125,185338400.0,NVDA
2026-04-16 04:00:00+00:00,197.20015246424893,199.6173486077875,195.58204328148997,198.1190948486328,134012900.0,NVDA
2026-04-17 04:00:00+00:00,199.66727910555997,201.46518667284232,199.03802288778024,201.44520568847656,160324400.0,NVDA
2026-04-20 04:00:00+00:00,199.7471876833392,201.9346406188145,197.6096795882359,201.82476806640625,119381400.0,NVDA
2026-04-21 04:00:00+00:00,201.89470437258373,202.51397775047528,198.76834314349978,199.64732360839844,107945300.0,NVDA
2026-04-22 04:00:00+00:00,200.75603026628932,202.26426696777344,198.76834136586132,202.26426696777344,107501000.0,NVDA
2026-04-23 04:00:00+00:00,202.22431724671497,203.59271751351986,196.99041179336916,199.4075927734375,113561800.0,NVDA
2026-04-24 04:00:00+00:00,199.72721882416832,210.70441481695215,199.57738430538978,208.0275421142578,214134400.0,NVDA
2026-04-27 04:00:00+00:00,209.4059296471886,216.5775789683675,207.13858324348888,216.3578338623047,187172400.0,NVDA
2026-04-28 04:00:00+00:00,209.24613572912838,214.4800260296235,207.95762889823203,212.92184448242188,180275400.0,NVDA
2026-04-29 04:00:00+00:00,212.4523894424142,212.47237042757808,207.33835459433345,209.00640869140625,123711800.0,NVDA
2026-04-30 04:00:00+00:00,209.68560172993963,210.05518135667162,198.46867945247158,199.33767700195312,225239200.0,NVDA
2026-05-01 04:00:00+00:00,201.0456862731779,202.76368521944246,196.89052532216473,198.21897888183594,128647000.0,NVDA
2026-05-04 04:00:00+00:00,199.26774870200734,201.49514834231712,194.51329562325486,198.24893188476562,125368100.0,NVDA
2026-05-05 04:00:00+00:00,199.06798360144137,200.00689171848026,195.80178617585554,196.271240234375,113406600.0,NVDA
2026-05-06 04:00:00+00:00,199.65729931010404,208.0275486883452,198.37879062945476,207.5880584716797,188362800.0,NVDA
2026-05-07 04:00:00+00:00,208.0974592073836,213.95063795079753,206.25960488465944,211.2537841796875,168307900.0,NVDA
2026-05-08 04:00:00+00:00,212.7820061205359,217.5464575316693,212.642169707093,214.94947814941406,136421400.0,NVDA
2026-05-11 04:00:00+00:00,213.79081709888328,222.04121091513153,213.64099781886503,219.18453979492188,160685800.0,NVDA
2026-05-12 04:00:00+00:00,218.29558003818886,223.48952345691538,214.6698009927987,220.52297973632812,159176600.0,NVDA
2026-05-13 04:00:00+00:00,224.6681467194947,227.57476278227756,221.3120728008497,225.56710815429688,150405400.0,NVDA
2026-05-14 04:00:00+00:00,229.58243343997336,236.26463268418732,229.03307065698914,235.465576171875,180782900.0,NVDA
2026-05-15 04:00:00+00:00,229.49252726355346,231.23050718880455,223.97896415639156,225.05770874023438,180977600.0,NVDA
2026-05-18 04:00:00+00:00,229.60240180074675,229.7322553439391,218.1157890335498,222.0612030029297,146280900.0,NVDA
2026-05-19 04:00:00+00:00,219.36432694236115,224.21866983705235,217.6563261548179,220.35317993164062,140948200.0,NVDA
2026-05-20 04:00:00+00:00,222.9201831873553,225.8667612103758,220.2433103590018,223.20985412597656,184201600.0,NVDA
2026-05-21 04:00:00+00:00,222.03121805596584,227.13526994336974,217.6762930684293,219.25445556640625,203381800.0,NVDA
2026-05-22 04:00:00+00:00,220.64283833374193,220.75271088945502,214.54994865072538,215.07933044433594,169275700.0,NVDA
2026-05-26 04:00:00+00:00,216.28791550863897,217.92600574795006,211.75320730356688,214.60987854003906,187202600.0,NVDA
2026-05-27 04:00:00+00:00,213.87072806866348,213.90069192498567,208.53694826896,212.35250854492188,167601200.0,NVDA
2026-05-28 04:00:00+00:00,211.03403615445995,215.2691056248748,210.97410844231206,214.00057983398438,143996000.0,NVDA
2026-05-29 04:00:00+00:00,214.33020874183248,217.6063892667686,210.88422794322287,210.8942108154297,289410600.0,NVDA
2026-06-01 04:00:00+00:00,215.47885750139108,224.60821672379726,215.44889364463796,224.09881591796875,212850700.0,NVDA
2026-06-02 04:00:00+00:00,226.91551751623658,232.00958636747916,221.09231801448135,222.56060791015625,193362900.0,NVDA
2026-06-03 04:00:00+00:00,221.46188713313538,222.56061267075634,214.2602739078757,214.5,160907000.0,NVDA
2026-06-04 04:00:00+00:00,213.91000366210938,221.60000610351562,210.97000122070312,218.66000366210938,169022200.0,NVDA
2026-06-05 04:00:00+00:00,214.52999877929688,214.8699951171875,204.3300018310547,205.10000610351562,219655500.0,NVDA
2026-06-08 04:00:00+00:00,210.17999267578125,210.47000122070312,206.0,208.63999938964844,138372800.0,NVDA
2026-06-09 04:00:00+00:00,210.6199951171875,211.39999389648438,199.33999633789062,208.19000244140625,180962500.0,NVDA
2026-06-10 04:00:00+00:00,204.42999267578125,207.22000122070312,199.9199981689453,200.4199981689453,161746600.0,NVDA
2026-06-11 04:00:00+00:00,201.49000549316406,205.66000366210938,199.5399932861328,204.8699951171875,158643200.0,NVDA
2026-06-12 04:00:00+00:00,204.86000061035156,207.07000732421875,203.44000244140625,205.19000244140625,112001800.0,NVDA
2026-06-15 04:00:00+00:00,208.9199981689453,212.7100067138672,208.33999633789062,212.4499969482422,149936700.0,NVDA
2026-06-16 04:00:00+00:00,211.17999267578125,211.49000549316406,207.2899932861328,207.41000366210938,125694100.0,NVDA
2026-06-17 04:00:00+00:00,208.52999877929688,209.2100067138672,203.0800018310547,204.64999389648438,128363500.0,NVDA
2026-06-18 04:00:00+00:00,207.3300018310547,211.38999938964844,206.5,210.69000244140625,241272000.0,NVDA
2026-06-22 04:00:00+00:00,211.44000244140625,213.99000549316406,207.72000122070312,208.64999389648438,122041400.0,NVDA
2026-06-23 04:00:00+00:00,202.1699981689453,203.77000427246094,200.0,200.0399932861328,153496200.0,NVDA
2026-06-24 04:00:00+00:00,200.1199951171875,201.6699981689453,196.5800018310547,199.0,151810700.0,NVDA
2026-06-25 04:00:00+00:00,200.0800018310547,200.8000030517578,192.1300048828125,195.74000549316406,149550000.0,NVDA
2026-06-26 04:00:00+00:00,193.1199951171875,195.5500030517578,191.22000122070312,192.52999877929688,179304100.0,NVDA
2026-06-29 04:00:00+00:00,193.85000610351562,196.17999267578125,189.8000030517578,194.97000122070312,148835700.0,NVDA
2026-06-30 04:00:00+00:00,197.24000549316406,200.6300048828125,195.11000061035156,200.08999633789062,166476700.0,NVDA
2026-07-01 04:00:00+00:00,196.1999969482422,199.85000610351562,193.4499969482422,197.5800018310547,146147600.0,NVDA
2026-07-02 04:00:00+00:00,197.13999938964844,200.05999755859375,192.35000610351562,194.8300018310547,142068700.0,NVDA
2026-07-06 04:00:00+00:00,194.4199981689453,197.5500030517578,193.99000549316406,195.5500030517578,108999000.0,NVDA
2026-07-07 04:00:00+00:00,192.3699951171875,198.41000366210938,191.13999938964844,196.92999267578125,124154600.0,NVDA
2026-07-08 04:00:00+00:00,195.17999267578125,205.16000366210938,195.05999755859375,204.1199951171875,147419100.0,NVDA
2026-07-09 04:00:00+00:00,204.4600067138672,204.58999633789062,198.9600067138672,202.77999877929688,132037400.0,NVDA
2026-07-10 04:00:00+00:00,202.0,211.0,201.9199981689453,210.9600067138672,148421000.0,NVDA
2026-07-13 04:00:00+00:00,208.5399932861328,210.57000732421875,203.0,203.52999877929688,121411000.0,NVDA
2026-07-14 04:00:00+00:00,208.1999969482422,212.5500030517578,203.8000030517578,211.8000030517578,124379600.0,NVDA
2026-07-15 04:00:00+00:00,211.9600067138672,213.80999755859375,206.0399932861328,212.5,124797200.0,NVDA
2026-07-16 04:00:00+00:00,210.1699981689453,211.0800018310547,205.85000610351562,207.39999389648438,122986100.0,NVDA
2026-07-17 04:00:00+00:00,202.63999938964844,206.64999389648438,197.97000122070312,202.80999755859375,144281900.0,NVDA
2026-07-20 04:00:00+00:00,205.8699951171875,207.74000549316406,202.27999877929688,203.27999877929688,88701500.0,NVDA
2026-07-21 04:00:00+00:00,207.5399932861328,208.64999389648438,204.00999450683594,207.2899932861328,108685600.0,NVDA
2026-07-22 04:00:00+00:00,205.80999755859375,214.38999938964844,204.9499969482422,212.05999755859375,137645600.0,NVDA
2026-07-23 04:00:00+00:00,209.4600067138672,210.8699951171875,205.9600067138672,208.75999450683594,110505300.0,NVDA
2026-07-24 04:00:00+00:00,207.4499969482422,211.91000366210938,204.80999755859375,206.83999633789062,114836800.0,NVDA
2026-07-27 04:00:00+00:00,208.1999969482422,208.75,195.44000244140625,196.50999450683594,154353700.0,NVDA
2026-07-28 04:00:00+00:00,195.0,198.6999969482422,192.74000549316406,197.00999450683594,134111500.0,NVDA
2026-07-29 04:00:00+00:00,195.85000610351562,197.07000732421875,190.00999450683594,190.00999450683594,147680800.0,NVDA
2026-07-30 04:00:00+00:00,193.4499969482422,197.25,191.52000427246094,195.0399932861328,129010200.0,NVDA
2026-07-31 04:00:00+00:00,198.44000244140625,202.0,194.9499969482422,200.75,139961200.0,NVDA
2026-08-03 04:00:00+00:00,197.69000244140625,208.74000549316406,196.85000610351562,206.63999938964844,128406900.0,NVDA
2026-08-04 04:00:00+00:00,211.3000030517578,213.05999755859375,209.0500030517578,211.94000244140625,134922000.0,NVDA
2026-08-05 04:00:00+00:00,216.86000061035156,222.22000122070312,216.39999389648438,219.22000122070312,158187400.0,NVDA
2026-08-06 04:00:00+00:00,221.52999877929688,223.6300048828125,217.0,218.99000549316406,113940600.0,NVDA
2026-08-07 04:00:00+00:00,221.5399932861328,224.75999450683594,220.66000366210938,223.9600067138672,105669400.0,NVDA
2026-08-10 04:00:00+00:00,223.39999389648438,224.13999938964844,216.77000427246094,217.5500030517578,115846600.0,NVDA
2026-08-11 04:00:00+00:00,222.1699981689453,222.1999969482422,216.1999969482422,217.5,101273100.0,NVDA
2026-08-12 04:00:00+00:00,221.0399932861328,225.10000610351562,220.1999969482422,224.08999633789062,108783600.0,NVDA
2026-08-13 04:00:00+00:00,225.05999755859375,227.22999572753906,223.7100067138672,225.3000030517578,98867200.0,NVDA
2026-08-14 04:00:00+00:00,226.77000427246094,227.49000549316406,224.5,225.16000366210938,75680900.0,NVDA
2026-08-17 04:00:00+00:00,225.97999572753906,227.9199981689453,224.86000061035156,225.00999450683594,93678700.0,NVDA
2026-08-18 04:00:00+00:00,220.4499969482422,221.63999938964844,218.69000244140625,219.74000549316406,103128200.0,NVDA
2026-08-19 04:00:00+00:00,221.6699981689453,222.8699951171875,216.75999450683594,217.55999755859375,96797300.0,NVDA
2026-08-20 04:00:00+00:00,218.36000061035156,219.86000061035156,215.66000366210938,216.85000610351562,92457000.0,NVDA
2026-08-21 04:00:00+00:00,218.4199981689453,218.74000549316406,214.5,214.72000122070312,98869300.0,NVDA
2026-08-24 04:00:00+00:00,215.52999877929688,215.58999633789062,207.25,208.47999572753906,135187300.0,NVDA
2026-08-25 04:00:00+00:00,211.02999877929688,214.72999572753906,210.11000061035156,213.0500030517578,122309000.0,NVDA
2026-08-26 04:00:00+00:00,212.63999938964844,213.60000610351562,209.22999572753906,209.66000366210938,179900000.0,NVDA
2026-08-27 04:00:00+00:00,222.86000061035156,230.47000122070312,220.89999389648438,227.97999572753906,298909800.0,NVDA
2026-08-28 04:00:00+00:00,227.36000061035156,229.25999450683594,216.80999755859375,217.5500030517578,195116400.0,NVDA
2026-08-31 04:00:00+00:00,218.8699951171875,221.3000030517578,216.2100067138672,220.77999877929688,124702700.0,NVDA
2026-09-01 04:00:00+00:00,216.75,220.41000366210938,215.10000610351562,217.44000244140625,109756200.0,NVDA
2026-09-02 04:00:00+00:00,218.7899932861328,227.9499969482422,218.47999572753906,224.41000366210938,157104700.0,NVDA
2026-09-03 04:00:00+00:00,226.02000427246094,230.39999389648438,224.75,228.4499969482422,134681600.0,NVDA
2026-09-04 04:00:00+00:00,231.08999633789062,234.75999450683594,229.6300048828125,230.36000061035156,134946800.0,NVDA
