datetime,open,high,low,close,volume,symbol
2021-09-07 04:00:00+00:00,46.64614880869494,46.708772743523674,46.048082347545616,46.11383819580078,25345200.0,WMT
2021-09-08 04:00:00+00:00,46.01364045695,46.44261944587656,45.94475269228878,46.17333221435547,19508400.0,WMT
2021-09-09 04:00:00+00:00,46.17332643938913,46.22029797009253,45.6660675919844,45.847679138183594,22328700.0,WMT
2021-09-10 04:00:00+00:00,46.0919117478115,46.10443939971319,45.5376814041688,45.68172073364258,15775200.0,WMT
2021-09-13 04:00:00+00:00,45.87898794787637,46.07625546293544,45.29031373222949,45.42182540893555,19529400.0,WMT
2021-09-14 04:00:00+00:00,45.55334391281575,45.678595365808334,45.06486933796712,45.18385696411133,16533900.0,WMT
2021-09-15 04:00:00+00:00,45.11183497810419,45.32475847860323,45.0241593308077,45.26213455200195,14850000.0,WMT
2021-09-16 04:00:00+00:00,45.22769397527351,45.500113092657706,44.99285064996122,45.412437438964844,18428400.0,WMT
2021-09-17 04:00:00+00:00,45.133757044671455,45.76627096886304,45.09618483390188,45.31850051879883,73032600.0,WMT
2021-09-20 04:00:00+00:00,44.93334897280642,45.46253115322729,44.34467836592767,44.695377349853516,25054500.0,WMT
2021-09-21 04:00:00+00:00,44.68285843721471,45.271532742644965,44.673466280342275,44.783058166503906,17437500.0,WMT
2021-09-22 04:00:00+00:00,44.92396472196265,44.96467242893595,44.55447777953156,44.679725646972656,15044400.0,WMT
2021-09-23 04:00:00+00:00,44.84568036957916,44.97406013769452,44.60457323180565,44.70477294921875,15585300.0,WMT
2021-09-24 04:00:00+00:00,44.62023311033193,44.99285196182254,44.61710119699716,44.83002471923828,13360500.0,WMT
2021-09-27 04:00:00+00:00,44.73609350119749,44.9490170457202,44.41357447903828,44.54195785522461,21250800.0,WMT
2021-09-28 04:00:00+00:00,44.42610280960563,44.48559842462178,43.834300073960506,43.99399185180664,20580900.0,WMT
2021-09-29 04:00:00+00:00,44.04094122605481,44.410431665804104,43.93761319286562,43.97518539428711,21375600.0,WMT
2021-09-30 04:00:00+00:00,44.03781480573185,44.379118046505226,43.60257209877258,43.64327621459961,22457700.0,WMT
2021-10-01 04:00:00+00:00,43.60571785904692,43.721573594134746,42.55988432922766,42.91371536254883,30014400.0,WMT
2021-10-04 04:00:00+00:00,42.92622441359153,43.28318723602561,42.18098680624352,42.50037384033203,29970300.0,WMT
2021-10-05 04:00:00+00:00,42.569257588691364,43.12035596005459,42.553601608923465,42.779052734375,20597400.0,WMT
2021-10-06 04:00:00+00:00,42.66007509816115,43.145417751129905,42.62563121794514,43.092185974121094,19376700.0,WMT
2021-10-07 04:00:00+00:00,43.45540600563674,44.05660791006493,43.44914576276669,43.59944534301758,21068100.0,WMT
2021-10-08 04:00:00+00:00,43.730953216552734,43.86559680275702,43.52742188080911,43.730953216552734,13847400.0,WMT
2021-10-11 04:00:00+00:00,43.68712969577724,44.08166482873647,43.662077969033206,43.69025802612305,13048200.0,WMT
2021-10-12 04:00:00+00:00,43.63075214691624,43.965795145560044,43.54620841906106,43.64327621459961,15789300.0,WMT
2021-10-13 04:00:00+00:00,43.68084961030787,43.84054131894718,43.2518671689575,43.32701873779297,17937900.0,WMT
2021-10-14 04:00:00+00:00,43.36773205450321,43.85933489454605,43.36773205450321,43.79671096801758,19783500.0,WMT
2021-10-15 04:00:00+00:00,44.031551917076186,44.18185148274742,43.824888670494126,44.0096321105957,20737200.0,WMT
2021-10-18 04:00:00+00:00,43.83742519030534,44.4668036290586,43.78419341146911,44.36347198486328,19887000.0,WMT
2021-10-19 04:00:00+00:00,45.28718515728934,45.594048147837924,44.98345407992641,45.305973052978516,33444300.0,WMT
2021-10-20 04:00:00+00:00,45.36859675657322,45.86959894445974,45.36859675657322,45.71616744995117,17453700.0,WMT
2021-10-21 04:00:00+00:00,45.89778318066764,46.00424315418137,45.6566760125402,45.96980285644531,13954500.0,WMT
2021-10-22 04:00:00+00:00,46.060604412742435,46.87159795048569,46.060604412742435,46.44887924194336,21195600.0,WMT
2021-10-25 04:00:00+00:00,46.58664699912552,47.13148156782703,46.34553988389816,46.98744583129883,19287900.0,WMT
2021-10-26 04:00:00+00:00,46.9686619598302,47.14088134259612,46.486451271510155,46.57725524902344,17418600.0,WMT
2021-10-27 04:00:00+00:00,46.643014494605815,46.66180239077244,46.151411614707555,46.195247650146484,14565600.0,WMT
2021-10-28 04:00:00+00:00,46.44887445306718,46.64927388187425,46.2516069372273,46.48331832885742,12598500.0,WMT
2021-10-29 04:00:00+00:00,46.314237380538096,46.999979496453776,46.204645495234885,46.78705596923828,22022700.0,WMT
2021-11-01 04:00:00+00:00,46.96240034198937,47.20350748919882,46.7651328125042,46.90290832519531,12549600.0,WMT
2021-11-02 04:00:00+00:00,46.95927257153648,47.02502841548139,46.74321356037495,46.88098907470703,13638900.0,WMT
2021-11-03 04:00:00+00:00,46.84342048029195,47.059475924697395,46.66493724716461,47.02503204345703,14209500.0,WMT
2021-11-04 04:00:00+00:00,47.025025875767,47.54794426928822,46.91543041949466,47.36946105957031,15149100.0,WMT
2021-11-05 04:00:00+00:00,47.59491798542466,47.59491798542466,46.84968025937522,47.040687561035156,15081900.0,WMT
2021-11-08 05:00:00+00:00,47.0375490195568,47.12835299573154,46.57099431987254,46.740081787109375,15373200.0,WMT
2021-11-09 05:00:00+00:00,46.81836458635529,46.927960047241285,46.61483323050244,46.90290832519531,15001800.0,WMT
2021-11-10 05:00:00+00:00,46.570997843569586,46.84967720258478,46.33615451946333,46.48019027709961,16803600.0,WMT
2021-11-11 05:00:00+00:00,46.583521400217315,46.65240915676207,46.40190985270146,46.49897766113281,13603200.0,WMT
2021-11-12 05:00:00+00:00,46.655543975854975,46.730691980041335,46.19838137368611,46.267269134521484,18313800.0,WMT
2021-11-15 05:00:00+00:00,46.38938515001873,46.483324634655894,45.84141855943085,46.00111389160156,28896000.0,WMT
2021-11-16 05:00:00+00:00,45.434358572978624,45.929093377126335,44.557609177336,44.83002471923828,73986600.0,WMT
2021-11-17 05:00:00+00:00,44.826892180135914,45.315366695171775,44.407305418297064,44.44487762451172,33116100.0,WMT
2021-11-18 05:00:00+00:00,44.507513377942495,44.867604608971575,44.106714436694375,44.826900482177734,24394200.0,WMT
2021-11-19 05:00:00+00:00,44.97092394856134,45.0899115496035,44.44487369044992,44.58578109741211,28119300.0,WMT
2021-11-22 05:00:00+00:00,44.67034125275984,45.515778838600646,44.46367793545974,45.334163665771484,29126400.0,WMT
2021-11-23 05:00:00+00:00,45.1682064270395,45.709912845146214,44.85508313193741,45.656681060791016,29907900.0,WMT
2021-11-24 05:00:00+00:00,45.63162269649064,46.04807755322221,45.603439062012086,45.88525390625,18089400.0,WMT
2021-11-26 05:00:00+00:00,45.85392997027778,46.30482862177783,45.22141980985155,45.37171936035156,21039600.0,WMT
2021-11-29 05:00:00+00:00,45.40304406969301,45.481327571167405,44.53569039406034,44.66093826293945,33039600.0,WMT
2021-11-30 05:00:00+00:00,44.30083464305614,44.620221635998135,43.840540253683514,44.0346794128418,64818900.0,WMT
2021-12-01 05:00:00+00:00,43.99710423908096,44.06286006941349,42.910563498883796,42.94187545776367,36621300.0,WMT
2021-12-02 05:00:00+00:00,43.09531428021432,43.34894549054981,42.34694830163769,42.41896438598633,39805800.0,WMT
2021-12-03 05:00:00+00:00,42.54108467202795,43.173594960882994,42.36260503938955,43.0577392578125,44142600.0,WMT
2021-12-06 05:00:00+00:00,43.07340082011735,43.637027009517055,42.929365046767224,43.52429962158203,32589300.0,WMT
2021-12-07 05:00:00+00:00,43.71217540786124,43.784195086891124,43.239356790621876,43.38339614868164,37739100.0,WMT
2021-12-08 05:00:00+00:00,43.22995812984449,43.36773363998367,42.58805210918666,42.94501495361328,34496400.0,WMT
2021-12-09 05:00:00+00:00,42.95445095469063,43.56435905483805,42.665219523763,43.542354583740234,32351700.0,WMT
2021-12-10 05:00:00+00:00,43.49205226125312,44.422629819191926,43.24997430044015,44.337745666503906,38575500.0,WMT
2021-12-13 05:00:00+00:00,44.089373111713826,45.19286686778988,44.01706347127414,45.13627624511719,54039300.0,WMT
2021-12-14 05:00:00+00:00,45.05138823998864,45.67387064450507,44.689843666700476,45.566978454589844,46721400.0,WMT
2021-12-15 05:00:00+00:00,45.65186550847087,46.04799266283625,45.082829162439246,45.82792282104492,33489900.0,WMT
2021-12-16 05:00:00+00:00,45.82792202964244,46.06685540778716,44.92249368937522,45.06396484375,39069600.0,WMT
2021-12-17 05:00:00+00:00,44.878488458280856,45.25575215724058,43.5077711209573,43.620948791503906,78581100.0,WMT
2021-12-20 05:00:00+00:00,43.422880282387894,43.93532604363299,43.25940105034252,43.76241683959961,31017900.0,WMT
2021-12-21 05:00:00+00:00,43.668096067838086,43.96990552022524,43.3882946790164,43.89445495605469,24620400.0,WMT
2021-12-22 05:00:00+00:00,43.982480210324965,44.01077732013575,43.551774093393135,43.95104217529297,17028000.0,WMT
2021-12-23 05:00:00+00:00,43.95104674254532,44.064227997844924,43.652381780852565,43.85358810424805,17592600.0,WMT
2021-12-27 05:00:00+00:00,43.88817163847967,44.28744336857062,43.87874166592217,44.25285720825195,16040700.0,WMT
2021-12-28 05:00:00+00:00,44.20255797971484,44.94764811778081,44.20255797971484,44.887916564941406,15783000.0,WMT
2021-12-29 05:00:00+00:00,44.85018674362256,45.12370269548996,44.74329454228636,44.86590576171875,13045200.0,WMT
2021-12-30 05:00:00+00:00,45.038818045591505,45.17714828154436,44.793595609520054,45.010520935058594,14949000.0,WMT
2021-12-31 05:00:00+00:00,45.01995484788542,45.59842478563522,44.93192618816652,45.48838806152344,17947800.0,WMT
2022-01-03 05:00:00+00:00,45.271471576483954,45.51983498825988,44.96022848242604,45.47582244873047,20706600.0,WMT
2022-01-04 05:00:00+00:00,45.28403472566178,45.629860299062564,44.56723818838479,44.6426887512207,33930000.0,WMT
2022-01-05 05:00:00+00:00,44.909922754871474,45.88451628699993,44.87534019482385,45.24631118774414,35418000.0,WMT
2022-01-06 05:00:00+00:00,45.1520015469895,45.472674591059906,44.76845242310025,45.12056350708008,21828900.0,WMT
2022-01-07 05:00:00+00:00,45.11427052380343,45.69902952822912,44.944502244822125,45.551265716552734,19723500.0,WMT
2022-01-10 05:00:00+00:00,45.72418328624597,45.771340346912545,44.99481211308877,45.4632453918457,22731600.0,WMT
2022-01-11 05:00:00+00:00,45.33749892489435,45.466399234560335,45.013681285380365,45.334354400634766,21668700.0,WMT
2022-01-12 05:00:00+00:00,45.17086356482709,45.25889223231207,44.95708274195177,45.09540939331055,18946800.0,WMT
2022-01-13 05:00:00+00:00,45.09227355116072,45.79964029853471,44.991670376365846,45.733619689941406,24252600.0,WMT
2022-01-14 05:00:00+00:00,45.34062724746596,46.098295419862815,45.34062724746596,45.60470962524414,26867400.0,WMT
2022-01-18 05:00:00+00:00,45.40035674033812,45.491529917890176,44.68356020545318,44.80617141723633,21123900.0,WMT
2022-01-19 05:00:00+00:00,44.81246189915431,45.58270821574719,44.61754462588558,45.252601623535156,22674000.0,WMT
2022-01-20 05:00:00+00:00,44.752731791033185,45.416082324503115,44.350319138123645,44.39747619628906,22387200.0,WMT
2022-01-21 05:00:00+00:00,44.397471697962864,44.72443014639817,44.03278616767655,44.07365417480469,27508200.0,WMT
2022-01-24 05:00:00+00:00,43.72154572032615,44.180548982337676,43.16822834597172,44.07680130004883,28699200.0,WMT
2022-01-25 05:00:00+00:00,44.01077760918438,44.13024430180207,43.01103153847946,43.117923736572266,29479500.0,WMT
2022-01-26 05:00:00+00:00,43.177655201536496,43.633513907329196,42.49229668022953,42.67778396606445,26185500.0,WMT
2022-01-27 05:00:00+00:00,43.04562564802894,43.72469890453604,42.55832877536238,42.70608901977539,27759000.0,WMT
2022-01-28 05:00:00+00:00,42.75638230905164,43.24996813377615,42.111895343123415,43.234249114990234,25131900.0,WMT
2022-01-31 05:00:00+00:00,43.099069945308244,44.02650658604882,42.97645870186029,43.95419692993164,20193600.0,WMT
2022-02-01 05:00:00+00:00,43.765568386032726,44.375476527713914,43.696406846346925,44.300025939941406,20323200.0,WMT
2022-02-02 05:00:00+00:00,44.328307872633154,44.52951418456672,44.06108096446217,44.281150817871094,18149700.0,WMT
2022-02-03 05:00:00+00:00,44.09567255210953,44.63956004946818,43.94162326339877,44.325172424316406,20741100.0,WMT
2022-02-04 05:00:00+00:00,44.29372497243769,44.32830753190124,43.49518877728407,43.80328369140625,22036500.0,WMT
2022-02-07 05:00:00+00:00,44.032787224057785,44.03592814941027,43.262540942173096,43.37257766723633,20010300.0,WMT
2022-02-08 05:00:00+00:00,43.48575145361392,43.77498639928902,43.23109906441689,43.38200378417969,19458900.0,WMT
2022-02-09 05:00:00+00:00,43.54235310680478,43.633522707639536,43.21853552259285,43.28770065307617,21473700.0,WMT
2022-02-10 05:00:00+00:00,42.92929632218372,43.073912018656245,42.58661522686783,42.78153610229492,27810600.0,WMT
2022-02-11 05:00:00+00:00,43.01418679710377,43.12736447177978,42.181064263942574,42.545753479003906,23733300.0,WMT
2022-02-14 05:00:00+00:00,42.545743348022796,42.743805131006745,41.722054582635636,42.11189270019531,29363400.0,WMT
2022-02-15 05:00:00+00:00,42.36025680424875,42.65263269916801,42.061591862958174,42.243934631347656,21824400.0,WMT
2022-02-16 05:00:00+00:00,42.23136226664558,42.40427147419978,41.718912897113135,41.97985076904297,28490700.0,WMT
2022-02-17 05:00:00+00:00,42.12761908965508,43.847306561935994,42.058453960093914,43.66181564331055,53831400.0,WMT
2022-02-18 05:00:00+00:00,43.416586340657766,43.88501951672234,43.12106594698358,43.38200378417969,31103400.0,WMT
2022-02-22 05:00:00+00:00,43.31284865626575,43.4606124850196,42.737523155209715,42.89786148071289,25380900.0,WMT
2022-02-23 05:00:00+00:00,43.026746566441204,43.13049423181966,42.39168967866375,42.45771026611328,21030900.0,WMT
2022-02-24 05:00:00+00:00,42.09931437287321,42.445139958236304,41.50198450412245,42.29423522949219,31717500.0,WMT
2022-02-25 05:00:00+00:00,42.382268431428706,43.00160643051957,42.15590951511706,42.875850677490234,24997800.0,WMT
2022-02-28 05:00:00+00:00,42.44199273847143,42.778384733122515,42.055299170768336,42.49229431152344,26286600.0,WMT
2022-03-01 05:00:00+00:00,42.71552303013182,43.35058015373126,42.44829605829892,42.75325012207031,24024900.0,WMT
2022-03-02 05:00:00+00:00,42.649500004970726,43.01733013592469,42.498595243608754,42.80669021606445,23863800.0,WMT
2022-03-03 05:00:00+00:00,43.16194267226915,44.161688891352654,42.92929829869425,43.790714263916016,29885100.0,WMT
2022-03-04 05:00:00+00:00,43.32542183507575,44.938216890949434,43.25625671402237,44.900489807128906,35576400.0,WMT
2022-03-07 05:00:00+00:00,44.42262967940299,45.15514900923572,44.15540272492878,44.5389518737793,45870000.0,WMT
2022-03-08 05:00:00+00:00,44.48550668297362,44.78731618499938,43.56750008258881,43.617801666259766,28305600.0,WMT
2022-03-09 05:00:00+00:00,44.0139226283935,44.08937319424579,43.42916365323864,43.844154357910156,22122900.0,WMT
2022-03-10 05:00:00+00:00,43.85358740398237,44.95708123948903,43.702682663845444,44.840755462646484,27512700.0,WMT
2022-03-11 05:00:00+00:00,44.73701683830967,45.2871897626236,44.604972026449346,44.66470718383789,19162200.0,WMT
2022-03-14 04:00:00+00:00,44.64898412703168,45.5386935771415,44.63955415453497,45.28718566894531,22646400.0,WMT
2022-03-15 04:00:00+00:00,45.43809107465412,45.947395945352895,45.22431024904164,45.83107376098633,22872600.0,WMT
2022-03-16 04:00:00+00:00,45.708455384056265,46.19575211196001,45.177146127653415,45.69588088989258,24615900.0,WMT
2022-03-17 04:00:00+00:00,45.58858516394962,45.856845645768225,45.02050095677344,45.76531982421875,19023000.0,WMT
2022-03-18 04:00:00+00:00,45.81896810791045,45.942053549047905,45.481275024913,45.901023864746094,31233300.0,WMT
2022-03-21 04:00:00+00:00,45.89787279685246,46.484893519187096,45.32663550254098,45.5191535949707,21350700.0,WMT
2022-03-22 04:00:00+00:00,45.639079265131016,45.75269465680038,45.12464789957645,45.38344192504883,20235000.0,WMT
2022-03-23 04:00:00+00:00,45.17514189040405,45.36134659015372,44.663867234460604,44.79957580566406,19625400.0,WMT
2022-03-24 04:00:00+00:00,44.93845099703545,45.41816613016324,44.77749252009042,45.07731628417969,13440900.0,WMT
2022-03-25 04:00:00+00:00,45.27297592163086,45.42446430211441,44.89740984967126,45.27297592163086,14085300.0,WMT
2022-03-28 04:00:00+00:00,45.288757432218574,46.096699103500626,45.22563817426105,46.077762603759766,20105700.0,WMT
2022-03-29 04:00:00+00:00,46.26712219031139,46.74052383012076,46.156659881413,46.46595001220703,19934400.0,WMT
2022-03-30 04:00:00+00:00,46.434393483026945,47.39698032739494,46.40599053629953,47.29914474487305,24991500.0,WMT
2022-03-31 04:00:00+00:00,46.95829490661466,47.51059569525899,46.76577681551224,46.99932098388672,27163800.0,WMT
2022-04-01 04:00:00+00:00,47.23286565348233,47.74098368466373,46.97407522123552,47.65892791748047,20939700.0,WMT
2022-04-04 04:00:00+00:00,47.627370119734465,48.35009584768246,47.365422991779575,47.668399810791016,25332600.0,WMT
2022-04-05 04:00:00+00:00,47.61789552819481,48.39112093078434,47.61789552819481,47.80410385131836,18657900.0,WMT
2022-04-06 04:00:00+00:00,47.6620905434176,49.05073622267825,47.497978988597175,48.9150276184082,28018500.0,WMT
2022-04-07 04:00:00+00:00,48.94974009036556,49.71980527480963,48.74144217133147,49.404205322265625,27088200.0,WMT
2022-04-08 04:00:00+00:00,49.520974016022095,49.99437571824801,49.30005298086544,49.678775787353516,23294400.0,WMT
2022-04-11 04:00:00+00:00,49.539906683740966,49.94071903448889,48.48579772294669,48.694095611572266,24712800.0,WMT
2022-04-12 04:00:00+00:00,48.67831468999245,49.04441071764517,48.14494685112171,48.35955810546875,26761200.0,WMT
2022-04-13 04:00:00+00:00,48.42899847508129,49.79870753015787,48.39743884128362,49.618812561035156,29284500.0,WMT
2022-04-14 04:00:00+00:00,49.5840895520649,49.956498959464994,49.369481904132535,49.574623107910156,22360500.0,WMT
2022-04-18 04:00:00+00:00,49.47046995881801,49.85865914799544,48.98444520402833,49.19589614868164,14671800.0,WMT
2022-04-19 04:00:00+00:00,49.44522264882761,49.849195284105306,49.2463948222754,49.754512786865234,15855000.0,WMT
2022-04-20 04:00:00+00:00,49.97544071065247,50.606644203078254,49.956504208585166,50.37940979003906,19821600.0,WMT
2022-04-21 04:00:00+00:00,50.47092660316131,50.73918704630808,50.20266616001454,50.45514678955078,18168300.0,WMT
2022-04-22 04:00:00+00:00,50.57508450663838,50.60980082509005,49.442076352043095,49.50519561767578,21046200.0,WMT
2022-04-25 04:00:00+00:00,49.35054613373777,49.69770928734621,48.71303293936173,49.53043746948242,18057600.0,WMT
2022-04-26 04:00:00+00:00,49.350544803531214,49.90600222256464,48.981292085932,49.01285171508789,19601100.0,WMT
2022-04-27 04:00:00+00:00,49.08544761025712,49.29689859865877,48.60888920021966,48.678321838378906,17496900.0,WMT
2022-04-28 04:00:00+00:00,48.99075868260476,49.54306302985776,48.63413270497125,49.300048828125,14955900.0,WMT
2022-04-29 04:00:00+00:00,49.173814809423256,49.30321002355596,48.1954481542033,48.283817291259766,21088800.0,WMT
2022-05-02 04:00:00+00:00,48.905551238021474,48.915021294826595,47.441163342681705,47.96506118774414,20016000.0,WMT
2022-05-03 04:00:00+00:00,48.10708939828365,48.690949898590794,47.90194814873093,48.1323356628418,17950500.0,WMT
2022-05-04 04:00:00+00:00,47.9808363496521,48.86136373515601,47.81672483196698,48.79824447631836,20022600.0,WMT
2022-05-05 04:00:00+00:00,48.665218831456805,48.725403002697085,47.95570316720665,48.38014602661133,23234400.0,WMT
2022-05-06 04:00:00+00:00,48.05388841491289,48.763403990977785,46.96427339636477,47.37287902832031,34258200.0,WMT
2022-05-09 04:00:00+00:00,47.02762361622723,48.494166226836306,46.938933266962515,47.927188873291016,28207200.0,WMT
2022-05-10 04:00:00+00:00,47.965197614842126,48.23760136694147,47.05613147114591,47.25251388549805,24861300.0,WMT
2022-05-11 04:00:00+00:00,47.32219771891261,47.749808670794614,46.533496296460754,46.75838851928711,27878700.0,WMT
2022-05-12 04:00:00+00:00,46.834399715926764,47.55975234088192,46.40995698289116,46.71403503417969,25244400.0,WMT
2022-05-13 04:00:00+00:00,46.78690021323373,46.99911982179356,46.289604186609516,46.89459228515625,19962300.0,WMT
2022-05-16 04:00:00+00:00,47.31586936541972,47.426733228041584,46.39096591461029,46.945274353027344,21449100.0,WMT
2022-05-17 04:00:00+00:00,43.213969659216176,43.53388491205899,41.379996703658016,41.604888916015625,132940200.0,WMT
2022-05-18 04:00:00+00:00,40.55329198612174,40.62931333217622,38.49442644584534,38.779502868652344,104253000.0,WMT
2022-05-19 04:00:00+00:00,38.28537055971031,38.5767796443388,37.56635051529528,37.7152214050293,71008500.0,WMT
2022-05-20 04:00:00+00:00,37.89577875765306,38.275874654356194,37.145084196185174,37.75640869140625,49356000.0,WMT
2022-05-23 04:00:00+00:00,37.98445807176976,39.203942287906855,37.96545636181583,38.83334732055664,43680900.0,WMT
2022-05-24 04:00:00+00:00,38.393063321906354,39.45100399359759,38.351888117558495,39.317970275878906,34584900.0,WMT
2022-05-25 04:00:00+00:00,39.276790562319526,39.48901377382357,38.833346054873694,39.077239990234375,27121800.0,WMT
2022-05-26 04:00:00+00:00,39.68856189721555,40.036983336904086,39.40348915112554,39.91028594970703,28197600.0,WMT
2022-05-27 04:00:00+00:00,39.74875435713645,40.740174668628384,39.69173834605263,40.695831298828125,25299900.0,WMT
2022-05-31 04:00:00+00:00,40.37273699870287,41.14560116458145,40.360064360815755,40.74333190917969,36912300.0,WMT
2022-06-01 04:00:00+00:00,40.70216241080601,40.835196139927696,39.49218620792039,39.736080169677734,28534800.0,WMT
2022-06-02 04:00:00+00:00,39.77408778742577,40.39491301727722,39.381319325725066,40.388580322265625,23214300.0,WMT
2022-06-03 04:00:00+00:00,40.12250784411706,40.36006908374996,39.62204733590482,39.69490051269531,18302700.0,WMT
2022-06-06 04:00:00+00:00,39.85327045798915,40.00530949949953,39.463670187562734,39.55236053466797,19855500.0,WMT
2022-06-07 04:00:00+00:00,38.40256693705303,39.11525065869731,38.2885349316642,39.077239990234375,47707800.0,WMT
2022-06-08 04:00:00+00:00,38.75415275509802,39.24828052193629,38.627455372517005,38.73831558227539,22522800.0,WMT
2022-06-09 04:00:00+00:00,38.64329634517147,39.387654415717876,38.323381072821036,38.332881927490234,19880100.0,WMT
2022-06-10 04:00:00+00:00,37.93061035089659,38.87768709668235,37.80074117888578,38.54826736450195,25238100.0,WMT
2022-06-13 04:00:00+00:00,37.92743781636392,38.40256021428499,37.721550960611964,37.82291030883789,24897900.0,WMT
2022-06-14 04:00:00+00:00,37.7342214203492,38.00979329168908,37.4301433640074,37.838748931884766,21544200.0,WMT
2022-06-15 04:00:00+00:00,38.00028922435816,38.13965560305532,37.34461802559776,37.81340408325195,25914000.0,WMT
2022-06-16 04:00:00+00:00,37.48716060553646,38.56727101086343,37.4491499410056,38.206180572509766,30706800.0,WMT
2022-06-17 04:00:00+00:00,38.01613050335408,38.28853059677336,37.36679555273217,37.46815490722656,36838800.0,WMT
2022-06-21 04:00:00+00:00,37.47132651951345,38.890357613191405,37.44598486610652,38.697139739990234,23916600.0,WMT
2022-06-22 04:00:00+00:00,38.6749717117552,39.03923035697635,38.196681058121435,38.228355407714844,20235000.0,WMT
2022-06-23 04:00:00+00:00,38.56410289040833,39.26411752582544,38.38989399010896,39.15642547607422,18040800.0,WMT
2022-06-24 04:00:00+00:00,39.30529543307875,39.691727514129305,39.01071822688229,39.1880989074707,31845900.0,WMT
2022-06-27 04:00:00+00:00,39.20710838367196,39.51119012849395,38.89352940839193,39.31480407714844,19889100.0,WMT
2022-06-28 04:00:00+00:00,39.48585087977386,39.77409184174653,38.73515638955454,38.760498046875,15399000.0,WMT
2022-06-29 04:00:00+00:00,38.92520435354606,39.07091072046131,38.317048104414155,38.617958068847656,19111500.0,WMT
2022-06-30 04:00:00+00:00,38.2885414363027,38.66230823982308,37.974962430453296,38.51026916503906,19166100.0,WMT
2022-07-01 04:00:00+00:00,38.624293809250766,38.93470462452428,38.37722807118936,38.84284973144531,17460900.0,WMT
2022-07-05 04:00:00+00:00,38.709813057444144,39.4383339508798,38.51976334070074,39.355979919433594,18218100.0,WMT
2022-07-06 04:00:00+00:00,39.428821554815116,39.998970590570565,39.37180918866685,39.634708404541016,21300000.0,WMT
2022-07-07 04:00:00+00:00,39.65372168453629,39.76141736980078,39.314801079323935,39.69490051269531,17487300.0,WMT
2022-07-08 04:00:00+00:00,39.8532752709063,40.103509168840425,39.64105566906146,39.72024154663086,14751000.0,WMT
2022-07-11 04:00:00+00:00,39.59987828035843,40.01482026871155,39.473180871631975,39.736080169677734,11532900.0,WMT
2022-07-12 04:00:00+00:00,39.62838766750849,40.2682182743922,39.504854795421984,39.61571502685547,13732200.0,WMT
2022-07-13 04:00:00+00:00,39.416169455686834,40.05600014406435,39.24829319462435,39.71074676513672,12689100.0,WMT
2022-07-14 04:00:00+00:00,39.327466899958374,40.64514217037788,39.32113420568447,40.48676681518555,20905500.0,WMT
2022-07-15 04:00:00+00:00,40.79718730606889,41.262805337609144,40.55962605021041,40.88270950317383,21184200.0,WMT
2022-07-18 04:00:00+00:00,40.749670909838635,41.27230855667533,40.62614167049267,40.787681579589844,14243700.0,WMT
2022-07-19 04:00:00+00:00,40.9840664330223,41.164611671751274,40.73383617673904,41.03791427612305,16995300.0,WMT
2022-07-20 04:00:00+00:00,41.33882967375556,41.592228123366034,41.01891435767842,41.3800048828125,18564900.0,WMT
2022-07-21 04:00:00+00:00,41.39267016898715,41.988157325985206,41.33565416861934,41.984989166259766,18764700.0,WMT
2022-07-22 04:00:00+00:00,41.98182397670843,42.25105957407171,41.56688202083995,41.877296447753906,13616400.0,WMT
2022-07-25 04:00:00+00:00,41.93430850180974,42.03249970161516,41.63973127749686,41.81711196899414,20535300.0,WMT
2022-07-26 04:00:00+00:00,38.367723493189054,38.861851296471805,38.02880289493259,38.636959075927734,95391600.0,WMT
2022-07-27 04:00:00+00:00,38.40256867420136,40.154187788720805,38.33605181383074,40.097171783447266,42159600.0,WMT
2022-07-28 04:00:00+00:00,39.99581463269572,41.338828179535774,39.99581463269572,41.09809875488281,33262200.0,WMT
2022-07-29 04:00:00+00:00,40.6451482357419,41.89313505620974,40.54695339842931,41.82661819458008,30141900.0,WMT
2022-08-01 04:00:00+00:00,41.51303680337464,42.51712598943841,41.49403146903096,41.9818229675293,24996300.0,WMT
2022-08-02 04:00:00+00:00,42.17504737846993,42.35242812513339,41.62073888871765,42.02617645263672,19695000.0,WMT
2022-08-03 04:00:00+00:00,41.86146509474754,42.10852723172063,41.13294407559409,41.335662841796875,32003100.0,WMT
2022-08-04 04:00:00+00:00,41.38951107661252,41.430686287373526,39.698075902349174,39.77409362792969,53106000.0,WMT
2022-08-05 04:00:00+00:00,39.75507738138661,40.166851125389634,39.63154815810291,40.093997955322266,32007000.0,WMT
2022-08-08 04:00:00+00:00,40.116179439104776,40.610307305367805,40.10351042327681,40.420257568359375,18175200.0,WMT
2022-08-09 04:00:00+00:00,40.50894061739655,40.851029357287885,40.29354926271143,40.81935501098633,19325100.0,WMT
2022-08-10 04:00:00+00:00,41.177280457950474,41.224791981047545,40.66731546860217,40.904876708984375,25251000.0,WMT
2022-08-11 04:00:00+00:00,41.26118215237343,41.474329655271106,40.911243218355374,41.29935836791992,23854500.0,WMT
2022-08-12 04:00:00+00:00,41.356620756924954,42.26010393159189,41.29936007192695,42.0628662109375,26625000.0,WMT
2022-08-15 04:00:00+00:00,41.87517334882953,42.49234221513532,41.78927867526444,42.18375778198242,26516100.0,WMT
2022-08-16 04:00:00+00:00,44.187948135488924,44.833747143788365,43.96207648824957,44.33747100830078,91773300.0,WMT
2022-08-17 04:00:00+00:00,44.08297636287611,45.40320868425606,44.02889399548512,44.38520050048828,41792100.0,WMT
2022-08-18 04:00:00+00:00,44.388379856086146,44.671515891788616,44.06071096724349,44.242042541503906,19197600.0,WMT
2022-08-19 04:00:00+00:00,44.194314976925355,44.242033419187976,43.554876200418185,43.58987045288086,22918800.0,WMT
2022-08-22 04:00:00+00:00,43.329009018711744,43.49443441136862,42.76910096845675,42.81045913696289,18667200.0,WMT
2022-08-23 04:00:00+00:00,42.823183232445494,42.93452990698763,42.37780381564462,42.629127502441406,16955100.0,WMT
2022-08-24 04:00:00+00:00,42.74047608377979,43.03951825247274,42.50188019671687,42.93771743774414,15766500.0,WMT
2022-08-25 04:00:00+00:00,43.036337869146216,43.26220957280412,42.95680347675876,43.22403335571289,19414500.0,WMT
2022-08-26 04:00:00+00:00,43.300384886496815,43.52943856283962,41.83699711854485,41.865631103515625,21331800.0,WMT
2022-08-29 04:00:00+00:00,41.62066396178422,42.587771628279825,41.54431153619255,42.272823333740234,17381700.0,WMT
2022-08-30 04:00:00+00:00,42.419166616084006,42.51778547069267,41.910162552925506,42.14557647705078,14468100.0,WMT
2022-08-31 04:00:00+00:00,42.24100968971784,42.56232188970587,41.97060153229046,42.167842864990234,22460700.0,WMT
2022-09-01 04:00:00+00:00,42.16466485291659,42.99179555064345,42.12012472167904,42.78183364868164,21741900.0,WMT
2022-09-02 04:00:00+00:00,42.89954312793892,43.16040545184253,42.13285502532437,42.311004638671875,17234400.0,WMT
2022-09-06 04:00:00+00:00,42.32690026566715,42.50823543284485,41.58566437249645,42.10103225708008,21899700.0,WMT
2022-09-07 04:00:00+00:00,42.330087919108486,43.2558410614665,42.228287111468816,43.18267059326172,17058900.0,WMT
2022-09-08 04:00:00+00:00,43.074507220439834,43.542156743081954,42.909081813009664,43.40217971801758,16956000.0,WMT
2022-09-09 04:00:00+00:00,43.36083013335593,43.74258139718442,43.30674776380338,43.53261947631836,16140600.0,WMT
2022-09-12 04:00:00+00:00,43.60896373875924,43.981172729584166,43.57396948213918,43.923912048339844,14284500.0,WMT
2022-09-13 04:00:00+00:00,43.53897062715621,43.88573119873485,42.886811292932684,43.017242431640625,17687400.0,WMT
2022-09-14 04:00:00+00:00,43.14767418916693,43.43398849130839,42.66094023959482,42.92180252075195,19934700.0,WMT
2022-09-15 04:00:00+00:00,42.96316952822952,42.994981830491646,42.30146417539734,42.46052932739258,20189400.0,WMT
2022-09-16 04:00:00+00:00,41.992871823424686,42.80409630010364,41.763818193395984,42.37144470214844,41874300.0,WMT
2022-09-19 04:00:00+00:00,42.253741870706286,42.8709070315711,42.14239518225314,42.73411560058594,16853100.0,WMT
2022-09-20 04:00:00+00:00,42.463699479881925,42.59095230514606,42.16466098357129,42.48596954345703,13963500.0,WMT
2022-09-21 04:00:00+00:00,43.087231952887116,43.7266671122119,42.82636602863982,42.87408447265625,24903600.0,WMT
2022-09-22 04:00:00+00:00,42.81046866226307,42.858187116067896,42.260106362600645,42.43507766723633,16744500.0,WMT
2022-09-23 04:00:00+00:00,42.26965048885704,42.3682693507769,40.9653242947173,41.375709533691406,27195300.0,WMT
2022-09-26 04:00:00+00:00,40.958954827383316,42.03740543134043,40.80625363138243,41.77336120605469,23011200.0,WMT
2022-09-27 04:00:00+00:00,42.06604340748905,42.44779461343986,41.45205660757315,41.65884017944336,17171700.0,WMT
2022-09-28 04:00:00+00:00,41.80518425154913,42.517790016153775,41.267549790074746,42.34600067138672,16838400.0,WMT
2022-09-29 04:00:00+00:00,42.47006779315762,42.66730914663877,41.87516905600198,42.07240676879883,15241500.0,WMT
2022-09-30 04:00:00+00:00,42.06922709192983,42.10739966561276,41.26118087768555,41.26118087768555,19602300.0,WMT
2022-10-03 04:00:00+00:00,41.4329756559119,42.244200294239995,41.35980517552344,42.1614875793457,17574900.0,WMT
2022-10-04 04:00:00+00:00,42.584596862927064,43.0108882693233,42.4287173089369,42.70866775512695,16134300.0,WMT
2022-10-05 04:00:00+00:00,42.55277919817822,42.82636933380771,42.15511818598359,42.285552978515625,14553900.0,WMT
2022-10-06 04:00:00+00:00,42.33645075178083,42.78183018398158,41.859259023092015,41.89107131958008,14200500.0,WMT
2022-10-07 04:00:00+00:00,41.77336655596048,41.88152764155263,40.742630620435634,40.89851379394531,17080500.0,WMT
2022-10-10 04:00:00+00:00,41.207099678025216,41.3343525159485,40.80943865528479,41.14029312133789,11411700.0,WMT
2022-10-11 04:00:00+00:00,41.200732666980024,42.56550132081865,41.18482651851999,42.206016540527344,21276000.0,WMT
2022-10-12 04:00:00+00:00,42.31418493826805,42.87408942220293,41.665203830808814,41.72882843017578,16947600.0,WMT
2022-10-13 04:00:00+00:00,41.127567629500696,42.29191303830066,40.83807134611328,42.08195114135742,20545500.0,WMT
2022-10-14 04:00:00+00:00,42.13285860036693,42.38099675309018,41.372530709012715,41.4934196472168,16641000.0,WMT
2022-10-17 04:00:00+00:00,41.66203038578483,42.256932889753145,41.54432339663034,41.79246520996094,17812500.0,WMT
2022-10-18 04:00:00+00:00,42.44779622089098,42.97907034031436,42.415983922580715,42.673667907714844,16842300.0,WMT
2022-10-19 04:00:00+00:00,42.73412684650362,42.86137607744066,42.30147145181012,42.552791595458984,11339400.0,WMT
2022-10-20 04:00:00+00:00,42.62277398790875,43.07451378961058,42.51779120309985,42.65776824951172,12754800.0,WMT
2022-10-21 04:00:00+00:00,42.886814737075184,43.71394540234446,42.62913075594436,43.5198860168457,18134700.0,WMT
2022-10-24 04:00:00+00:00,43.726660466445594,44.69058963622138,43.6248596784091,44.35019302368164,18806700.0,WMT
2022-10-25 04:00:00+00:00,44.24840269365436,44.6778723667177,44.00344289674689,44.56016540527344,15051300.0,WMT
2022-10-26 04:00:00+00:00,44.65242796472355,45.18688409622016,44.480638623909805,44.90056610107422,20754300.0,WMT
2022-10-27 04:00:00+00:00,44.85921059894583,45.205971231392965,44.630156935900544,44.77013397216797,16602900.0,WMT
2022-10-28 04:00:00+00:00,44.55380113575017,45.460462489322076,44.55061917802911,45.336395263671875,13648200.0,WMT
2022-10-31 04:00:00+00:00,45.28231861583724,45.514550589191096,45.10098705038863,45.279136657714844,22572000.0,WMT
2022-11-01 04:00:00+00:00,45.48274193110035,45.66725546944519,45.015095988826225,45.075538635253906,14814300.0,WMT
2022-11-02 04:00:00+00:00,44.90692422008389,45.67361223818488,44.760586923797895,44.776493072509766,15522000.0,WMT
2022-11-03 04:00:00+00:00,44.382015519395935,45.08189700823798,44.24522045147657,44.76694869995117,10976400.0,WMT
2022-11-04 04:00:00+00:00,45.18369988618174,45.24096056980969,44.15296389266641,44.84648513793945,14669400.0,WMT
2022-11-07 05:00:00+00:00,44.93873743296619,45.482735739498914,44.93873743296619,45.31731033325195,11364000.0,WMT
2022-11-08 05:00:00+00:00,45.35866951863846,45.83267932373074,45.018269184022536,45.42547607421875,15068400.0,WMT
2022-11-09 05:00:00+00:00,45.41592780760253,45.54318063671329,44.28657305689514,44.36928939819336,15932100.0,WMT
2022-11-10 05:00:00+00:00,45.336407115907164,45.39366780712026,44.696968152110465,45.28868865966797,20310600.0,WMT
2022-11-11 05:00:00+00:00,45.38729580451826,45.530454776934384,44.53471316685096,45.358665466308594,19270800.0,WMT
2022-11-14 05:00:00+00:00,45.059625285206735,45.59408134596139,43.98753484651268,44.02571105957031,37525800.0,WMT
2022-11-15 05:00:00+00:00,46.32259159554633,47.80506717319998,45.98537688643847,46.90476608276367,76548600.0,WMT
2022-11-16 05:00:00+00:00,47.04474396840581,47.782801690571375,46.80296976556308,47.24198532104492,32593200.0,WMT
2022-11-17 05:00:00+00:00,46.76797161036323,47.3151518504199,46.67253107972312,47.082916259765625,24791400.0,WMT
2022-11-18 05:00:00+00:00,47.61419751217835,47.795532727323504,47.32788315856728,47.79235076904297,18987000.0,WMT
2022-11-21 05:00:00+00:00,47.9132286831381,48.39996260830303,47.77961195086731,48.08501434326172,21157200.0,WMT
2022-11-22 05:00:00+00:00,48.35542408165735,48.49857939915935,48.07547008011532,48.25680160522461,16898400.0,WMT
2022-11-23 05:00:00+00:00,48.38087946579666,48.7912646552953,48.31725487102653,48.489044189453125,16920600.0,WMT
2022-11-25 05:00:00+00:00,48.393607020020305,48.70218775916099,48.31089067847219,48.69582748413086,8777400.0,WMT
2022-11-28 05:00:00+00:00,48.58448390908037,49.19528879206238,48.58448390908037,48.8358039855957,17674800.0,WMT
2022-11-29 05:00:00+00:00,48.683105006203164,48.899434476065565,48.53040377842735,48.66402053833008,13841700.0,WMT
2022-11-30 05:00:00+00:00,48.54948682634793,48.600387230300846,48.10092906439766,48.489044189453125,31338000.0,WMT
2022-12-01 05:00:00+00:00,48.37133994899926,48.867619825578274,47.95140886229471,48.79126739501953,22732200.0,WMT
2022-12-02 05:00:00+00:00,48.19000514287574,48.749913263084125,48.19000514287574,48.74354934692383,20733000.0,WMT
2022-12-05 05:00:00+00:00,48.594025949905124,48.673556691722425,47.88141666862294,48.244083404541016,23608200.0,WMT
2022-12-06 05:00:00+00:00,48.10093032958988,48.326798375101625,47.46785540106004,47.684181213378906,20625600.0,WMT
2022-12-07 05:00:00+00:00,47.87824028120242,48.10410832520384,47.343784208870844,47.43604278564453,17550300.0,WMT
2022-12-08 05:00:00+00:00,47.63082414328217,47.6691406120896,47.30511040476642,47.50947952270508,13512600.0,WMT
2022-12-09 05:00:00+00:00,47.09116461506353,47.170998822956186,46.37267867048063,46.40142059326172,27929400.0,WMT
2022-12-12 05:00:00+00:00,46.5898243446371,47.29234789891748,46.48125551258282,47.26679992675781,19432200.0,WMT
2022-12-13 05:00:00+00:00,47.899071475952624,47.962935930078125,46.85806552518859,47.09756088256836,23408100.0,WMT
2022-12-14 05:00:00+00:00,46.969821599705256,47.429652181555085,46.608981638468705,46.8357048034668,20334600.0,WMT
2022-12-15 05:00:00+00:00,46.48764508866379,46.75587870672435,45.86495572741296,46.41739273071289,17514000.0,WMT
2022-12-16 05:00:00+00:00,46.13638323050824,46.21302349521704,45.52646968390471,45.583946228027344,40343100.0,WMT
2022-12-19 05:00:00+00:00,45.66696531783278,45.84259619157655,45.2582270330535,45.59990692138672,15067500.0,WMT
2022-12-20 05:00:00+00:00,45.63823302905118,46.18747608479142,45.42428565388276,45.99907302856445,17009400.0,WMT
2022-12-21 05:00:00+00:00,46.085291345367025,46.60260217348786,46.06613127902081,46.35991287231445,13726500.0,WMT
2022-12-22 05:00:00+00:00,46.22899855917585,46.29605697657593,45.32210929284031,45.81706619262695,13082400.0,WMT
2022-12-23 05:00:00+00:00,45.67974685256897,45.91924219971014,45.43386359852468,45.90966033935547,9547500.0,WMT
2022-12-27 05:00:00+00:00,45.995870775614975,46.12679726339485,45.72444325019108,45.922428131103516,10044600.0,WMT
2022-12-28 05:00:00+00:00,45.81386117082646,45.877725618748656,44.996384543314285,45.11772918701172,15246300.0,WMT
2022-12-29 05:00:00+00:00,45.3891513152821,45.6701570451689,45.26461273320508,45.39234161376953,9171900.0,WMT
2022-12-30 05:00:00+00:00,45.20394306577652,45.341253807519,44.9644477559656,45.27738571166992,11505900.0,WMT
2023-01-03 05:00:00+00:00,45.52008152265188,45.89049972158375,45.373192555326185,45.855377197265625,17249700.0,WMT
2023-01-04 05:00:00+00:00,45.797894793090904,45.999069995523705,45.36680246330007,45.906463623046875,13338300.0,WMT
2023-01-05 05:00:00+00:00,45.81066667923413,46.02461403902293,45.55201128289813,45.749996185302734,13274400.0,WMT
2023-01-06 05:00:00+00:00,46.17470610672022,47.116721432358034,46.059749357234864,46.8708381652832,21231900.0,WMT
2023-01-09 05:00:00+00:00,46.72395263868509,47.21571555473925,46.23857397593484,46.28647232055664,17756700.0,WMT
2023-01-10 05:00:00+00:00,46.283269078871335,46.44612780319535,45.89688479116792,46.25772476196289,11970600.0,WMT
2023-01-11 05:00:00+00:00,46.53872649398267,46.679227522609246,46.21620305177738,46.66326141357422,14834700.0,WMT
2023-01-12 05:00:00+00:00,46.75268315388055,46.75587710720704,46.1076434494641,46.24176025390625,12472800.0,WMT
2023-01-13 05:00:00+00:00,46.471663751978674,46.56427010651583,45.938390602056096,46.39502716064453,13699800.0,WMT
2023-01-17 05:00:00+00:00,46.39503836034335,46.52915516835976,46.04697052665586,46.11402893066406,15122400.0,WMT
2023-01-18 05:00:00+00:00,46.046967591155905,46.06293370278721,44.85907280638849,44.974029541015625,22674300.0,WMT
2023-01-19 05:00:00+00:00,45.149672103085244,45.19437649633569,44.319419465845456,44.33219528198242,17342100.0,WMT
2023-01-20 05:00:00+00:00,44.514200923993094,44.95487147163152,44.1214287133747,44.87823486328125,29543100.0,WMT
2023-01-23 05:00:00+00:00,44.85268471518858,45.666967368256586,44.769660204166094,45.5488166809082,13149900.0,WMT
2023-01-24 05:00:00+00:00,46.797390418292174,46.797390418292174,45.02512627149688,45.670166015625,13669200.0,WMT
2023-01-25 05:00:00+00:00,45.42108596662625,45.612682952136666,44.830328899169835,45.45301818847656,12491700.0,WMT
2023-01-26 05:00:00+00:00,45.67335600285374,45.90327312923526,45.26781164645123,45.41150665283203,15819000.0,WMT
2023-01-27 05:00:00+00:00,45.53604187212383,46.13318318049898,45.26461433689953,45.75957107543945,18412800.0,WMT
2023-01-30 05:00:00+00:00,45.382763409490536,45.488141928601216,45.11133588388273,45.39234161376953,15897600.0,WMT
2023-01-31 05:00:00+00:00,45.446636515076946,45.94478728395901,45.2358830910796,45.94159698486328,14103600.0,WMT
2023-02-01 05:00:00+00:00,45.87453215124032,46.49722148830177,45.56797841267713,46.197052001953125,12849300.0,WMT
2023-02-02 05:00:00+00:00,46.114022841164726,46.25772149044013,45.64461407509417,45.86175537109375,17806800.0,WMT
2023-02-03 05:00:00+00:00,45.778735321425465,45.97033232097292,44.980418753454664,45.25184631347656,17155500.0,WMT
2023-02-06 05:00:00+00:00,45.2869732402595,45.37638566211552,44.71537618546054,44.92293930053711,17454000.0,WMT
2023-02-07 05:00:00+00:00,44.6323534729832,45.120922377957406,44.28747958504422,45.01873779296875,16341300.0,WMT
2023-02-08 05:00:00+00:00,44.81117674588039,45.05705633924556,44.70260425774997,44.77605056762695,11691300.0,WMT
2023-02-09 05:00:00+00:00,44.98360649549817,45.32528270891424,44.887806181747976,45.191165924072266,13064400.0,WMT
2023-02-10 05:00:00+00:00,45.69251301377274,45.96394055098043,45.398731459747594,45.8936882019043,15002700.0,WMT
2023-02-13 05:00:00+00:00,46.209827236920745,46.660079633604745,46.14595913471272,46.593017578125,16015800.0,WMT
2023-02-14 05:00:00+00:00,46.535548353991516,46.9826032132887,46.16193615944787,46.45890808105469,13831200.0,WMT
2023-02-15 05:00:00+00:00,46.28965893027981,46.81335764740332,46.161930031553304,46.803775787353516,14674200.0,WMT
2023-02-16 05:00:00+00:00,46.45570495767491,46.61856367831531,46.04058240923677,46.06932067871094,16312200.0,WMT
2023-02-17 05:00:00+00:00,46.33755601318642,46.84209465096396,46.16511908104551,46.76226043701172,24770700.0,WMT
2023-02-21 05:00:00+00:00,45.62545345088102,47.36897901224842,45.39234239279686,47.04645919799805,54393900.0,WMT
2023-02-22 05:00:00+00:00,46.867644462014525,47.12310593690724,45.58714313391307,46.059749603271484,29844000.0,WMT
2023-02-23 05:00:00+00:00,46.101263812350304,46.101263812350304,44.93252518500792,45.373199462890625,22021200.0,WMT
2023-02-24 05:00:00+00:00,44.97402880667404,45.58075200198311,44.555708649065075,45.49453353881836,20623500.0,WMT
2023-02-27 05:00:00+00:00,45.57116317950511,45.69250780002617,44.916541750106596,45.165618896484375,16647300.0,WMT
2023-02-28 05:00:00+00:00,45.02512724134263,45.552016297327576,45.009161127792126,45.38596725463867,18054000.0,WMT
2023-03-01 05:00:00+00:00,45.04429175161842,45.11454411993394,44.50463048244313,44.75370407104492,14180100.0,WMT
2023-03-02 05:00:00+00:00,44.65470222974828,44.942095884354245,44.546129750591284,44.865455627441406,14785500.0,WMT
2023-03-03 05:00:00+00:00,45.03789327018177,45.08579160431276,44.632348925033895,44.919742584228516,16888800.0,WMT
2023-03-06 05:00:00+00:00,44.865458444632,45.018735313673645,44.71218157559035,44.91335678100586,16720800.0,WMT
2023-03-07 05:00:00+00:00,45.08261011479111,45.242271259759185,44.31941595508814,44.46630859375,17387400.0,WMT
2023-03-08 05:00:00+00:00,44.24597559308469,44.36093235432685,43.83723353922784,44.099082946777344,19090800.0,WMT
2023-03-09 05:00:00+00:00,44.33218778298195,44.3800861221644,43.72227056994982,43.802101135253906,15415800.0,WMT
2023-03-10 05:00:00+00:00,43.754201586252165,44.156555663959395,43.45722969888692,43.73823547363281,20065200.0,WMT
2023-03-13 04:00:00+00:00,43.64563152538969,44.226806778991175,43.613699301047916,43.865966796875,28142100.0,WMT
2023-03-14 04:00:00+00:00,43.96816007020737,44.15336920065573,43.747824755155904,44.099082946777344,25542600.0,WMT
2023-03-15 04:00:00+00:00,43.712688467981906,44.64512181262119,43.655208273440465,44.59083557128906,33133500.0,WMT
2023-03-16 04:00:00+00:00,44.70626136279949,44.77680165054568,44.2092759740858,44.33753204345703,28905600.0,WMT
2023-03-17 04:00:00+00:00,44.30867224735975,44.725499885418955,44.116293647689275,44.6966438293457,43081200.0,WMT
2023-03-20 04:00:00+00:00,44.921092373517624,45.504649640293614,44.828106441595075,45.1776008605957,33928500.0,WMT
2023-03-21 04:00:00+00:00,45.3347218179168,45.3347218179168,44.738336258705424,45.023704528808594,19013400.0,WMT
2023-03-22 04:00:00+00:00,45.09423839586479,45.28020659995214,44.71588789916098,44.73512649536133,18548400.0,WMT
2023-03-23 04:00:00+00:00,44.95315105180652,45.40524882114661,44.72549864524503,45.097434997558594,22044300.0,WMT
2023-03-24 04:00:00+00:00,45.21286982827206,45.68099918100618,45.08141037875489,45.46617126464844,22752300.0,WMT
2023-03-27 04:00:00+00:00,45.78359759684215,46.48578971492714,45.78039055317583,46.22607421875,26775600.0,WMT
2023-03-28 04:00:00+00:00,46.05934855524179,46.30303254259088,45.86696993622752,46.04652404785156,21282900.0,WMT
2023-03-29 04:00:00+00:00,46.2902107943872,46.479386049870165,45.995225090507255,46.245323181152344,24216900.0,WMT
2023-03-30 04:00:00+00:00,46.65252632231423,47.00522779103567,46.49862122761403,46.707035064697266,21879000.0,WMT
2023-03-31 04:00:00+00:00,46.998813054416964,47.595194829480164,46.96354290803135,47.277767181396484,20868000.0,WMT
2023-04-03 04:00:00+00:00,47.3675475996602,47.75872629694784,47.29380392407543,47.675357818603516,19766700.0,WMT
2023-04-04 04:00:00+00:00,47.624049788974204,47.7074182562437,47.13989255244808,47.20722579956055,18113700.0,WMT
2023-04-05 04:00:00+00:00,47.18798965871115,48.05691149768436,47.1783685261166,47.98957824707031,26540700.0,WMT
2023-04-06 04:00:00+00:00,47.71062134355325,48.42884875740534,47.62084612753514,48.35189437866211,17891700.0,WMT
2023-04-10 04:00:00+00:00,48.210816478116925,48.4545004651722,48.02164123413808,48.2589111328125,14519100.0,WMT
2023-04-11 04:00:00+00:00,48.41602123200834,48.41602123200834,47.97354455644866,48.11783218383789,18370500.0,WMT
2023-04-12 04:00:00+00:00,48.02805762941783,48.40640813554857,47.82926124331905,47.88376998901367,11209800.0,WMT
2023-04-13 04:00:00+00:00,47.983163721294204,48.09538825088596,47.5182450596301,47.93186569213867,13272600.0,WMT
2023-04-14 04:00:00+00:00,47.78437534858267,48.06012246192666,47.50221414631915,47.60802459716797,10464900.0,WMT
2023-04-17 04:00:00+00:00,47.659325163112,47.98958101622969,47.614437549908125,47.94148635864258,16166700.0,WMT
2023-04-18 04:00:00+00:00,48.02484516351169,48.20440293266036,47.91582768442952,48.04729080200195,13482300.0,WMT
2023-04-19 04:00:00+00:00,48.36472445368011,48.5474892895441,48.02164409262142,48.09859848022461,12433500.0,WMT
2023-04-20 04:00:00+00:00,48.16272620804545,48.541076730447294,47.96714052726702,48.406410217285156,13641600.0,WMT
2023-04-21 04:00:00+00:00,48.72383293255227,48.83285041750939,48.47373852924623,48.650089263916016,25335000.0,WMT
2023-04-24 04:00:00+00:00,48.643684183477355,49.04127333645557,48.643684183477355,48.980350494384766,13579500.0,WMT
2023-04-25 04:00:00+00:00,49.15027955014243,49.297770550230744,48.52183102164073,48.598785400390625,17246700.0,WMT
2023-04-26 04:00:00+00:00,48.40961070853105,48.547484247511555,48.165926732278976,48.38716506958008,12910200.0,WMT
2023-04-27 04:00:00+00:00,48.34548619877415,48.71742629250871,48.34548619877415,48.53786849975586,12861000.0,WMT
2023-04-28 04:00:00+00:00,48.50901362439795,48.79117115926451,48.153108743985555,48.406410217285156,14088600.0,WMT
2023-05-01 04:00:00+00:00,48.42885084149434,48.909804721176684,48.393580694617,48.60519790649414,11409600.0,WMT
2023-05-02 04:00:00+00:00,48.56672173767639,48.57313215624029,47.92224166594888,48.47373580932617,11329500.0,WMT
2023-05-03 04:00:00+00:00,48.59557790915812,48.76872159036523,48.18195730065078,48.29418182373047,12334500.0,WMT
2023-05-04 04:00:00+00:00,48.4551057505107,48.596722252647155,48.11394140141875,48.42935562133789,14011200.0,WMT
2023-05-05 04:00:00+00:00,48.37464757489917,48.92501753886563,48.22337705215059,48.847774505615234,14556000.0,WMT
2023-05-08 04:00:00+00:00,48.686845466988075,49.227561423776,48.619256432805344,49.153533935546875,14926200.0,WMT
2023-05-09 04:00:00+00:00,49.15353546089346,49.30159044194619,49.03123061349928,49.23721694946289,15209700.0,WMT
2023-05-10 04:00:00+00:00,49.46573427546793,49.67815906603634,48.673973834855424,49.098819732666016,15827700.0,WMT
2023-05-11 04:00:00+00:00,49.09880944952907,49.33054587100813,48.9217925111223,49.28226852416992,11926800.0,WMT
2023-05-12 04:00:00+00:00,49.43676796285654,49.58803848601817,49.150315685316805,49.26618576049805,16119300.0,WMT
2023-05-15 04:00:00+00:00,49.40457914325524,49.517226299095675,48.722246704570864,48.883174896240234,16113900.0,WMT
2023-05-16 04:00:00+00:00,48.551658955698215,48.770518471977546,48.13968636819571,48.207275390625,15512100.0,WMT
2023-05-17 04:00:00+00:00,48.64501235258637,48.64822789666598,47.862905842582926,48.126827239990234,26985900.0,WMT
2023-05-18 04:00:00+00:00,48.85742941541083,49.65884753988283,48.26200131121227,48.751220703125,46768500.0,WMT
2023-05-19 04:00:00+00:00,48.728688128407185,48.74799980725069,47.9916435219563,48.24912643432617,27594000.0,WMT
2023-05-22 04:00:00+00:00,48.18153265418747,48.30383748593198,47.72771745438089,47.82427215576172,16117800.0,WMT
2023-05-23 04:00:00+00:00,47.637599174202585,47.91117452092275,47.33827737955213,47.73415756225586,16302300.0,WMT
2023-05-24 04:00:00+00:00,47.798518466400196,47.80817246174522,47.08722048735989,47.51528549194336,20515200.0,WMT
2023-05-25 04:00:00+00:00,47.273896577693655,47.45413641861804,46.69778029865118,47.04216384887695,21299100.0,WMT
2023-05-26 04:00:00+00:00,46.894114238987044,47.25459027851644,46.82009044172727,47.125850677490234,15720900.0,WMT
2023-05-30 04:00:00+00:00,47.08722990562719,47.40586706562412,46.86193190815259,47.009986877441406,15742500.0,WMT
2023-05-31 04:00:00+00:00,46.80399121571357,47.41229610368087,46.67203239671571,47.27068328857422,30130800.0,WMT
2023-06-01 04:00:00+00:00,47.05826600326001,47.602197497896675,46.97136529119856,47.444488525390625,20239200.0,WMT
2023-06-02 04:00:00+00:00,47.38333061745586,47.95944692622227,47.34470726621859,47.89829635620117,19178100.0,WMT
2023-06-05 04:00:00+00:00,48.07532873735873,48.68041454919717,48.07532873735873,48.21372604370117,15553200.0,WMT
2023-06-06 04:00:00+00:00,48.18152894556883,48.339234209020184,47.79852202958589,48.207275390625,15015600.0,WMT
2023-06-07 04:00:00+00:00,48.036697177886964,48.3939539949139,47.96910814989067,48.2780876159668,24256500.0,WMT
2023-06-08 04:00:00+00:00,48.40361196618879,49.060194256380555,48.21049887789843,48.97650909423828,18873000.0,WMT
2023-06-09 04:00:00+00:00,48.97329554023811,49.47538811685904,48.79305566829175,49.27261734008789,15603900.0,WMT
2023-06-12 04:00:00+00:00,49.38204279352015,49.662056563817615,49.29836132174371,49.597686767578125,14713500.0,WMT
2023-06-13 04:00:00+00:00,49.73287278077866,50.051506269873215,49.58803703271,49.983917236328125,15738900.0,WMT
2023-06-14 04:00:00+00:00,50.18024402291529,50.63727475560487,50.083685640427575,50.48922348022461,21103200.0,WMT
2023-06-15 04:00:00+00:00,50.53106605015226,50.926946238818275,50.524631279735715,50.766021728515625,18160500.0,WMT
2023-06-16 04:00:00+00:00,50.87866358915234,50.901194491579574,49.97747169196972,50.05793762207031,34675800.0,WMT
2023-06-20 04:00:00+00:00,49.79080582478742,50.03219629088474,49.526884452300976,49.61700439453125,19994400.0,WMT
2023-06-21 04:00:00+00:00,49.63309987725295,49.996795212156826,49.35952449008197,49.713565826416016,19251000.0,WMT
2023-06-22 04:00:00+00:00,49.88092095103817,50.23496223157237,49.7199927614021,50.12874984741211,13307400.0,WMT
2023-06-23 04:00:00+00:00,50.17058607144497,50.30254857957629,49.893791515354536,50.03540802001953,18975000.0,WMT
2023-06-26 04:00:00+00:00,50.0965555831885,50.13839816008081,49.66849055161329,49.903446197509766,14106300.0,WMT
2023-06-27 04:00:00+00:00,49.61378538849325,50.16093981519102,49.58481971109689,49.72321701049805,12093600.0,WMT
2023-06-28 04:00:00+00:00,49.80046294244727,50.10622321382293,49.77149358218165,49.99357604980469,18889800.0,WMT
2023-06-29 04:00:00+00:00,49.729644233911095,49.806887250632414,49.28870230168283,49.655616760253906,21530400.0,WMT
2023-06-30 04:00:00+00:00,49.87770258509398,50.70164785826565,49.81655200830585,50.5890007019043,19073100.0,WMT
2023-07-03 04:00:00+00:00,50.46992054965175,50.99454039933118,50.315430794225584,50.91729736328125,8647500.0,WMT
2023-07-05 04:00:00+00:00,50.90441718800077,51.213396656669076,50.640495843932754,50.88832473754883,17585400.0,WMT
2023-07-06 04:00:00+00:00,50.83039245821194,50.91085471482841,50.48922807016691,50.566471099853516,14427000.0,WMT
2023-07-07 04:00:00+00:00,50.14806179471126,50.30255153159599,49.38848633419654,49.40135955810547,19774800.0,WMT
2023-07-10 04:00:00+00:00,49.74574645926975,50.04828749948641,49.668499744041426,49.84873962402344,12967800.0,WMT
2023-07-11 04:00:00+00:00,49.81332733077734,50.051498524826584,49.52044033629505,49.77470397949219,11460900.0,WMT
2023-07-12 04:00:00+00:00,49.98713493192582,50.173809575204096,49.82942596404346,49.90023422241211,16509900.0,WMT
2023-07-13 04:00:00+00:00,50.02576051076644,50.080476320421184,49.4657328727223,49.60734939575195,11859600.0,WMT
2023-07-14 04:00:00+00:00,49.604118383828805,49.78113899555953,49.4303169983705,49.77791976928711,10427400.0,WMT
2023-07-17 04:00:00+00:00,49.694245075151684,49.88091970781441,49.50757044248896,49.839080810546875,10135200.0,WMT
2023-07-18 04:00:00+00:00,49.78115112095414,50.099784616355045,49.52044897926642,49.748966217041016,13437300.0,WMT
2023-07-19 04:00:00+00:00,49.822984142285904,49.95172742606947,49.485039007758324,49.765052795410156,12372900.0,WMT
2023-07-20 04:00:00+00:00,49.86483222561878,50.70808922498877,49.855174544523166,50.6855583190918,14987700.0,WMT
2023-07-21 04:00:00+00:00,50.82072975262913,51.10396276123664,50.67267847842789,50.97200393676758,16960500.0,WMT
2023-07-24 04:00:00+00:00,50.997756425919626,51.32926682300557,50.711307840083855,51.271331787109375,12529800.0,WMT
2023-07-25 04:00:00+00:00,51.64467637288437,51.660768821907354,50.94303233551045,51.22948455810547,15553800.0,WMT
2023-07-26 04:00:00+00:00,51.2520278938255,51.718712712035455,51.15546949293701,51.4129524230957,15094200.0,WMT
2023-07-27 04:00:00+00:00,51.52237117010679,51.70260733449928,51.21660727427547,51.22626495361328,13400400.0,WMT
2023-07-28 04:00:00+00:00,51.26811114278051,51.79916936068602,51.26811114278051,51.46765899658203,11020200.0,WMT
2023-07-31 04:00:00+00:00,51.483757321961846,51.70261687745043,51.14581214927168,51.45157241821289,13033200.0,WMT
2023-08-01 04:00:00+00:00,51.48053065965181,51.64145883848006,51.161897211896076,51.210174560546875,11782500.0,WMT
2023-08-02 04:00:00+00:00,51.02350381323566,51.63502430926868,51.02350381323566,51.245582580566406,12660000.0,WMT
2023-08-03 04:00:00+00:00,51.18121415471321,51.33570389628855,51.01706673241855,51.25845718383789,13202700.0,WMT
2023-08-04 04:00:00+00:00,51.41938722331561,51.577096197453415,50.84004790913635,50.96235275268555,14262000.0,WMT
2023-08-07 04:00:00+00:00,51.335709138286816,51.886079129056284,51.210185059399954,51.65434265136719,14268900.0,WMT
2023-08-08 04:00:00+00:00,51.81526504881629,52.01803214196208,51.33891892127625,51.705833435058594,11017500.0,WMT
2023-08-09 04:00:00+00:00,51.789520263671875,52.17252726803783,51.72515045285195,51.789520263671875,13209600.0,WMT
2023-08-10 04:00:00+00:00,51.93486799130779,52.244945883323,51.68938873602407,51.763675689697266,15169500.0,WMT
2023-08-11 04:00:00+00:00,51.85734201282363,52.27077916504675,51.71199509323127,52.067291259765625,14195100.0,WMT
2023-08-14 04:00:00+00:00,52.32569256605369,52.5776294593914,51.41483924839282,51.67969512939453,20813700.0,WMT
2023-08-15 04:00:00+00:00,51.531118983336995,51.93486785468679,51.33085803500812,51.41484069824219,14559300.0,WMT
2023-08-16 04:00:00+00:00,51.64093489071559,51.993004106472526,51.15321075875153,51.440677642822266,26980800.0,WMT
2023-08-17 04:00:00+00:00,51.970388159710254,52.04790947178826,50.07116037083438,50.28757095336914,53614200.0,WMT
2023-08-18 04:00:00+00:00,50.1648384110858,51.57310794575333,50.1648384110858,51.01109313964844,27954900.0,WMT
2023-08-21 04:00:00+00:00,50.914191840840786,51.30502173694485,50.72362659603554,50.87543487548828,15679200.0,WMT
2023-08-22 04:00:00+00:00,50.701001608374504,50.810822220963665,50.46521442440152,50.71392059326172,16670700.0,WMT
2023-08-23 04:00:00+00:00,50.584735398548204,51.162899846449356,50.55243238400834,51.066001892089844,14210400.0,WMT
2023-08-24 04:00:00+00:00,51.07568908788849,51.43098897224822,50.652563594101835,50.6751708984375,14033100.0,WMT
2023-08-25 04:00:00+00:00,50.768840651041465,51.04661920977645,50.56212206746378,50.97555923461914,12267000.0,WMT
2023-08-28 04:00:00+00:00,50.988475879077704,51.301784410994884,50.988475879077704,51.26625442504883,11871000.0,WMT
2023-08-29 04:00:00+00:00,51.356707596546165,51.75399518670036,51.31148928329096,51.69585418701172,12702300.0,WMT
2023-08-30 04:00:00+00:00,51.80889303962618,52.09635990440015,51.65385410754251,52.067291259765625,10967700.0,WMT
2023-08-31 04:00:00+00:00,52.04145765720367,52.64546377853959,51.9897743124149,52.52272415161133,19582800.0,WMT
2023-09-01 04:00:00+00:00,52.60670426339228,52.635772911101256,51.728146525577664,52.186805725097656,12553500.0,WMT
2023-09-05 04:00:00+00:00,52.2772494351774,52.58409668092097,51.73784190337933,51.766910552978516,15209400.0,WMT
2023-09-06 04:00:00+00:00,51.80889500507842,52.38060178190425,51.6506253961601,52.154502868652344,14594700.0,WMT
2023-09-07 04:00:00+00:00,52.32569392799484,52.80372975178465,52.16096666583647,52.80050277709961,19120800.0,WMT
2023-09-08 04:00:00+00:00,52.803725115923314,52.92646473220001,52.67129718360201,52.897396087646484,12667200.0,WMT
2023-09-11 04:00:00+00:00,52.97169169319612,53.12673063937168,52.86187105349759,53.08150863647461,11912100.0,WMT
2023-09-12 04:00:00+00:00,53.13318709539652,53.272076379261584,52.9846094947962,53.1396484375,11757300.0,WMT
2023-09-13 04:00:00+00:00,53.27207395096844,53.56923283504369,53.091197040935555,53.152565002441406,14364300.0,WMT
2023-09-14 04:00:00+00:00,53.294690391429505,53.53370831288354,53.10412144922909,53.37543869018555,14923800.0,WMT
2023-09-15 04:00:00+00:00,53.3625133395003,53.507863956351876,52.8973965405629,53.17840576171875,63925200.0,WMT
2023-09-18 04:00:00+00:00,53.191330905315276,53.35928884471132,52.72944472376605,52.78435134887695,12997800.0,WMT
2023-09-19 04:00:00+00:00,52.77143096923828,52.90063193981242,52.438745770439496,52.77143096923828,14019600.0,WMT
2023-09-20 04:00:00+00:00,52.84248688997026,53.20101373391488,52.63576831006492,52.9426155090332,10120800.0,WMT
2023-09-21 04:00:00+00:00,53.055672400325506,53.13319002774551,52.257866641834504,52.29985427856445,18782400.0,WMT
2023-09-22 04:00:00+00:00,52.399982932105075,52.72297980048795,52.29985061309266,52.438743591308594,13215000.0,WMT
2023-09-25 04:00:00+00:00,52.445200068954065,52.68421796801972,52.283703486569074,52.67129898071289,10459500.0,WMT
2023-09-26 04:00:00+00:00,52.62931032170471,52.82310992681938,52.43874508410563,52.4871940612793,14435700.0,WMT
2023-09-27 04:00:00+00:00,52.32568504446404,52.39997568158797,51.77335866470825,52.23524475097656,15711000.0,WMT
2023-09-28 04:00:00+00:00,52.32569516133325,52.59378542307277,52.193267214264154,52.50011444091797,11617200.0,WMT
2023-09-29 04:00:00+00:00,52.658386773484466,52.69068609412019,51.41807142183477,51.6570930480957,18842400.0,WMT
2023-10-02 04:00:00+00:00,51.51496771477863,51.766904607349765,51.1338298567008,51.711997985839844,12992700.0,WMT
2023-10-03 04:00:00+00:00,51.57956849850604,51.921945711555814,51.25334094476502,51.38576889038086,11253300.0,WMT
2023-10-04 04:00:00+00:00,51.56664880277337,52.01884665005396,51.35993020932168,52.0026969909668,15755700.0,WMT
2023-10-05 04:00:00+00:00,51.82504364676095,51.98977089793392,51.356696171099664,51.382537841796875,14269500.0,WMT
2023-10-06 04:00:00+00:00,51.243645191678766,51.35346582409992,48.98265978567361,50.5201301574707,42616200.0,WMT
2023-10-09 04:00:00+00:00,50.09054598577324,50.33925590911795,49.50268952734028,50.33602523803711,21022500.0,WMT
2023-10-10 04:00:00+00:00,50.46199702443838,51.05954181732805,50.27788573159715,50.904502868652344,16014300.0,WMT
2023-10-11 04:00:00+00:00,51.11767846289978,51.51496596612771,50.723621630573334,51.10798645019531,12026100.0,WMT
2023-10-12 04:00:00+00:00,51.20488705056011,51.45682392943986,50.959407816931815,51.340545654296875,13514100.0,WMT
2023-10-13 04:00:00+00:00,51.44068270274098,51.828281945304205,51.32440440854014,51.624794006347656,13809000.0,WMT
2023-10-16 04:00:00+00:00,51.85411551701973,52.35153536520511,51.78305553870753,52.070526123046875,14348100.0,WMT
2023-10-17 04:00:00+00:00,51.91871767516706,52.232022537918375,51.80566636589741,52.13835525512695,10893000.0,WMT
2023-10-18 04:00:00+00:00,52.28693715954669,52.441976116350176,51.91226060470999,52.177120208740234,10559100.0,WMT
2023-10-19 04:00:00+00:00,52.141581864636315,52.26754845557261,51.75075201567579,51.928401947021484,11745900.0,WMT
2023-10-20 04:00:00+00:00,51.94777934979069,52.03498897513773,51.26302133317926,51.279170989990234,15056700.0,WMT
2023-10-23 04:00:00+00:00,51.269493916795305,52.11574868708234,51.04016430408896,52.00592803955078,17097000.0,WMT
2023-10-24 04:00:00+00:00,52.131897894035546,52.80373336953896,52.128667222709126,52.72944641113281,17535000.0,WMT
2023-10-25 04:00:00+00:00,52.70036807389015,53.07827895128857,52.47749983116997,52.571170806884766,16621800.0,WMT
2023-10-26 04:00:00+00:00,52.555031730138744,52.92325066879844,52.19973178149677,52.25141143798828,16220100.0,WMT
2023-10-27 04:00:00+00:00,52.157738069548515,52.31600769221268,51.85734848396793,52.0576057434082,13829700.0,WMT
2023-10-30 04:00:00+00:00,52.151281434841955,52.73267663108485,51.93487449611861,52.65515899658203,12653700.0,WMT
2023-10-31 04:00:00+00:00,52.6486886653112,52.84894960506076,52.30954214147226,52.78112030029297,14168400.0,WMT
2023-11-01 04:00:00+00:00,53.03951706961964,53.41742424188431,52.642229568467066,53.2526969909668,14899500.0,WMT
2023-11-02 04:00:00+00:00,53.09442760121239,53.67905709255287,52.85217901689332,53.462646484375,15492300.0,WMT
2023-11-03 04:00:00+00:00,53.57892471780778,53.71458702988753,53.133188210234444,53.18486785888672,17240100.0,WMT
2023-11-06 05:00:00+00:00,53.13319221738972,53.498180456601524,52.994302920135844,53.25593185424805,14529000.0,WMT
2023-11-07 05:00:00+00:00,53.54339169820526,53.814708895439644,53.401271758160746,53.50463104248047,15023400.0,WMT
2023-11-08 05:00:00+00:00,53.566008251172846,53.70812821576138,52.83603548986125,53.0685920715332,15591900.0,WMT
2023-11-09 05:00:00+00:00,53.09119717733366,53.13964615176588,52.72943965991868,52.94584655761719,15080100.0,WMT
2023-11-10 05:00:00+00:00,53.149331339635616,53.75979873152404,52.93938209970077,53.67905044555664,14319900.0,WMT
2023-11-13 05:00:00+00:00,53.74043313113166,54.22170339736398,53.63384314659203,54.16033172607422,15408900.0,WMT
2023-11-14 05:00:00+00:00,54.3185964061143,54.635131962795136,54.02143748447044,54.150634765625,19792500.0,WMT
2023-11-15 05:00:00+00:00,54.38642517451239,54.890302698104435,54.10541591582101,54.838623046875,35769900.0,WMT
2023-11-16 05:00:00+00:00,51.275950353846504,51.50204927356707,50.22620404927963,50.4006233215332,97658700.0,WMT
2023-11-17 05:00:00+00:00,50.37155687374939,50.88512269979166,50.06793662136495,50.177757263183594,42487800.0,WMT
2023-11-20 05:00:00+00:00,50.23912715502188,50.39093542765125,50.06793485595729,50.16160583496094,26663100.0,WMT
2023-11-21 05:00:00+00:00,50.21329016988086,50.662257383951456,49.78370328763449,50.342491149902344,29382300.0,WMT
2023-11-22 05:00:00+00:00,50.297261135902794,50.40385109575623,49.864443651189276,49.95811462402344,26416500.0,WMT
2023-11-24 05:00:00+00:00,50.11316098075694,50.429696539926034,49.967810341895195,50.40708923339844,13975200.0,WMT
2023-11-27 05:00:00+00:00,50.37155399835067,50.8269825027197,50.37155399835067,50.63641357421875,23393700.0,WMT
2023-11-28 05:00:00+00:00,50.60087764993101,51.33085026469963,50.60087764993101,51.240413665771484,23535000.0,WMT
2023-11-29 05:00:00+00:00,51.28240565525627,51.28240565525627,50.26173174033613,50.413543701171875,29896500.0,WMT
2023-11-30 05:00:00+00:00,50.394160909266596,50.50075086516406,49.90643312729802,50.28757095336914,29925900.0,WMT
2023-12-01 05:00:00+00:00,50.18744019195036,50.261730835582064,49.2991979248884,49.851524353027344,39273600.0,WMT
2023-12-04 05:00:00+00:00,49.52206477550919,50.04209187355993,49.51883410475988,49.83860397338867,24883200.0,WMT
2023-12-05 05:00:00+00:00,49.887057964269985,50.33925580775712,49.65772837145208,50.30049514770508,21883800.0,WMT
2023-12-06 05:00:00+00:00,50.242355188532756,50.3327954983699,49.628660742936596,49.75463104248047,26447400.0,WMT
2023-12-07 05:00:00+00:00,50.0399198001883,50.101515686255915,49.35261849322892,49.42718505859375,25362600.0,WMT
2023-12-08 05:00:00+00:00,49.27806045145812,49.34614168382446,48.707472941547856,48.90847396850586,34069500.0,WMT
2023-12-11 05:00:00+00:00,48.999250335484824,49.099750849279225,48.4805344157567,49.03166961669922,31883400.0,WMT
2023-12-12 05:00:00+00:00,49.02518575092685,49.18080053152571,48.7042318891319,49.07057571411133,21381900.0,WMT
2023-12-13 05:00:00+00:00,49.132164404355954,49.942657470703125,48.837144527509544,49.942657470703125,35348700.0,WMT
2023-12-14 05:00:00+00:00,49.770835718724065,49.9069981752498,49.25536250183417,49.333168029785156,30891300.0,WMT
2023-12-15 05:00:00+00:00,49.206730084752074,49.751379872133214,49.128920852184244,49.51795959472656,70003500.0,WMT
2023-12-18 05:00:00+00:00,49.71572729616877,50.273344115750014,49.64439968476154,50.24092483520508,26316000.0,WMT
2023-12-19 05:00:00+00:00,50.19877791845792,50.474345494925096,49.95562962038116,50.4224739074707,24417000.0,WMT
2023-12-20 05:00:00+00:00,50.38682116135381,50.62024149245383,49.803266623454505,49.83244323730469,21967800.0,WMT
2023-12-21 05:00:00+00:00,49.926452137110026,50.27010466989195,49.89727552693138,50.18581008911133,20087700.0,WMT
2023-12-22 05:00:00+00:00,50.396533313753146,50.947668434481976,50.302518153944405,50.78557205200195,19405500.0,WMT
2023-12-26 05:00:00+00:00,50.785576725441615,50.895805243790285,50.61050964813429,50.707767486572266,11679900.0,WMT
2023-12-27 05:00:00+00:00,50.67534604549594,51.207032594693736,50.62671712835126,51.1843376159668,19896000.0,WMT
2023-12-28 05:00:00+00:00,51.148681795161124,51.330234226427805,51.06114824975558,51.08384323120117,16776000.0,WMT
2023-12-29 05:00:00+00:00,51.07086711022417,51.24917685226951,50.950914295616016,51.109771728515625,21948300.0,WMT
2024-01-02 05:00:00+00:00,50.98009672101192,51.722508618366945,50.96064441106238,51.64146041870117,23539800.0,WMT
2024-01-03 05:00:00+00:00,51.797074905427905,51.96889931387074,51.524746277769566,51.64469909667969,18756000.0,WMT
2024-01-04 05:00:00+00:00,51.61552615716844,51.72251201383992,51.057905602504285,51.14543914794922,19282500.0,WMT
2024-01-05 05:00:00+00:00,51.19730857043463,51.25566550163995,50.4451723556932,50.805030822753906,21709500.0,WMT
2024-01-08 05:00:00+00:00,50.8017883146713,51.317261556441224,50.79530297446708,51.30429458618164,20680800.0,WMT
2024-01-09 05:00:00+00:00,51.20055337659344,51.65767341473389,51.13571481264838,51.647945404052734,23322300.0,WMT
2024-01-10 05:00:00+00:00,51.728992678288115,52.357933370398214,51.728992678288115,52.289852142333984,20121900.0,WMT
2024-01-11 05:00:00+00:00,52.30930424567911,52.484371320054045,51.92675081799293,52.23149871826172,14355300.0,WMT
2024-01-12 05:00:00+00:00,52.315785443848945,52.370899697736895,51.99482792952121,52.29957580566406,13629000.0,WMT
2024-01-16 05:00:00+00:00,52.338478079980646,52.649707593447744,52.27039685579399,52.46491622924805,17032500.0,WMT
2024-01-17 05:00:00+00:00,52.3190254336163,52.51678747554417,52.075877145906695,52.21852493286133,14827800.0,WMT
2024-01-18 05:00:00+00:00,52.24771214948026,52.97067176861326,52.092097373203465,52.92204284667969,18190500.0,WMT
2024-01-19 05:00:00+00:00,52.98364042746092,53.02903039083111,52.338486320833546,52.64323425292969,19175400.0,WMT
2024-01-22 05:00:00+00:00,52.776150050362986,52.828021640174654,52.357934661853534,52.6464729309082,13938300.0,WMT
2024-01-23 05:00:00+00:00,52.55893511650186,52.795598066347864,52.44546393605898,52.779388427734375,12066600.0,WMT
2024-01-24 05:00:00+00:00,52.811811015280796,52.86692527408068,51.97538025386166,52.03373718261719,22932900.0,WMT
2024-01-25 05:00:00+00:00,52.32550653962885,52.80207877744742,52.00779171441646,52.79235076904297,16369500.0,WMT
2024-01-26 05:00:00+00:00,52.860442059304845,53.29162442702302,52.734007607141216,53.25596618652344,15746400.0,WMT
2024-01-29 05:00:00+00:00,53.281903955512455,53.62555280634566,53.01282168142012,53.50559997558594,18240300.0,WMT
2024-01-30 05:00:00+00:00,53.39537198644475,53.75523045736413,53.04523781575611,53.68390655517578,15270000.0,WMT
2024-01-31 05:00:00+00:00,54.40038355330902,54.40038355330902,53.528290812484094,53.57367706298828,26134800.0,WMT
2024-02-01 05:00:00+00:00,53.71956831644778,54.57869409964978,53.55098657195224,54.56572341918945,20792700.0,WMT
2024-02-02 05:00:00+00:00,54.51384996970474,55.30165182411841,54.439283400194924,54.974212646484375,21670800.0,WMT
2024-02-05 05:00:00+00:00,55.11685556682438,55.11685556682438,54.48791487477806,54.67919158935547,19145100.0,WMT
2024-02-06 05:00:00+00:00,54.72133537006556,55.09740717088561,54.57544861375364,55.05201721191406,14181300.0,WMT
2024-02-07 05:00:00+00:00,55.2011473476305,55.32758178753155,54.85425588504854,54.9126091003418,17082600.0,WMT
2024-02-08 05:00:00+00:00,54.91261319692521,55.29192396522261,54.83480766734694,54.90937423706055,14427900.0,WMT
2024-02-09 05:00:00+00:00,54.91585375145483,55.02608226677229,54.76348165803266,54.880191802978516,14329800.0,WMT
2024-02-12 05:00:00+00:00,54.86398876271927,55.230332591063146,54.80563182815287,55.210880279541016,14795100.0,WMT
2024-02-13 05:00:00+00:00,55.31462348147644,55.46051396285461,54.55275921238834,54.83481216430664,18574200.0,WMT
2024-02-14 05:00:00+00:00,54.708369367628414,54.75051294724856,54.316091630431636,54.65974044799805,18484500.0,WMT
2024-02-15 05:00:00+00:00,55.04877335794801,55.06498670733818,54.455494625468866,54.8834342956543,16948800.0,WMT
2024-02-16 05:00:00+00:00,55.20763262644886,55.73931919966849,54.88343612068843,55.23032760620117,22373400.0,WMT
2024-02-20 05:00:00+00:00,57.86281406411129,58.793263750313635,56.80917259458594,57.0134162902832,71788500.0,WMT
2024-02-21 05:00:00+00:00,56.73460667983665,56.92264444741652,56.02137136154244,56.31315231323242,40501500.0,WMT
2024-02-22 05:00:00+00:00,56.37150238601536,56.88697931775911,56.18671100906493,56.86752700805664,29512800.0,WMT
2024-02-23 05:00:00+00:00,57.087977352324295,57.59372624772359,56.83510475969891,56.91615295410156,74365800.0,WMT
2024-02-26 05:00:00+00:00,57.49970466365738,58.19997290276208,56.58546845938607,57.966548919677734,32154800.0,WMT
2024-02-27 05:00:00+00:00,58.00545798912817,58.16107275308373,57.59697062505055,57.95682907104492,18012700.0,WMT
2024-02-28 05:00:00+00:00,57.9179340811597,58.12217779715326,57.68451375149541,57.98601531982422,14803300.0,WMT
2024-02-29 05:00:00+00:00,57.82066725964919,57.85957187860809,56.98423650277641,57.00368881225586,29245100.0,WMT
2024-03-01 05:00:00+00:00,57.188475080572886,57.237103994854955,56.604920688891376,57.14957046508789,19030900.0,WMT
2024-03-04 05:00:00+00:00,56.89670414011737,57.76231152400989,56.79944630086043,57.67477798461914,16033300.0,WMT
2024-03-05 05:00:00+00:00,58.22915794749593,58.686277970948325,57.94710871933806,58.394500732421875,19676900.0,WMT
2024-03-06 05:00:00+00:00,58.47230165149932,58.95859824739371,58.394496125433484,58.909969329833984,12698700.0,WMT
2024-03-07 05:00:00+00:00,59.32818182783404,59.39626305115247,58.69599479970759,58.70572280883789,16195300.0,WMT
2024-03-08 05:00:00+00:00,58.355591339317264,58.62791624498654,58.09299073307251,58.4723014831543,12143600.0,WMT
2024-03-11 04:00:00+00:00,58.45285542297304,59.04613792530386,58.229159410809594,58.99750900268555,14154000.0,WMT
2024-03-12 04:00:00+00:00,59.279559592571594,59.88256637140565,58.987782358306646,59.726951599121094,16613100.0,WMT
2024-03-13 04:00:00+00:00,59.581064961393146,59.77558436680481,59.21148217227497,59.60051727294922,15935200.0,WMT
2024-03-14 04:00:00+00:00,59.80349655474299,59.959641308562766,59.1398804203128,59.54976272583008,16584700.0,WMT
2024-03-15 04:00:00+00:00,59.21796417236328,59.676641089116536,59.00326370532385,59.21796417236328,50946300.0,WMT
2024-03-18 04:00:00+00:00,59.227713637981154,59.43265665753344,58.934942682201054,59.393619537353516,16801700.0,WMT
2024-03-19 04:00:00+00:00,59.50097033435667,59.59855941296964,59.1398825533623,59.403377532958984,12353600.0,WMT
2024-03-20 04:00:00+00:00,59.3740983557234,59.80349549038944,59.2765092823671,59.77421951293945,12007600.0,WMT
2024-03-21 04:00:00+00:00,59.80350022275411,60.17434543186586,59.57904235804523,59.96940612792969,14265900.0,WMT
2024-03-22 04:00:00+00:00,59.842535832286785,60.047475131044855,59.38385897267944,59.403377532958984,14029400.0,WMT
2024-03-25 04:00:00+00:00,59.40337810867788,59.52048947149011,58.905667846472525,59.1106071472168,14186600.0,WMT
2024-03-26 04:00:00+00:00,59.00325700434531,59.364344789318494,58.7787991428344,59.05205154418945,13738300.0,WMT
2024-03-27 04:00:00+00:00,59.4033797782375,59.579043104608196,58.92518806306105,59.256996154785156,14363400.0,WMT
2024-03-28 04:00:00+00:00,59.19844464771965,59.305794879495,58.71049175622087,58.72024917602539,17535100.0,WMT
2024-04-01 04:00:00+00:00,58.85687246129116,59.296027035782515,58.48602726328197,58.55434036254883,13837600.0,WMT
2024-04-02 04:00:00+00:00,58.45674512398245,58.65192325972786,57.461320995986796,57.73457336425781,19510100.0,WMT
2024-04-03 04:00:00+00:00,57.94928285100456,58.066390495338084,57.51988195047352,57.998077392578125,14615100.0,WMT
2024-04-04 04:00:00+00:00,58.10542429665528,58.36891927343412,57.861447879947235,58.06638717651367,14436100.0,WMT
2024-04-05 04:00:00+00:00,58.11518040608328,58.59337581008354,58.0566284499746,58.40795135498047,10335900.0,WMT
2024-04-08 04:00:00+00:00,58.16397824717295,58.59337913787546,57.988314923300976,58.33964157104492,11070100.0,WMT
2024-04-09 04:00:00+00:00,58.427477722217176,58.52507053341387,57.87121172814388,58.34940719604492,10013500.0,WMT
2024-04-10 04:00:00+00:00,58.18349526553823,59.296027138712304,57.959037407159656,59.159400939941406,15097600.0,WMT
2024-04-11 04:00:00+00:00,59.28626752473761,59.422893718449494,58.62265139289309,58.64216995239258,10987600.0,WMT
2024-04-12 04:00:00+00:00,58.55434516477285,59.25699849804133,58.50555062169254,58.69097137451172,12280600.0,WMT
2024-04-15 04:00:00+00:00,59.052057816637685,59.237482299639716,58.46651583074269,58.48603439331055,10557200.0,WMT
2024-04-16 04:00:00+00:00,58.58362174347957,58.837359326540714,58.33964530280503,58.39820098876953,14726300.0,WMT
2024-04-17 04:00:00+00:00,58.70072903148328,58.973981434736835,58.13470194156114,58.21277618408203,15329700.0,WMT
2024-04-18 04:00:00+00:00,58.3884343866219,58.49578087649726,57.79313136935165,57.8321647644043,12061500.0,WMT
2024-04-19 04:00:00+00:00,58.01759445807927,58.23229118002506,57.54916017003648,58.095664978027344,14165800.0,WMT
2024-04-22 04:00:00+00:00,58.12494797376712,58.94470895498534,57.61747653560489,58.69097137451172,14910000.0,WMT
2024-04-23 04:00:00+00:00,58.798321736563295,58.89591082294566,57.14904235087724,57.6662712097168,17963900.0,WMT
2024-04-24 04:00:00+00:00,57.558915714093786,58.59337705989948,57.39301353786765,58.42747116088867,18529100.0,WMT
2024-04-25 04:00:00+00:00,58.6031363957442,59.0715706838534,58.388439673767984,58.759281158447266,19263000.0,WMT
2024-04-26 04:00:00+00:00,58.66169282477876,58.93494523229243,58.554342601031294,58.710487365722656,11045200.0,WMT
2024-04-29 04:00:00+00:00,58.73000709069405,58.93494640039122,58.495788077622336,58.7885627746582,9785100.0,WMT
2024-04-30 04:00:00+00:00,58.749527934190084,58.84711702180303,57.73458504276123,57.920005798339844,14209200.0,WMT
2024-05-01 04:00:00+00:00,57.88096440317171,57.97855347730687,57.30517993109135,57.432044982910156,15464300.0,WMT
2024-05-02 04:00:00+00:00,57.51988014288229,58.446991294784524,57.16855722092224,58.27132797241211,17574100.0,WMT
2024-05-03 04:00:00+00:00,58.18349548798029,58.53482212775415,57.71506120921004,58.37867736816406,14207400.0,WMT
2024-05-06 04:00:00+00:00,58.55433993980463,58.55433993980463,57.9590368881044,58.42747116088867,11119400.0,WMT
2024-05-07 04:00:00+00:00,58.720242641903035,59.33506425915676,58.60313500335437,59.159400939941406,14520200.0,WMT
2024-05-08 04:00:00+00:00,59.16916523966782,59.383861968002606,58.76904404071696,58.84711456298828,11015700.0,WMT
2024-05-09 04:00:00+00:00,58.952874566804326,59.32500338773352,58.70805366223759,59.18790054321289,14550500.0,WMT
2024-05-10 04:00:00+00:00,59.158520303702204,59.32500045312104,58.91369941124595,59.22706985473633,12356600.0,WMT
2024-05-13 04:00:00+00:00,59.36417605194886,60.079052695081984,59.041014377831246,59.15852737426758,19260500.0,WMT
2024-05-14 04:00:00+00:00,59.266245871089886,59.295623184642324,58.208617755155146,58.61991882324219,18780100.0,WMT
2024-05-15 04:00:00+00:00,58.590545654296875,58.69826372349914,58.238002924046945,58.590545654296875,22240600.0,WMT
2024-05-16 04:00:00+00:00,62.889601013958824,63.08545476730484,61.63611532565315,62.68395233154297,60545600.0,WMT
2024-05-17 04:00:00+00:00,62.90918951675241,63.535930554001204,62.31182953389864,63.310699462890625,29330400.0,WMT
2024-05-20 04:00:00+00:00,63.08545170709756,63.41841203724438,62.5468464401814,62.850425720214844,15001400.0,WMT
2024-05-21 04:00:00+00:00,63.19318767829328,63.83951862633321,63.1148431746503,63.80034637451172,17131700.0,WMT
2024-05-22 04:00:00+00:00,63.633847313100325,64.32913772553077,63.38902642965268,63.898250579833984,14879400.0,WMT
2024-05-23 04:00:00+00:00,63.81991528368548,64.16266307554396,63.2225516444429,63.49674987792969,16222900.0,WMT
2024-05-24 04:00:00+00:00,63.78075277444186,64.3291567964551,63.66324349720825,64.02557373046875,11795000.0,WMT
2024-05-28 04:00:00+00:00,63.86889453204677,64.1137154969986,63.39883499194838,63.692623138427734,13349600.0,WMT
2024-05-29 04:00:00+00:00,63.408615889472024,63.85908546872817,63.31068901943221,63.57509231567383,11538600.0,WMT
2024-05-30 04:00:00+00:00,63.58489139156781,63.81991738926178,63.42820241221065,63.545719146728516,13051900.0,WMT
2024-05-31 04:00:00+00:00,63.33025933728411,64.53478127614109,62.830830153845234,64.3976821899414,27632200.0,WMT
2024-06-03 04:00:00+00:00,64.15287586652876,64.47603380219414,63.81012807334334,64.45645141601562,11578700.0,WMT
2024-06-04 04:00:00+00:00,64.6229274993649,65.2594633811824,64.46624599675806,65.22029113769531,14780800.0,WMT
2024-06-05 04:00:00+00:00,65.19091008390113,65.75889637487484,64.90691693841427,65.70013427734375,14982700.0,WMT
2024-06-06 04:00:00+00:00,65.67074884490012,66.04288135500364,65.38675573452538,65.7588882446289,13256000.0,WMT
2024-06-07 04:00:00+00:00,66.00373635403683,66.17021282391387,64.28019459806677,64.51522064208984,20213200.0,WMT
2024-06-10 04:00:00+00:00,65.79807637544826,65.93517550028662,64.89712966335654,65.57283782958984,21659500.0,WMT
2024-06-11 04:00:00+00:00,65.56304663110808,65.5728415609659,64.97547785245965,65.34761047363281,13367500.0,WMT
2024-06-12 04:00:00+00:00,65.46509322482405,65.5532326151519,64.53477699147292,64.936279296875,11704700.0,WMT
2024-06-13 04:00:00+00:00,64.92649936222865,65.37696887791365,64.5837441584477,65.31820678710938,11196600.0,WMT
2024-06-14 04:00:00+00:00,65.16153979400987,65.71973121700088,64.92651379257731,65.631591796875,12590100.0,WMT
2024-06-17 04:00:00+00:00,65.53366593146016,66.0428976589978,65.03423660461695,66.02330780029297,12103000.0,WMT
2024-06-18 04:00:00+00:00,66.22895464744151,66.46398811731343,65.90579670121573,66.19957733154297,12093500.0,WMT
2024-06-20 04:00:00+00:00,65.95475862068068,66.71859874508274,65.90579891631816,66.60108947753906,13860800.0,WMT
2024-06-21 04:00:00+00:00,66.84589869576594,67.12989182811792,66.42480646108416,66.5031509399414,25883000.0,WMT
2024-06-24 04:00:00+00:00,66.64026650272466,67.60975538619394,66.493372436419,67.47265625,12470400.0,WMT
2024-06-25 04:00:00+00:00,65.77848686587657,66.18978424257405,65.17133573018278,66.02330780029297,20869200.0,WMT
2024-06-26 04:00:00+00:00,66.00372042465153,67.1788578325016,65.81765413772773,66.87528228759766,14177500.0,WMT
2024-06-27 04:00:00+00:00,66.87528769178473,67.15928087375528,66.26812908157095,66.4737777709961,12899200.0,WMT
2024-06-28 04:00:00+00:00,66.46398572720963,66.68921678856015,65.92537671729923,66.30729675292969,18816700.0,WMT
2024-07-01 04:00:00+00:00,66.48357184123064,66.82631965250988,65.85683085165091,66.08206939697266,8666000.0,WMT
2024-07-02 04:00:00+00:00,66.04289738236221,66.6696383741356,65.86662601146709,66.65984344482422,9436500.0,WMT
2024-07-03 04:00:00+00:00,66.40522454844734,66.83611176236,66.21916572808274,66.8263168334961,6287500.0,WMT
2024-07-05 04:00:00+00:00,66.74798426614265,68.69675684483877,66.68922216038362,68.58903503417969,21586100.0,WMT
2024-07-08 04:00:00+00:00,68.45193195115498,68.68695794658493,67.91332292898042,68.23648834228516,12077700.0,WMT
2024-07-09 04:00:00+00:00,68.45193481445312,68.7946826286549,68.22669626721083,68.45193481445312,9758400.0,WMT
2024-07-10 04:00:00+00:00,68.64778720586318,68.98074755541236,68.27566208233583,68.95137023925781,10803400.0,WMT
2024-07-11 04:00:00+00:00,68.72612134432985,68.99052462123572,67.825182251703,68.35399627685547,15624800.0,WMT
2024-07-12 04:00:00+00:00,68.4519338720909,68.57923806665842,67.7370534654471,67.80560302734375,12145300.0,WMT
2024-07-15 04:00:00+00:00,67.86436267946782,68.52048095839379,67.86436267946782,68.16793823242188,10171100.0,WMT
2024-07-16 04:00:00+00:00,68.37357790909213,68.7848752114636,68.13855194649996,68.54005432128906,9836800.0,WMT
2024-07-17 04:00:00+00:00,68.72613537404776,69.62707465059188,68.5008968192406,69.55852508544922,13533800.0,WMT
2024-07-18 04:00:00+00:00,69.21577562880452,69.71521243241408,68.97095469172915,69.35287475585938,10682700.0,WMT
2024-07-19 04:00:00+00:00,69.72499166279965,69.85230331671467,69.18639014759545,69.28431701660156,11665500.0,WMT
2024-07-22 04:00:00+00:00,69.39203357776644,69.78374849557427,68.77508762537403,68.9219741821289,12666100.0,WMT
2024-07-23 04:00:00+00:00,69.01012237589848,69.23535343916603,68.6575796521095,69.18639373779297,9263600.0,WMT
2024-07-24 04:00:00+00:00,69.059076173188,69.37244662628254,68.88280482636353,69.13742065429688,22490800.0,WMT
2024-07-25 04:00:00+00:00,69.1374137142475,69.30389011638715,68.50087794398038,68.56942749023438,18821200.0,WMT
2024-07-26 04:00:00+00:00,68.7750860659939,68.78487352199522,67.4040876204223,68.33440399169922,16789300.0,WMT
2024-07-29 04:00:00+00:00,68.40296544367175,68.45193261756131,67.69787997917594,68.177734375,10315300.0,WMT
2024-07-30 04:00:00+00:00,68.10917261293929,68.40295318962204,67.55098129876761,67.75662994384766,12522500.0,WMT
2024-07-31 04:00:00+00:00,67.74683924415652,67.81538879679424,66.87527744433099,67.21802520751953,22908800.0,WMT
2024-08-01 04:00:00+00:00,67.48244082958264,68.35400269228124,67.10051332723134,68.34420776367188,17275500.0,WMT
2024-08-02 04:00:00+00:00,68.15813064805059,68.78487149533021,66.33666272585037,67.041748046875,23578700.0,WMT
2024-08-05 04:00:00+00:00,66.68921027714664,67.1592696827492,65.52386789792293,66.18977355957031,20770500.0,WMT
2024-08-06 04:00:00+00:00,66.43461207032324,67.20824719991339,66.27793054113711,66.33668518066406,14815100.0,WMT
2024-08-07 04:00:00+00:00,66.46398377959501,66.60108289240173,65.42593803376236,65.52387237548828,18499200.0,WMT
2024-08-08 04:00:00+00:00,65.4553115823811,66.51293965291336,65.28883516516979,66.25833129882812,12489800.0,WMT
2024-08-09 04:00:00+00:00,66.44438576371056,66.80672335811605,65.93516161743564,66.54231262207031,13805600.0,WMT
2024-08-12 04:00:00+00:00,66.92424407657361,67.7860185091436,66.65984076652525,67.27678680419922,17385300.0,WMT
2024-08-13 04:00:00+00:00,67.0123778547933,67.18864920377217,65.74910109900159,66.71858978271484,26557900.0,WMT
2024-08-14 04:00:00+00:00,66.51294222850444,67.36492167464803,66.44439267338998,67.23761749267578,22928600.0,WMT
2024-08-15 04:00:00+00:00,72.58450760839044,72.89787808090736,71.27226361817867,71.66397857666016,49567500.0,WMT
2024-08-16 04:00:00+00:00,71.3968513239869,72.29054319324739,71.22007751977262,72.13340759277344,19872100.0,WMT
2024-08-19 04:00:00+00:00,72.07449585538359,72.65392409967312,72.025389100013,72.3985824584961,13709300.0,WMT
2024-08-20 04:00:00+00:00,72.42803251796526,73.410107535158,72.39857146627152,73.20387268066406,14434000.0,WMT
2024-08-21 04:00:00+00:00,73.95024886859825,74.2252286637209,73.2529690404319,73.89131927490234,14832000.0,WMT
2024-08-22 04:00:00+00:00,74.01899251324866,74.8537547316313,73.80293482299113,74.22522735595703,16511100.0,WMT
2024-08-23 04:00:00+00:00,74.24487260637909,74.45110746866504,73.6654519208097,74.34307861328125,12299100.0,WMT
2024-08-26 04:00:00+00:00,74.5395005996178,74.84394147893451,74.21541402268421,74.66716766357422,9508200.0,WMT
2024-08-27 04:00:00+00:00,75.07962929477692,75.07962929477692,74.4118180080414,74.76536560058594,11557800.0,WMT
2024-08-28 04:00:00+00:00,74.9126824566847,75.05999521043418,74.45110599150071,74.71627044677734,9814300.0,WMT
2024-08-29 04:00:00+00:00,74.62787834199857,75.09927764627557,74.31361463669316,75.0501708984375,11856800.0,WMT
2024-08-30 04:00:00+00:00,75.06981718108459,76.08135325629372,74.85375947712967,75.84565734863281,23230000.0,WMT
2024-09-03 04:00:00+00:00,75.94387115100314,76.41526301473151,75.4233725340104,75.78673553466797,22666100.0,WMT
2024-09-04 04:00:00+00:00,75.94387467023326,76.0911874442143,75.35463106694803,75.85548400878906,18442800.0,WMT
2024-09-05 04:00:00+00:00,75.86530041583967,76.0617124360422,75.02071524221991,75.58049774169922,13082900.0,WMT
2024-09-06 04:00:00+00:00,75.5215769764748,75.93404672181425,74.93233341275584,75.2662353515625,14548600.0,WMT
2024-09-09 04:00:00+00:00,75.47246726179337,76.08135649956468,75.11891963891172,75.95368194580078,22260200.0,WMT
2024-09-10 04:00:00+00:00,75.96348760734365,77.48570661104465,75.89474266803927,77.3973159790039,17686300.0,WMT
2024-09-11 04:00:00+00:00,76.97504232033796,77.50536376435825,76.17956390062666,77.42679595947266,19518800.0,WMT
2024-09-12 04:00:00+00:00,77.57410546789961,78.47762020092418,77.21074249765607,78.23210144042969,14877700.0,WMT
2024-09-13 04:00:00+00:00,78.38922562437179,79.24363356544404,78.26155857265931,79.15524291992188,12994100.0,WMT
2024-09-16 04:00:00+00:00,79.39094662305865,79.56772043883932,78.70349705759953,79.115966796875,15346400.0,WMT
2024-09-17 04:00:00+00:00,78.33030404045425,78.8213415400939,76.85719154153533,77.19109344482422,21065900.0,WMT
2024-09-18 04:00:00+00:00,77.23038699275853,77.98658903255742,76.8768393494362,77.61339569091797,15684900.0,WMT
2024-09-19 04:00:00+00:00,77.63303404675483,77.67231045439718,76.10099190637801,76.6411361694336,21525700.0,WMT
2024-09-20 04:00:00+00:00,76.8277286186696,78.18298938730803,76.7098769242777,77.6428451538086,39534300.0,WMT
2024-09-23 04:00:00+00:00,77.65267427552061,78.998119797811,77.65267427552061,78.89009094238281,12147300.0,WMT
2024-09-24 04:00:00+00:00,79.03740223210688,79.45969479749579,78.80169882865407,79.22399139404297,14651100.0,WMT
2024-09-25 04:00:00+00:00,79.44004996735268,80.1373223517372,79.23381510656047,79.94091033935547,14163800.0,WMT
2024-09-26 04:00:00+00:00,79.58736111518344,79.74448922338702,77.83926876533079,78.48743438720703,17061100.0,WMT
2024-09-27 04:00:00+00:00,78.46780441074168,78.85081311215366,78.17317887459156,78.3499526977539,11899100.0,WMT
2024-09-30 04:00:00+00:00,78.45796622316304,79.48914790545639,78.42850517383532,79.30255126953125,18997000.0,WMT
2024-10-01 04:00:00+00:00,79.23381933894628,80.0685816751156,78.99812341297057,79.81324005126953,16054200.0,WMT
2024-10-02 04:00:00+00:00,79.53824845619577,79.53824845619577,78.68384804118487,78.98828887939453,16618300.0,WMT
2024-10-03 04:00:00+00:00,78.86062183267632,79.13560162107694,78.41868360762906,78.98828887939453,11640400.0,WMT
2024-10-04 04:00:00+00:00,78.61510487124293,79.65610194875997,78.41868538034706,79.48915100097656,11583400.0,WMT
2024-10-07 04:00:00+00:00,79.24364757581397,79.48916636741816,77.56429994035796,77.68214416503906,16791600.0,WMT
2024-10-08 04:00:00+00:00,78.19282106233922,78.38923308252829,77.65267676786185,78.28120422363281,15270000.0,WMT
2024-10-09 04:00:00+00:00,78.3892416355074,79.05705306670814,78.3204966716767,78.95884704589844,12413000.0,WMT
2024-10-10 04:00:00+00:00,78.87043283147092,78.88025567841049,78.03567066489124,78.1829833984375,10812700.0,WMT
2024-10-11 04:00:00+00:00,78.27137595269252,78.69366851021975,77.94729689109451,78.6642074584961,9570700.0,WMT
2024-10-14 04:00:00+00:00,78.61510366771756,79.06685725090595,78.33030102975671,78.85079956054688,9914500.0,WMT
2024-10-15 04:00:00+00:00,79.22399500835368,80.35338285034948,79.06686689152131,80.18643188476562,13276200.0,WMT
2024-10-16 04:00:00+00:00,80.06857047934795,80.19624501973782,79.17488615980572,79.76412963867188,11123300.0,WMT
2024-10-17 04:00:00+00:00,79.81322636489973,80.03910689584465,79.20434470282032,79.4400405883789,9424700.0,WMT
2024-10-18 04:00:00+00:00,79.42040067945837,80.22570180605842,79.21416584744777,79.85250854492188,12324100.0,WMT
2024-10-21 04:00:00+00:00,79.77395791956398,80.08822162920596,79.2730975567278,79.36148071289062,9750400.0,WMT
2024-10-22 04:00:00+00:00,79.65610506128614,80.75603177536979,79.38112525592466,80.54978942871094,12240100.0,WMT
2024-10-23 04:00:00+00:00,80.42212109525468,81.84612684721985,80.33373794178156,81.77738189697266,13058200.0,WMT
2024-10-24 04:00:00+00:00,81.4729306249553,81.82647817890656,81.0997448702897,81.55149841308594,11645900.0,WMT
2024-10-25 04:00:00+00:00,81.70863247684552,81.80684596551528,80.96226091288851,81.031005859375,8959400.0,WMT
2024-10-28 04:00:00+00:00,81.26671600341797,81.59080259054701,80.99173616923763,81.26671600341797,7990200.0,WMT
2024-10-29 04:00:00+00:00,81.18814873747726,81.3747454087612,80.20607361305835,80.23553466796875,9682400.0,WMT
2024-10-30 04:00:00+00:00,80.13731853015652,80.36319907699793,79.84270052563365,79.93108367919922,9268800.0,WMT
2024-10-31 04:00:00+00:00,79.83286780132144,80.96225541053319,79.76412285950698,80.48103332519531,15539000.0,WMT
2024-11-01 04:00:00+00:00,81.05064535962407,81.05064535962407,80.07839324584725,80.71674346923828,12181800.0,WMT
2024-11-04 05:00:00+00:00,80.72656528542694,81.42384515730066,80.53015327449555,80.97208404541016,11731000.0,WMT
2024-11-05 05:00:00+00:00,81.19794834998396,82.26840633279767,81.0309974248429,82.18002319335938,10612500.0,WMT
2024-11-06 05:00:00+00:00,83.61386034957448,84.00669182672061,80.58906771597773,81.9443359375,19974000.0,WMT
2024-11-07 05:00:00+00:00,82.21933304946587,82.87732160407454,81.9247075063617,82.34700012207031,12665800.0,WMT
2024-11-08 05:00:00+00:00,82.76929625834008,83.88886138153414,82.72019699416016,83.30944061279297,14396500.0,WMT
2024-11-11 05:00:00+00:00,83.42727207057064,83.87903318476431,82.61215547767556,82.7005386352539,10433200.0,WMT
2024-11-12 05:00:00+00:00,82.98534566436463,83.99688181506077,82.98534566436463,83.46656036376953,12860200.0,WMT
2024-11-13 05:00:00+00:00,83.46654691007969,84.25220985779245,83.25048922482682,83.9674072265625,12802600.0,WMT
2024-11-14 05:00:00+00:00,83.50584651207048,84.22276464864036,82.82821227953826,82.95588684082031,15740700.0,WMT
2024-11-15 05:00:00+00:00,83.01479454621264,83.26031328436784,82.43537392063227,82.73981475830078,17370600.0,WMT
2024-11-18 05:00:00+00:00,83.29960175406067,83.3290628054345,82.16039864265895,82.57286834716797,25093800.0,WMT
2024-11-19 05:00:00+00:00,84.6843359965137,86.70740822906191,84.37007227599516,85.04769897460938,36340900.0,WMT
2024-11-20 05:00:00+00:00,85.04769662178668,85.63694014487791,84.37006994191884,85.61730194091797,18183200.0,WMT
2024-11-21 05:00:00+00:00,85.88245773775941,87.05112941241242,85.37178202271782,86.80561065673828,18729200.0,WMT
2024-11-22 05:00:00+00:00,87.80732689213485,89.28043935095941,87.33592760855053,88.81886291503906,23990600.0,WMT
2024-11-25 05:00:00+00:00,88.87778882074622,89.31971958025836,87.46359840208696,87.89571380615234,25078600.0,WMT
2024-11-26 05:00:00+00:00,88.27872639459238,90.23305366274636,88.22961964462026,89.67327117919922,16657000.0,WMT
2024-11-27 05:00:00+00:00,90.35090682099279,90.5964255895281,89.67327262219112,90.2330551147461,14358900.0,WMT
2024-11-29 05:00:00+00:00,90.60624592019107,90.97943174064386,90.17413050193353,90.8419418334961,11041200.0,WMT
2024-12-02 05:00:00+00:00,91.15620495933895,91.32315591799053,90.30179697675584,90.97943115234375,17173000.0,WMT
2024-12-03 05:00:00+00:00,91.11691376814709,91.91239208965862,90.60623808470895,91.83383178710938,17775200.0,WMT
2024-12-04 05:00:00+00:00,91.77490589448152,92.82572584639661,91.38208188798582,92.7569808959961,17312600.0,WMT
2024-12-05 05:00:00+00:00,93.18908915300759,93.88636145153279,92.64894494651203,93.59174346923828,21932300.0,WMT
2024-12-06 05:00:00+00:00,93.82743764569376,94.45596498764569,93.6212028140505,93.98456573486328,18803500.0,WMT
2024-12-09 05:00:00+00:00,93.9453086868654,94.22028851904169,91.92222886381121,92.14810943603516,20931100.0,WMT
2024-12-10 05:00:00+00:00,92.36415659261792,93.53282074567026,92.0891692992621,92.85519409179688,13164500.0,WMT
2024-12-11 05:00:00+00:00,92.8453657116833,93.97475339102787,92.8060818149732,93.2578353881836,19682100.0,WMT
2024-12-12 05:00:00+00:00,93.96493016830378,94.00421406485694,92.40342712402344,92.40342712402344,14298600.0,WMT
2024-12-13 05:00:00+00:00,92.32273798419004,93.18887607812256,91.57470519306194,92.7656478881836,11495900.0,WMT
2024-12-16 05:00:00+00:00,92.93297519516281,94.20265985317279,92.61801518374291,93.37589263916016,16742000.0,WMT
2024-12-17 05:00:00+00:00,93.64162440595727,93.98611069843744,92.83453901675888,93.9172134399414,23560800.0,WMT
2024-12-18 05:00:00+00:00,93.83847015623984,94.38965572513936,91.66327673166043,92.07666778564453,24665600.0,WMT
2024-12-19 05:00:00+00:00,92.99203181545501,93.08061079533483,91.88966806288313,91.92903900146484,16606500.0,WMT
2024-12-20 05:00:00+00:00,91.54517750132891,92.27352105829564,90.18690646543824,90.78730010986328,49350600.0,WMT
2024-12-23 05:00:00+00:00,90.0589529700807,90.0589529700807,87.509746867493,88.92706298828125,26205400.0,WMT
2024-12-24 05:00:00+00:00,88.94676529061283,91.22038269042969,88.92707606550145,91.22038269042969,8992400.0,WMT
2024-12-26 05:00:00+00:00,91.08258106874483,91.4172227772236,90.71840552489564,91.32864379882812,10994000.0,WMT
2024-12-27 05:00:00+00:00,90.67902989431401,90.8955662870597,89.59635543982382,90.21643829345703,11384400.0,WMT
2024-12-30 05:00:00+00:00,89.30109184943511,89.63573356744539,88.71053527302367,89.14360809326172,9790200.0,WMT
2024-12-31 05:00:00+00:00,89.14359937722838,89.50777489584294,88.6416293400544,88.92706298828125,11267700.0,WMT
2025-01-02 05:00:00+00:00,88.5628988525675,89.17312960166795,88.11013683265386,88.58258056640625,14820400.0,WMT
2025-01-03 05:00:00+00:00,88.73021307677716,89.86210302356282,88.7203684659737,89.35028839111328,10834600.0,WMT
2025-01-06 05:00:00+00:00,89.3995098685725,91.01368072251604,89.24202612221784,89.99005889892578,14519900.0,WMT
2025-01-07 05:00:00+00:00,90.25579677295963,90.49202237531856,89.02548325364863,89.37981414794922,11238000.0,WMT
2025-01-08 05:00:00+00:00,89.67508971339392,90.40343319244897,89.38965608434478,90.3542251586914,13453600.0,WMT
2025-01-10 05:00:00+00:00,91.03336926286799,92.10620671495674,90.74793558312399,91.53533935546875,18140900.0,WMT
2025-01-13 05:00:00+00:00,90.66920534531555,90.97432075411558,89.66526511436184,90.08849334716797,18617100.0,WMT
2025-01-14 05:00:00+00:00,90.41327835716763,90.53139115553749,89.14359393433266,89.3601303100586,13549200.0,WMT
2025-01-15 05:00:00+00:00,89.63572195207107,90.28533109824906,89.37981463607024,89.9014663696289,17348200.0,WMT
2025-01-16 05:00:00+00:00,90.0589611372193,90.27549754580338,88.70069754142654,89.86211395263672,13267700.0,WMT
2025-01-17 05:00:00+00:00,90.61997719233632,90.80698726036927,89.61604461019976,90.49202728271484,15868200.0,WMT
2025-01-21 05:00:00+00:00,91.02352567446886,92.75580183542009,90.85619731603153,91.61407470703125,23247500.0,WMT
2025-01-22 05:00:00+00:00,92.29320765126391,92.5195886722931,91.06289397211108,91.76171875,15567100.0,WMT
2025-01-23 05:00:00+00:00,91.49596874852311,92.33258056640625,90.86604873205305,92.33258056640625,14198400.0,WMT
2025-01-24 05:00:00+00:00,92.06682898684477,93.51367899403203,91.98808711356855,93.26761627197266,14973800.0,WMT
2025-01-27 05:00:00+00:00,94.38966668031252,95.92509574428422,93.32667386252962,95.86604309082031,18880600.0,WMT
2025-01-28 05:00:00+00:00,95.69871407520293,96.29910018912899,95.20658864698562,95.75776672363281,14641600.0,WMT
2025-01-29 05:00:00+00:00,95.89556501798022,96.62390857782836,95.68887323110054,95.96446228027344,11261400.0,WMT
2025-01-30 05:00:00+00:00,96.1514792271145,97.37194832180425,95.88572726124336,97.09635925292969,11012200.0,WMT
2025-01-31 05:00:00+00:00,97.4408341875208,97.4408341875208,96.16130507833289,96.61406707763672,16391200.0,WMT
2025-02-03 05:00:00+00:00,95.24594919103629,98.21839089269812,94.95067844858345,97.97232818603516,20484200.0,WMT
2025-02-04 05:00:00+00:00,98.39555672203832,99.36011833071075,98.11996769098907,99.18295288085938,15201200.0,WMT
2025-02-05 05:00:00+00:00,99.06484481444042,100.9644491644205,98.95657662538163,100.8463363647461,15926700.0,WMT
2025-02-06 05:00:00+00:00,100.91524934494889,101.39753021093462,100.33454488518387,101.23020935058594,13088500.0,WMT
2025-02-07 05:00:00+00:00,101.37783891350182,101.48610710919705,99.51760538272129,99.55697631835938,12451100.0,WMT
2025-02-10 05:00:00+00:00,100.34437819027666,101.30894739498011,99.6554055506589,101.29910278320312,15274600.0,WMT
2025-02-11 05:00:00+00:00,101.00382504259765,101.23019853317598,100.24594768208192,100.85618591308594,11953600.0,WMT
2025-02-12 05:00:00+00:00,100.5117091619865,102.26367464182847,100.43296728420425,101.97824096679688,15162100.0,WMT
2025-02-13 05:00:00+00:00,102.3620947578762,103.58256378509488,101.89949562816534,103.39556121826172,12604400.0,WMT
2025-02-14 05:00:00+00:00,103.64162462840886,103.64162462840886,101.96839356292257,102.4014663696289,14109500.0,WMT
2025-02-18 05:00:00+00:00,102.08650856489527,102.35225301428301,100.89556583015997,102.14556121826172,18247300.0,WMT
2025-02-19 05:00:00+00:00,102.214459549653,102.558945879948,100.93493782152319,102.36209869384766,18508000.0,WMT
2025-02-20 05:00:00+00:00,97.22430502159163,98.54320516388218,95.15737958409488,95.67903137207031,55450900.0,WMT
2025-02-21 05:00:00+00:00,95.00973920349958,95.32469919453781,92.63769841363877,93.28730010986328,35014800.0,WMT
2025-02-24 05:00:00+00:00,92.6967484954846,93.14950300072293,90.66919407871335,92.19477844238281,29755900.0,WMT
2025-02-25 05:00:00+00:00,92.86407204804411,96.36801040114787,92.75580384698189,96.15147399902344,29331200.0,WMT
2025-02-26 05:00:00+00:00,96.16131291939072,97.17509768570574,94.5569866057808,94.6849365234375,19069700.0,WMT
2025-02-27 05:00:00+00:00,94.38967272531532,96.49596927179434,94.30108623020736,95.26565551757812,16431500.0,WMT
2025-02-28 05:00:00+00:00,96.2498833607739,97.30303138059912,95.63964518219541,97.05696868896484,25451300.0,WMT
2025-03-03 05:00:00+00:00,96.43691196146986,97.92312549820103,95.30502186035677,96.05304718017578,18372200.0,WMT
2025-03-04 05:00:00+00:00,94.2518786556592,95.52156335745153,92.97234934119706,93.47431945800781,25227700.0,WMT
2025-03-05 05:00:00+00:00,93.47431114470604,94.8719456499478,93.25777474066379,94.4684066772461,17639000.0,WMT
2025-03-06 05:00:00+00:00,93.30698936542706,94.67509753096232,92.69675109728819,93.14950561523438,19957800.0,WMT
2025-03-07 05:00:00+00:00,92.46053572524325,92.47037282799334,89.33061743504112,90.27549743652344,35913200.0,WMT
2025-03-10 04:00:00+00:00,88.34636945697925,88.80896861586127,85.24597738955283,86.43692016601562,35148800.0,WMT
2025-03-11 04:00:00+00:00,85.91525759916534,87.9428119472459,85.76761846981506,86.06289672851562,28687600.0,WMT
2025-03-12 04:00:00+00:00,86.49596213841718,87.6967493788908,83.54320958351016,83.85816955566406,33301600.0,WMT
2025-03-13 04:00:00+00:00,83.60226219169486,84.10422467405097,82.54911417591236,83.169189453125,31507800.0,WMT
2025-03-14 04:00:00+00:00,83.62196393931538,84.02551045317314,82.73613653873423,84.00582122802734,35500600.0,WMT
2025-03-17 04:00:00+00:00,83.7892816531787,86.60424000394252,83.64165001633776,86.08258819580078,26297800.0,WMT
2025-03-18 04:00:00+00:00,86.06288958204271,86.2991076638453,84.15344068860837,84.24201965332031,17850900.0,WMT
2025-03-19 04:00:00+00:00,84.59635494366285,85.42312953695728,84.27155788020508,84.97037506103516,24555900.0,WMT
2025-03-20 04:00:00+00:00,84.45856475830078,85.70856756847122,84.17313110487004,84.45856475830078,18185500.0,WMT
2025-03-21 04:00:00+00:00,84.1674194432666,85.1050300776887,83.67394253984232,84.85829162597656,26797200.0,WMT
2025-03-24 04:00:00+00:00,85.34188991903744,86.5064956172808,85.22345276113055,86.34857940673828,17900700.0,WMT
2025-03-25 04:00:00+00:00,85.62811290164045,86.17093296805261,83.51603239409818,83.65420532226562,27908600.0,WMT
2025-03-26 04:00:00+00:00,84.07859187497363,84.4437599412046,83.46667784284189,84.09832763671875,27228800.0,WMT
2025-03-27 04:00:00+00:00,83.67392360162556,84.98657367480376,83.67392360162556,84.51283264160156,16782800.0,WMT
2025-03-28 04:00:00+00:00,84.31546175949198,84.71024477761797,83.59498218667257,84.03911590576172,14790600.0,WMT
2025-03-31 04:00:00+00:00,83.65420735775614,87.04932335658675,83.2692959728011,86.6446762084961,30269300.0,WMT
2025-04-01 04:00:00+00:00,86.39794069397973,87.94745793300605,86.23016034710956,87.67111206054688,22080300.0,WMT
2025-04-02 04:00:00+00:00,87.04932097152809,88.97388537343232,86.97037039128871,88.58897399902344,19384100.0,WMT
2025-04-03 04:00:00+00:00,85.15437917884813,88.70741162490492,85.15437917884813,86.12159729003906,33012900.0,WMT
2025-04-04 04:00:00+00:00,84.52272439458476,86.249893576564,81.57173458630672,82.10469055175781,36209000.0,WMT
2025-04-07 04:00:00+00:00,79.19316782991429,85.13463369953219,78.76877741065586,82.73633575439453,36884900.0,WMT
2025-04-08 04:00:00+00:00,84.72997588568565,85.83536676974494,79.9728592267427,80.72294616699219,34351700.0,WMT
2025-04-09 04:00:00+00:00,82.24287074651298,89.61541762484065,81.93690991552488,88.43106842041016,46632800.0,WMT
2025-04-10 04:00:00+00:00,87.57241647688778,90.67145089460685,87.00985309608808,89.42788696289062,34735300.0,WMT
2025-04-11 04:00:00+00:00,89.49696506177855,92.13212972914648,88.83570786597183,91.58930969238281,25508100.0,WMT
2025-04-14 04:00:00+00:00,92.05317387976496,94.19486926160484,91.68800580768422,93.49413299560547,27742900.0,WMT
2025-04-15 04:00:00+00:00,93.58295828979439,94.77717147495933,92.64535519900221,92.74404907226562,21871200.0,WMT
2025-04-16 04:00:00+00:00,92.7736582339228,93.06974738916657,89.42788541702438,90.00032043457031,22229100.0,WMT
2025-04-17 04:00:00+00:00,90.63196484331499,92.64535140075573,90.42470545900103,92.00382995605469,21393900.0,WMT
2025-04-21 04:00:00+00:00,91.80643396533199,92.85261005440853,90.14835137400829,91.20439910888672,18361200.0,WMT
2025-04-22 04:00:00+00:00,91.66826394467752,94.04682615762754,91.66826394467752,93.61256408691406,15407800.0,WMT
2025-04-23 04:00:00+00:00,93.78033755432959,95.3397262123756,92.93156429714395,93.72112274169922,18046900.0,WMT
2025-04-24 04:00:00+00:00,93.47438280068552,94.96468497655155,92.43808594715674,94.58963775634766,13444500.0,WMT
2025-04-25 04:00:00+00:00,94.55017772821458,95.21143497177785,93.12896183649416,93.84943389892578,15317200.0,WMT
2025-04-28 04:00:00+00:00,93.85929264604368,94.74755245629322,93.1092057474042,93.97772979736328,12950000.0,WMT
2025-04-29 04:00:00+00:00,93.60269920589768,94.92522127599176,93.18818039745368,94.78704833984375,12679000.0,WMT
2025-04-30 04:00:00+00:00,94.68834754249565,96.5043388733851,93.69152212181191,95.98125457763672,21639900.0,WMT
2025-05-01 04:00:00+00:00,95.75424889814083,96.62277301168427,95.3298584871665,96.13916778564453,13171800.0,WMT
2025-05-02 04:00:00+00:00,96.67211914953505,97.92555465921288,96.57342527810886,97.46168518066406,16031400.0,WMT
2025-05-05 04:00:00+00:00,97.64920728886501,98.43876577785694,97.2445526334922,98.03411865234375,12439100.0,WMT
2025-05-06 04:00:00+00:00,97.45180593809181,98.17228545007438,97.12611694075915,97.26428985595703,10626000.0,WMT
2025-05-07 04:00:00+00:00,97.2642883292154,97.93541713386735,97.02741402414365,97.54063415527344,11301300.0,WMT
2025-05-08 04:00:00+00:00,97.46169142258881,98.03412645532592,96.08982619128246,96.1589126586914,14461100.0,WMT
2025-05-09 04:00:00+00:00,95.71864383569856,96.16384381105718,95.26354834700207,95.68896484375,13697800.0,WMT
2025-05-12 04:00:00+00:00,96.6288341597151,96.92563917332399,94.60069172693782,95.71864318847656,26783900.0,WMT
2025-05-13 04:00:00+00:00,95.47131131137344,96.2825698205941,94.21485281526368,94.85791778564453,19746700.0,WMT
2025-05-14 04:00:00+00:00,95.00632310326482,96.29246817814281,94.8084581139292,95.79779815673828,25620100.0,WMT
2025-05-15 04:00:00+00:00,93.29476404417642,95.68896500761831,90.91045104602425,95.32290649414062,44026100.0,WMT
2025-05-16 04:00:00+00:00,95.11515168932605,98.13264185744112,94.97664468633705,97.19276428222656,33746200.0,WMT
2025-05-19 04:00:00+00:00,95.61971978497503,97.23234139037017,94.78867019674955,97.07405090332031,20041600.0,WMT
2025-05-20 04:00:00+00:00,97.50934687529613,97.76657738582797,95.49109239248915,96.75745391845703,15609600.0,WMT
2025-05-21 04:00:00+00:00,96.09459647918499,96.71788554235495,94.95686145848,95.40206146240234,15742300.0,WMT
2025-05-22 04:00:00+00:00,95.51088478539725,95.92640577507814,94.79855877562132,94.90738677978516,13712200.0,WMT
2025-05-23 04:00:00+00:00,94.32367117781531,95.51088369659632,93.98729920373636,95.3130111694336,13668600.0,WMT
2025-05-27 04:00:00+00:00,96.26278854880294,96.75745856694054,95.55046251499432,96.53980255126953,17180900.0,WMT
2025-05-28 04:00:00+00:00,96.48043654750698,97.19276257785366,96.02534103880005,96.20342254638672,11220100.0,WMT
2025-05-29 04:00:00+00:00,96.58925987223884,96.72776686608425,95.81757589279574,96.06491088867188,14338000.0,WMT
2025-05-30 04:00:00+00:00,95.92640776082855,97.87540881457093,95.57024474856775,97.66764831542969,29980100.0,WMT
2025-06-02 04:00:00+00:00,97.78636488671441,98.84496596435731,97.00479290575488,98.70645141601562,16999200.0,WMT
2025-06-03 04:00:00+00:00,98.50858207069692,99.81451054985153,97.51924208503237,98.91421508789062,15598600.0,WMT
2025-06-04 04:00:00+00:00,98.72624373569195,99.06261572703251,98.26125270807898,98.29093170166016,11115600.0,WMT
2025-06-05 04:00:00+00:00,98.24146816361728,98.52837013050272,96.56948109472154,96.9157485961914,15817100.0,WMT
2025-06-06 04:00:00+00:00,97.32137673155623,97.50934619542285,95.93629924735794,96.43096923828125,15599300.0,WMT
2025-06-09 04:00:00+00:00,96.36171611842039,96.80691609276688,95.73842709665722,96.41117858886719,13655700.0,WMT
2025-06-10 04:00:00+00:00,96.25288326547395,97.04435068532221,95.451520332809,96.28256225585938,17162500.0,WMT
2025-06-11 04:00:00+00:00,96.25288486220282,96.25288486220282,94.33356293941655,94.77877044677734,16389600.0,WMT
2025-06-12 04:00:00+00:00,93.8784803043254,94.24453885402475,92.43404468226183,93.81912231445312,17845700.0,WMT
2025-06-13 04:00:00+00:00,93.51242241585825,94.3038975107258,93.00786440224444,93.43328094482422,18694700.0,WMT
2025-06-16 04:00:00+00:00,93.73997714499143,94.75899626932555,93.09690455206163,93.28488159179688,14881700.0,WMT
2025-06-17 04:00:00+00:00,92.94849525689486,93.80922382305666,92.62201877489231,93.24530029296875,14935600.0,WMT
2025-06-18 04:00:00+00:00,93.56188622781879,94.47207724283868,93.08699969281491,94.07633972167969,11333700.0,WMT
2025-06-20 04:00:00+00:00,94.22474336504209,95.28333690669355,94.18516885764528,95.09536743164062,20604900.0,WMT
2025-06-23 04:00:00+00:00,94.89749593265964,96.88607154972344,94.6501609197734,96.82671356201172,20432400.0,WMT
2025-06-24 04:00:00+00:00,96.68819617215671,98.05348257932276,96.21330967727972,96.95531463623047,22403700.0,WMT
2025-06-25 04:00:00+00:00,97.26201569591959,97.50935070281436,96.11438518892184,96.22321319580078,11154700.0,WMT
2025-06-26 04:00:00+00:00,95.8670458294682,96.30235028915483,94.89748932531175,94.99642181396484,19361400.0,WMT
2025-06-27 04:00:00+00:00,95.29323844166106,96.7178906057004,95.13494795013779,96.23310852050781,31431900.0,WMT
2025-06-30 04:00:00+00:00,96.19353080195033,97.0938262702253,95.28333227222596,96.73766326904297,17803000.0,WMT
2025-07-01 04:00:00+00:00,96.55958725482957,98.13264185744112,96.38150574412006,97.19276428222656,15635800.0,WMT
2025-07-02 04:00:00+00:00,97.08392672021623,97.33126170808313,96.02533327406844,96.56947326660156,12502000.0,WMT
2025-07-03 04:00:00+00:00,96.65850967391155,97.43020117191797,96.38149569681094,97.31147766113281,7686200.0,WMT
2025-07-07 04:00:00+00:00,97.18287568494723,98.29093170166016,96.57937765524515,98.29093170166016,12930900.0,WMT
2025-07-08 04:00:00+00:00,97.76657705993655,98.11284454522993,95.48120410893512,96.05501556396484,16875000.0,WMT
2025-07-09 04:00:00+00:00,96.11438704820219,96.25289405089738,95.35259098531314,95.77800750732422,13702600.0,WMT
2025-07-10 04:00:00+00:00,95.62960804950346,95.74832401877455,93.73006951244888,93.84879302978516,18894800.0,WMT
2025-07-11 04:00:00+00:00,93.99719766364633,94.51165115426579,93.22551365368447,93.3936996459961,14595000.0,WMT
2025-07-14 04:00:00+00:00,93.50252890236736,94.81834541352832,93.37390986694398,94.75898742675781,13779100.0,WMT
2025-07-15 04:00:00+00:00,94.58089891411075,94.75898040929978,93.92793846379428,94.37313842773438,10450800.0,WMT
2025-07-16 04:00:00+00:00,94.4028301747664,94.80846323730967,93.60146711216693,94.13571166992188,11181600.0,WMT
2025-07-17 04:00:00+00:00,94.06645175599813,94.61058424303452,93.8784747351329,94.07633972167969,11165100.0,WMT
2025-07-18 04:00:00+00:00,94.07633300827958,94.46218253622233,93.42337256081888,94.0367660522461,14636300.0,WMT
2025-07-21 04:00:00+00:00,94.24453624349606,95.60982280920157,94.0862382108003,94.65016174316406,13450400.0,WMT
2025-07-22 04:00:00+00:00,94.81834392725618,95.63949795568222,94.71941143483426,94.82823944091797,9049100.0,WMT
2025-07-23 04:00:00+00:00,94.98653344289535,95.26354742916642,94.27420745073255,94.66004943847656,9729700.0,WMT
2025-07-24 04:00:00+00:00,94.5512248287979,95.9264068443071,94.33356881804417,95.57024383544922,14991500.0,WMT
2025-07-25 04:00:00+00:00,95.80768021895624,96.60905073693624,95.5009872399646,96.43096923828125,12868500.0,WMT
2025-07-28 04:00:00+00:00,96.24298927108168,97.08392672021623,96.0451243000141,96.56947326660156,12293100.0,WMT
2025-07-29 04:00:00+00:00,96.73767449688204,97.667656613248,96.30236243423141,97.28181457519531,14034300.0,WMT
2025-07-30 04:00:00+00:00,97.55881359853628,97.82593206532574,96.25288515942863,96.5496826171875,13864100.0,WMT
2025-07-31 04:00:00+00:00,96.40129472482225,97.57860422522722,96.27267569044558,96.93553924560547,15651300.0,WMT
2025-08-01 04:00:00+00:00,96.95531951004862,97.77647351743467,96.62883550016282,97.44009399414062,16750400.0,WMT
2025-08-04 04:00:00+00:00,97.15317658219787,98.84495447824655,97.15317658219787,98.52835845947266,19050200.0,WMT
2025-08-05 04:00:00+00:00,98.60752105436944,99.3989961142571,97.8556280503483,98.25135803222656,17977000.0,WMT
2025-08-06 04:00:00+00:00,98.39975870482596,102.58467036252021,98.39975870482596,102.25818634033203,23738400.0,WMT
2025-08-07 04:00:00+00:00,102.35711630331805,102.79242832213986,101.02150880237373,102.02074432373047,12509500.0,WMT
2025-08-08 04:00:00+00:00,102.26807407218243,103.6036815045167,102.0504180739525,102.62423706054688,12394700.0,WMT
2025-08-11 04:00:00+00:00,102.79242641572111,103.21784291311654,102.01084691827067,102.82210540771484,12856700.0,WMT
2025-08-12 04:00:00+00:00,103.13870052241693,103.19805851021431,102.26808399310445,102.51541900634766,17915300.0,WMT
2025-08-13 04:00:00+00:00,101.06108254248757,101.71404301770609,99.77493752284313,99.91344451904297,19398500.0,WMT
2025-08-14 04:00:00+00:00,100.14099901903388,100.35865503326946,99.64632900415864,99.77494049072266,10858400.0,WMT
2025-08-15 04:00:00+00:00,99.78981447224214,99.9286449750798,98.70891876219247,99.16507720947266,13604900.0,WMT
2025-08-18 04:00:00+00:00,99.16506994874592,100.0377198406449,99.08573607702026,99.85922241210938,11656100.0,WMT
2025-08-19 04:00:00+00:00,100.11705125197197,101.57477895490567,99.95839107811419,100.44429779052734,16999000.0,WMT
2025-08-20 04:00:00+00:00,100.30547319188467,101.7929492919155,100.08730882003567,101.71361541748047,18655000.0,WMT
2025-08-21 04:00:00+00:00,98.58000320785128,98.61966257944395,96.14053574169328,97.14210510253906,51825100.0,WMT
2025-08-22 04:00:00+00:00,97.25119024061061,98.22301131941312,95.95213015921999,96.02154541015625,32695200.0,WMT
2025-08-25 04:00:00+00:00,96.19011876268009,96.76527798960507,95.26788330078125,95.26788330078125,18956100.0,WMT
2025-08-26 04:00:00+00:00,95.47613758044305,95.66455365300561,94.62331728926907,95.24806213378906,22270400.0,WMT
2025-08-27 04:00:00+00:00,95.09930408421621,95.51579556438128,94.80180584655862,95.27780151367188,12925700.0,WMT
2025-08-28 04:00:00+00:00,95.19847396233963,95.76371459886323,94.90097570492934,95.30755615234375,19241600.0,WMT
2025-08-29 04:00:00+00:00,95.29763818922808,96.21987371478201,95.00014749544312,96.17029571533203,15600300.0,WMT
2025-09-02 04:00:00+00:00,96.4182014241689,97.03302001953125,95.70421170570151,97.03302001953125,15351300.0,WMT
2025-09-03 04:00:00+00:00,97.03302028019843,98.60974884033203,96.68594404548175,98.60974884033203,18995900.0,WMT
2025-09-04 04:00:00+00:00,99.07583035198164,100.50380229145934,98.81799903783775,100.08731079101562,15640900.0,WMT
2025-09-05 04:00:00+00:00,100.23605511358775,100.63271690887078,98.71883074489759,99.67081451416016,13748500.0,WMT
2025-09-08 04:00:00+00:00,100.00797220752024,101.50536689228252,99.5815621012248,101.42603302001953,13685700.0,WMT
2025-09-09 04:00:00+00:00,101.14837162139736,101.6342783470665,100.7021318316984,101.43595123291016,11819700.0,WMT
2025-09-10 04:00:00+00:00,101.09879851449325,101.59462392665986,99.55182564955595,99.57166290283203,17934900.0,WMT
2025-09-11 04:00:00+00:00,100.14680957440117,101.9218653682149,99.44273843255802,101.79295349121094,15900800.0,WMT
2025-09-12 04:00:00+00:00,101.68386562940454,103.11184508572026,101.50536819736507,102.62593078613281,11641900.0,WMT
2025-09-15 04:00:00+00:00,102.78460521654077,103.1118517908423,102.54661114691014,102.82427215576172,10756900.0,WMT
2025-09-16 04:00:00+00:00,102.98293634012248,103.33993124125845,102.26894653785052,102.55652618408203,14481900.0,WMT
2025-09-17 04:00:00+00:00,102.86393693787875,105.22406302931925,102.86393693787875,103.39942169189453,25382000.0,WMT
2025-09-18 04:00:00+00:00,102.91351330621639,103.76633355383453,101.26737700046856,102.73501586914062,14869400.0,WMT
2025-09-19 04:00:00+00:00,102.94326297245324,103.0721824132953,101.23762245477725,101.47562408447266,34791600.0,WMT
2025-09-22 04:00:00+00:00,101.59461147967812,102.3383495068081,101.06903781768403,101.9615249633789,12861900.0,WMT
2025-09-23 04:00:00+00:00,101.55495735990907,101.82269973461295,100.48397272970382,101.66403198242188,13158700.0,WMT
2025-09-24 04:00:00+00:00,102.17968559176845,102.60609568102346,101.6243636395086,101.87227630615234,11391800.0,WMT
2025-09-25 04:00:00+00:00,102.35818451290977,102.64576411831,101.72352868226592,102.18960571289062,13366700.0,WMT
2025-09-26 04:00:00+00:00,102.02102224213012,102.62592978001715,101.61444938550616,102.29869079589844,11859300.0,WMT
2025-09-29 04:00:00+00:00,102.18960441262479,102.44742813912848,101.227702053693,102.21935272216797,15477200.0,WMT
2025-09-30 04:00:00+00:00,102.14002730177343,103.07218142826827,101.86236630214387,102.19952392578125,13873400.0,WMT
2025-10-01 04:00:00+00:00,101.70370018942631,102.00119844564904,99.71048759609677,101.10871124267578,16142800.0,WMT
2025-10-02 04:00:00+00:00,100.60295556223784,101.28719693275305,99.03615328289125,100.85086822509766,15605400.0,WMT
2025-10-03 04:00:00+00:00,100.6128811517826,101.96152673635164,100.35504984616642,101.21778869628906,11867500.0,WMT
2025-10-06 04:00:00+00:00,101.02937598212222,102.2094427990993,100.73188529566816,101.842529296875,13303600.0,WMT
2025-10-07 04:00:00+00:00,101.52520855641414,102.38794749625569,100.10714757659848,102.3780288696289,15538900.0,WMT
2025-10-08 04:00:00+00:00,102.1598486460141,102.39785025400097,101.29711740556779,102.04085540771484,13584100.0,WMT
2025-10-09 04:00:00+00:00,102.26894137021094,102.58626931455332,99.53199068739345,100.92029571533203,19508000.0,WMT
2025-10-10 04:00:00+00:00,101.19796126043559,102.76476368306976,100.67238001192419,100.98970794677734,18519400.0,WMT
2025-10-13 04:00:00+00:00,100.52363410690805,101.59461111217333,100.22613587085442,101.26737213134766,10871200.0,WMT
2025-10-14 04:00:00+00:00,103.18126780640652,107.01895152466051,102.03094925757398,106.31488037109375,30859500.0,WMT
2025-10-15 04:00:00+00:00,106.42395289236927,108.64524834345669,106.40412320726159,108.11967468261719,21416300.0,WMT
2025-10-16 04:00:00+00:00,108.28826477514068,108.66509692272169,104.77782758664273,105.58106231689453,16366200.0,WMT
2025-10-17 04:00:00+00:00,106.27520633823076,107.29660537404432,105.33314117615089,106.83053588867188,13735600.0,WMT
2025-10-20 04:00:00+00:00,106.94952788401137,107.34618968235065,105.71988311828468,106.15621185302734,10581200.0,WMT
2025-10-21 04:00:00+00:00,106.43387809258782,106.58262722001473,105.29347820324139,105.33314514160156,10899700.0,WMT
2025-10-22 04:00:00+00:00,105.6603826132251,106.87019008343917,104.77781411634658,106.24545288085938,12296500.0,WMT
2025-10-23 04:00:00+00:00,106.45371072346444,106.67187510763242,104.89681928681449,105.96780395507812,11408200.0,WMT
2025-10-24 04:00:00+00:00,106.17604122939089,106.27520478726349,104.62906854263365,105.28355407714844,10318000.0,WMT
2025-10-27 04:00:00+00:00,105.45214526515076,105.47198251847144,103.28043509965117,103.59776306152344,16375900.0,WMT
2025-10-28 04:00:00+00:00,103.1911699012466,103.27050377338249,102.18960813688516,102.30860137939453,13323000.0,WMT
2025-10-29 04:00:00+00:00,102.05077769117472,102.80442677973446,101.25745410083402,101.60453033447266,11986400.0,WMT
2025-10-30 04:00:00+00:00,101.34670133734312,102.50693843859625,101.1087072811068,101.37645721435547,14065100.0,WMT
2025-10-31 04:00:00+00:00,100.85088305196206,101.24754488399289,99.3435771690791,100.3352279663086,20237000.0,WMT
2025-11-03 05:00:00+00:00,99.97823063454936,100.9500517210274,99.56173912564235,100.7417984008789,14811700.0,WMT
2025-11-04 05:00:00+00:00,101.27728431295115,101.7631986082678,100.61288015285842,101.4161148071289,12636400.0,WMT
2025-11-05 05:00:00+00:00,100.89055275745527,101.82270695342667,100.0079841289827,100.62281036376953,13356800.0,WMT
2025-11-06 05:00:00+00:00,100.49388187397508,101.0789597419063,99.19482183188099,100.83104705810547,14866000.0,WMT
2025-11-07 05:00:00+00:00,101.27728578839559,102.11027633129191,100.88063155107741,101.73344421386719,17248700.0,WMT
2025-11-10 05:00:00+00:00,101.29712274632084,101.8127777927579,100.75171182304594,101.56486511230469,14507600.0,WMT
2025-11-11 05:00:00+00:00,101.6442008637206,102.87384566309207,101.46570342786872,102.57635498046875,13182100.0,WMT
2025-11-12 05:00:00+00:00,102.48710247969544,102.7350151647289,101.8028686136755,102.57635498046875,12084400.0,WMT
2025-11-13 05:00:00+00:00,102.72509715214237,103.06226233996183,101.16820578346626,101.68386840820312,18088500.0,WMT
2025-11-14 05:00:00+00:00,99.36339681584856,101.63427781992421,98.05441819840043,101.6243667602539,23424200.0,WMT
2025-11-17 05:00:00+00:00,101.7235405195123,102.45735999051881,101.24754480829215,102.09044647216797,15289400.0,WMT
2025-11-18 05:00:00+00:00,102.12019322023994,102.47718051461632,100.53354603517187,100.54346466064453,17604500.0,WMT
2025-11-19 05:00:00+00:00,100.73187610797551,100.86078797044482,98.84773833617163,99.76997375488281,22157000.0,WMT
2025-11-20 05:00:00+00:00,103.07217500417946,107.0090294488173,101.82269301802692,106.21570587158203,50375900.0,WMT
2025-11-21 05:00:00+00:00,107.07845324340106,107.24703205817201,103.84566962175352,104.44065856933594,41420800.0,WMT
2025-11-24 05:00:00+00:00,104.48032640372462,105.382724676061,102.89368667466971,103.19117736816406,42519200.0,WMT
2025-11-25 05:00:00+00:00,103.7365912306264,106.52312756935244,103.35976664868791,106.10663604736328,20212900.0,WMT
2025-11-26 05:00:00+00:00,106.30495661869999,108.67500128911136,106.27520830692245,108.18909454345703,17783300.0,WMT
2025-11-28 05:00:00+00:00,108.38742955512716,109.77573454685668,108.0899313050738,109.58732604980469,9846500.0,WMT
2025-12-01 05:00:00+00:00,109.58732784011903,110.82689129276726,109.43857871266226,110.59880828857422,17236800.0,WMT
2025-12-02 05:00:00+00:00,110.53931192483859,111.70946012952888,109.86498910237817,111.47146606445312,18711800.0,WMT
2025-12-03 05:00:00+00:00,111.56070876612803,113.9307534404373,111.2830477681546,113.45476531982422,24478300.0,WMT
2025-12-04 05:00:00+00:00,112.67135703290282,113.9307501128403,112.21519861159891,113.88116455078125,25905100.0,WMT
2025-12-05 05:00:00+00:00,113.77208598724077,115.29922137853497,113.72250042690119,114.14891052246094,23956400.0,WMT
2025-12-08 05:00:00+00:00,113.61342390958818,114.02991540070049,111.36238007988572,112.61185455322266,22700700.0,WMT
2025-12-09 05:00:00+00:00,112.998609317056,114.75383552705914,112.07637374036673,114.0993423461914,24326700.0,WMT
2025-12-10 05:00:00+00:00,114.38691141934537,115.2595689131506,112.04661506618633,112.23503112792969,22859600.0,WMT
2025-12-11 05:00:00+00:00,112.19536258121082,114.90257239322634,111.90778296266743,114.55548858642578,21586600.0,WMT
2025-12-12 05:00:00+00:00,114.53065743999558,116.20995826684367,114.29217065870262,115.96154022216797,19092400.0,WMT
2025-12-15 05:00:00+00:00,116.19008548018503,116.70679166550624,114.90824748947732,116.05097198486328,18713700.0,WMT
2025-12-16 05:00:00+00:00,115.84230725437074,116.14040436662395,114.22261671143758,114.68964385986328,19642300.0,WMT
2025-12-17 05:00:00+00:00,114.47103521690063,115.6535075692186,114.34186055918953,114.92813110351562,16177800.0,WMT
2025-12-18 05:00:00+00:00,114.28224723297073,115.74294664881955,113.88477681800707,114.10338592529297,21476700.0,WMT
2025-12-19 05:00:00+00:00,114.41141563622197,114.55052913668048,112.81160279983192,113.6363525390625,50043800.0,WMT
2025-12-22 05:00:00+00:00,113.28857077374713,113.59660673285948,111.50989660828678,111.88748931884766,21473900.0,WMT
2025-12-23 05:00:00+00:00,111.28134118455755,111.63906376256772,109.99950321020724,110.1982421875,20319900.0,WMT
2025-12-24 05:00:00+00:00,110.19824883356264,111.003120892069,109.85046507872146,110.90375518798828,9009600.0,WMT
2025-12-26 05:00:00+00:00,111.01305835867431,111.26147640635087,110.65533576353072,111.03292846679688,9003800.0,WMT
2025-12-29 05:00:00+00:00,110.8838702636393,112.0663425340636,110.86400015656652,111.81792449951172,12979600.0,WMT
2025-12-30 05:00:00+00:00,111.18197541149836,111.97691615789977,111.13228877192947,111.21178436279297,11730600.0,WMT
2025-12-31 05:00:00+00:00,111.02299187235701,111.53969805102224,110.6155826547936,110.70501708984375,11487400.0,WMT
2026-01-02 05:00:00+00:00,110.72489243926468,112.07628722420678,110.41685648631017,112.04647827148438,14306600.0,WMT
2026-01-05 05:00:00+00:00,112.106092568778,113.01033787154626,111.44033404234767,111.99678802490234,19557600.0,WMT
2026-01-06 05:00:00+00:00,111.6887590151699,114.06363501386272,111.28134976613951,113.6164779663086,20120800.0,WMT
2026-01-07 05:00:00+00:00,113.46742844073054,114.00401232662693,111.3906496463658,112.00672912597656,23306000.0,WMT
2026-01-08 05:00:00+00:00,110.58577977699265,112.75198547093393,109.11514158890155,112.3545150756836,24058300.0,WMT
2026-01-09 05:00:00+00:00,111.5496424227033,114.72939040539957,111.5496424227033,113.8052749633789,21902900.0,WMT
2026-01-12 05:00:00+00:00,116.75647599583097,118.08799301931546,115.67337700638015,117.22350311279297,49182100.0,WMT
2026-01-13 05:00:00+00:00,117.1440096095209,119.74743338177962,116.98502600708754,119.59838104248047,31222100.0,WMT
2026-01-14 05:00:00+00:00,119.4294631115365,120.4728143638468,118.27679973056455,119.28041076660156,32764000.0,WMT
2026-01-15 05:00:00+00:00,119.22079517981746,120.10516284088327,117.97870491639725,118.44572448730469,34559400.0,WMT
2026-01-16 05:00:00+00:00,117.91907714432112,119.83686477713616,116.1602807010803,118.94255828857422,415144600.0,WMT
2026-01-20 05:00:00+00:00,120.12502982400424,120.8504138546603,116.86578627056709,117.95882415771484,45334000.0,WMT
2026-01-21 05:00:00+00:00,117.3328142471995,119.72756028766449,116.80616919843453,118.6047134399414,34811700.0,WMT
2026-01-22 05:00:00+00:00,118.53515685486666,118.76369721391231,116.90553506425638,117.08439636230469,24547300.0,WMT
2026-01-23 05:00:00+00:00,117.4222340816893,117.85945224596018,116.39875299816131,116.98502349853516,20806900.0,WMT
2026-01-26 05:00:00+00:00,117.06452182318199,118.09794184181264,116.64718131021117,116.89559936523438,19552200.0,WMT
2026-01-27 05:00:00+00:00,116.75648146215053,116.88565611669372,114.74926698887573,116.20002746582031,22968600.0,WMT
2026-01-28 05:00:00+00:00,115.9019236934497,116.71673458641514,115.13679944245614,115.83236694335938,16342000.0,WMT
2026-01-29 05:00:00+00:00,115.71312126722275,116.91547126537773,115.33552857148821,116.66705322265625,16381100.0,WMT
2026-01-30 05:00:00+00:00,116.17022357989663,118.65440414488165,115.86218003467862,118.3861083984375,22215400.0,WMT
2026-02-02 05:00:00+00:00,118.74382084218284,123.41407687214833,118.29667141120711,123.27496337890625,31210100.0,WMT
2026-02-03 05:00:00+00:00,122.86757156808676,127.35896666858129,122.86757156808676,126.9018783569336,32018700.0,WMT
2026-02-04 05:00:00+00:00,127.31921518812305,128.59111430473422,126.28578767948056,127.19003295898438,27531800.0,WMT
2026-02-05 05:00:00+00:00,127.76637104032507,128.77992091186104,125.75914898632793,126.13674926757812,30517800.0,WMT
2026-02-06 05:00:00+00:00,126.48453780231957,130.86662835064288,126.24605859221587,130.34991455078125,26593400.0,WMT
2026-02-09 05:00:00+00:00,130.58840535909283,130.9560592399128,127.27947494500727,128.20359802246094,27197300.0,WMT
2026-02-10 05:00:00+00:00,128.12409316288472,128.5215559695187,125.59022607444933,125.89826202392578,24662000.0,WMT
2026-02-11 05:00:00+00:00,125.89826851308213,128.91904058324238,125.82871176022432,127.9551773071289,19232100.0,WMT
2026-02-12 05:00:00+00:00,128.56130425130252,133.63896941128445,128.49173992475252,132.79434204101562,33382700.0,WMT
2026-02-13 05:00:00+00:00,131.86029804059163,133.79795580009971,130.9163124820861,133.0427703857422,24131200.0,WMT
2026-02-17 05:00:00+00:00,132.2677060470971,133.83770992949184,127.34903173050178,128.03466796875,37995900.0,WMT
2026-02-18 05:00:00+00:00,127.3192184434441,128.0545261364593,124.97414396319746,125.81877136230469,36485000.0,WMT
2026-02-19 05:00:00+00:00,127.68687656798352,129.2767581387821,123.61282210032576,124.07984924316406,42993300.0,WMT
2026-02-20 05:00:00+00:00,122.2216774308809,122.69864341020512,120.28401972356986,122.21173858642578,35151000.0,WMT
2026-02-23 05:00:00+00:00,122.73839044173981,125.9976417223621,122.1819364192246,125.01390075683594,25662800.0,WMT
2026-02-24 05:00:00+00:00,125.1033248323272,127.22977503945066,124.1195915294407,125.94794464111328,20161200.0,WMT
2026-02-25 05:00:00+00:00,125.80883572262361,126.59383765709305,124.62636339864703,124.95427703857422,17345700.0,WMT
2026-02-26 05:00:00+00:00,125.1828241808018,126.52428010338534,123.15573203020392,123.6326904296875,18638300.0,WMT
2026-02-27 05:00:00+00:00,124.72573416471232,127.78625401384194,124.35808029391276,127.1403579711914,29205500.0,WMT
2026-03-02 05:00:00+00:00,126.6534531765271,127.93529117845694,126.24605153126585,126.29573059082031,17091500.0,WMT
2026-03-03 05:00:00+00:00,125.71939755733719,127.55768952555978,124.87477774286918,127.1006088256836,16480400.0,WMT
2026-03-04 05:00:00+00:00,126.30566848445152,127.35895854492821,125.44117097864785,127.00123596191406,16434100.0,WMT
2026-03-05 05:00:00+00:00,124.58660988390555,124.88471455763423,120.88021705605856,122.52970886230469,28604900.0,WMT
2026-03-06 05:00:00+00:00,121.72483997684311,123.40414835839945,120.85041120253811,123.01661682128906,21553000.0,WMT
2026-03-09 04:00:00+00:00,122.90731889219666,123.72212980653072,121.72484652853335,123.5531997680664,19375900.0,WMT
2026-03-10 04:00:00+00:00,123.42402460617537,125.30206448133052,122.56946589692708,124.3282699584961,18793600.0,WMT
2026-03-11 04:00:00+00:00,124.51706314970588,124.69592445210162,122.27136939654707,122.70858001708984,18176500.0,WMT
2026-03-12 04:00:00+00:00,121.52610846065774,124.59655180269601,121.50623077198969,124.53693389892578,21751600.0,WMT
2026-03-13 04:00:00+00:00,124.59655168558838,125.88832852758698,124.1792111973551,125.71939849853516,15194100.0,WMT
2026-03-16 04:00:00+00:00,125.95788848185292,126.17649757585889,124.0401008586876,125.19275665283203,20463200.0,WMT
2026-03-17 04:00:00+00:00,125.8485858664739,126.38516976514705,124.06991171562693,124.28852081298828,19895000.0,WMT
2026-03-18 04:00:00+00:00,123.54325787458829,123.82148485830739,121.05907754692964,121.2081298828125,19734900.0,WMT
2026-03-19 04:00:00+00:00,121.62546898913138,121.9732527148649,118.51527040200267,120.3237533569336,17927700.0,WMT
2026-03-20 04:00:00+00:00,120.11267095203482,120.77980340519143,117.51386342792303,118.50957489013672,57545600.0,WMT
2026-03-23 04:00:00+00:00,119.96332476326309,120.6105311603868,118.53945701557436,120.2022933959961,22181500.0,WMT
2026-03-24 04:00:00+00:00,120.11267237339288,123.57775164543796,119.97327337476743,121.5265884399414,17269600.0,WMT
2026-03-25 04:00:00+00:00,122.28332158646774,122.96040568100192,121.25774000136643,122.5322494506836,16597300.0,WMT
2026-03-26 04:00:00+00:00,123.07989646568718,123.26908407753929,121.26770187867585,121.6560287475586,16442500.0,WMT
2026-03-27 04:00:00+00:00,121.50667121934119,123.73706281720824,121.2975727192295,122.36298370361328,16543300.0,WMT
2026-03-30 04:00:00+00:00,123.17946593024719,124.72282175854535,122.61191069212204,122.97036743164062,20428900.0,WMT
2026-03-31 04:00:00+00:00,122.90067127683216,124.46393803468071,122.31319753903699,123.74702453613281,21330400.0,WMT
2026-04-01 04:00:00+00:00,123.26908398407669,124.69295170112571,122.60195152051088,124.20504760742188,17039700.0,WMT
2026-04-02 04:00:00+00:00,124.61329457014496,125.36007818810826,123.61758307952722,125.25054931640625,11898400.0,WMT
2026-04-06 04:00:00+00:00,125.27046098723343,126.43544921201666,124.83235309436085,126.24626159667969,10850400.0,WMT
2026-04-07 04:00:00+00:00,125.64883587786862,125.81810500867212,121.26770378426845,121.9646987915039,16076000.0,WMT
2026-04-08 04:00:00+00:00,121.75560200398522,126.75407802915461,120.80967910989078,126.71424865722656,20194300.0,WMT
2026-04-09 04:00:00+00:00,126.5449729094413,129.13382892812444,126.27613414268549,128.57623291015625,13853100.0,WMT
2026-04-10 04:00:00+00:00,128.16798319572484,128.3770740986961,125.67870449039047,126.2263412475586,13894000.0,WMT
2026-04-13 04:00:00+00:00,125.7484068642315,125.75836610634965,123.41843799251608,124.03578186035156,14510600.0,WMT
2026-04-14 04:00:00+00:00,122.62186441060769,124.6630682888762,122.02443907054557,124.51371765136719,15320800.0,WMT
2026-04-15 04:00:00+00:00,124.09551297917481,124.53362843999257,122.6517344420986,124.22496032714844,17001400.0,WMT
2026-04-16 04:00:00+00:00,123.79680202016537,125.39989800566107,123.43834530311818,124.28469848632812,18324500.0,WMT
2026-04-17 04:00:00+00:00,124.03578154691039,127.02291605403354,122.84093078273148,126.95321655273438,24763700.0,WMT
2026-04-20 04:00:00+00:00,127.32162554080053,128.91476233764277,126.77398120594438,127.37140655517578,18933600.0,WMT
2026-04-21 04:00:00+00:00,127.28179126346117,129.21347382827898,126.93329378957013,129.04420471191406,17312400.0,WMT
2026-04-22 04:00:00+00:00,129.44249538849513,129.89056252616956,128.28746639862413,129.42257690429688,17624500.0,WMT
2026-04-23 04:00:00+00:00,130.01006058126703,131.89195474809972,129.93040183639,131.4637908935547,16376000.0,WMT
2026-04-24 04:00:00+00:00,131.3741802679442,131.5534010485827,128.72558398059354,129.3628387451172,16016300.0,WMT
2026-04-27 04:00:00+00:00,129.0641091249569,129.25329672529196,126.85363615844955,127.04281616210938,17029500.0,WMT
2026-04-28 04:00:00+00:00,128.7853111434159,129.2134749536506,126.236292344555,127.04281616210938,16341800.0,WMT
2026-04-29 04:00:00+00:00,126.13673092490012,127.53072851993346,125.37003642580345,127.46102142333984,16538800.0,WMT
2026-04-30 04:00:00+00:00,127.47097677790696,131.86205247381216,127.40126968759333,131.36419677734375,19867700.0,WMT
2026-05-01 04:00:00+00:00,131.35424902710434,132.79802755099445,130.41827785906025,131.03562927246094,10480900.0,WMT
2026-05-04 04:00:00+00:00,129.85073112523145,131.184980793923,129.12385084272057,129.7710723876953,10340700.0,WMT
2026-05-05 04:00:00+00:00,129.95029746503022,131.16506666440955,129.74120656624018,130.22909545898438,10637300.0,WMT
2026-05-06 04:00:00+00:00,130.29880952835424,130.58755918277944,128.9745113895137,129.52215576171875,16371500.0,WMT
2026-05-07 04:00:00+00:00,129.34291559643376,130.03992578938778,128.11819472617847,129.64163208007812,14935400.0,WMT
2026-05-08 04:00:00+00:00,130.00876182540105,131.09615490642528,129.93892170087017,130.1184844970703,15183700.0,WMT
2026-05-11 04:00:00+00:00,129.86908129064437,130.28809159221544,126.078161470576,127.28527069091797,18699200.0,WMT
2026-05-12 04:00:00+00:00,127.77411337890135,130.80684636812944,127.41497254390816,130.0386962890625,17935400.0,WMT
2026-05-13 04:00:00+00:00,128.88145249754132,132.21347178099205,128.46245742797677,131.156005859375,13786600.0,WMT
2026-05-14 04:00:00+00:00,131.04626733311213,132.4628740535408,130.5474615066649,132.14364624023438,14200400.0,WMT
2026-05-15 04:00:00+00:00,133.370718441355,133.6300920185431,130.47763520803812,131.1360626220703,25323000.0,WMT
2026-05-18 04:00:00+00:00,131.20589996372777,133.15123980716794,130.81683199503976,133.02154541015625,17183200.0,WMT
2026-05-19 04:00:00+00:00,132.62250083152645,134.83720000658067,131.7445976710087,133.87948608398438,16957100.0,WMT
2026-05-20 04:00:00+00:00,132.59256841371314,133.3307912944098,130.01872852306576,130.53749084472656,28471600.0,WMT
2026-05-21 04:00:00+00:00,124.11287667694504,125.49955634698999,120.10247333459152,121.05020141601562,53006600.0,WMT
2026-05-22 04:00:00+00:00,121.05020179855521,121.65874555336691,118.62601263875648,119.98275756835938,30330600.0,WMT
2026-05-26 04:00:00+00:00,120.40175901085303,120.7608998332451,117.63837032806804,118.28681945800781,28796600.0,WMT
2026-05-27 04:00:00+00:00,118.04739180401025,119.14476312868733,117.7580835037564,118.25688934326172,22062200.0,WMT
2026-05-28 04:00:00+00:00,118.67588972926788,118.88538727788863,117.04978535977911,118.61603546142578,21613100.0,WMT
2026-05-29 04:00:00+00:00,117.82792078519188,118.79560537078089,114.4360394170558,115.47355651855469,42191000.0,WMT
2026-06-01 04:00:00+00:00,114.45599596944092,115.70301061927668,113.28878447270287,114.32630157470703,26176200.0,WMT
2026-06-02 04:00:00+00:00,113.59804869184103,114.2963738476551,112.46077194598762,112.78997802734375,27366400.0,WMT
2026-06-03 04:00:00+00:00,112.82988291877398,117.00987842073164,112.69021788821831,116.61083221435547,32880600.0,WMT
2026-06-04 04:00:00+00:00,119.613646228699,119.6535516106658,117.00987904195799,117.45880126953125,22870400.0,WMT
2026-06-05 04:00:00+00:00,118.06734397851143,120.60127862714496,117.8179410518094,118.59607696533203,36638100.0,WMT
2026-06-08 04:00:00+00:00,117.96758725033519,119.89297819658464,117.86782759941948,119.54381561279297,19514100.0,WMT
2026-06-09 04:00:00+00:00,120.09249452554428,120.21221067038364,117.71818140336323,118.59607696533203,23959000.0,WMT
2026-06-10 04:00:00+00:00,119.42409874531984,120.53144836950996,117.2493048793001,120.30199432373047,22414900.0,WMT
2026-06-11 04:00:00+00:00,120.28204412446155,121.56896414963192,119.17469451236548,120.21221160888672,22438000.0,WMT
2026-06-12 04:00:00+00:00,120.30199331731838,121.31956153106478,119.2445273327187,120.75092315673828,14753500.0,WMT
2026-06-15 04:00:00+00:00,119.45402587409166,121.19984639362677,118.29680023038142,120.53144836425781,20722500.0,WMT
2026-06-16 04:00:00+00:00,120.85068180556274,122.64638592602697,119.59368892123778,120.7409439086914,23060700.0,WMT
2026-06-17 04:00:00+00:00,119.29441143534011,120.72099650095431,117.16949359825468,117.84786987304688,21711100.0,WMT
2026-06-18 04:00:00+00:00,117.91769943609961,118.19703710439678,116.52104915047984,116.90013885498047,36526800.0,WMT
2026-06-22 04:00:00+00:00,116.68066306404786,118.11722634202617,116.67068481595824,116.90013885498047,17053900.0,WMT
2026-06-23 04:00:00+00:00,119.42409682225845,119.96280805869026,116.06214262146445,119.1347885131836,23411400.0,WMT
2026-06-24 04:00:00+00:00,119.27444989955788,120.11244766768499,118.64595728184237,118.71578979492188,20600100.0,WMT
2026-06-25 04:00:00+00:00,117.18944517738683,118.29679475023023,115.10443280997809,115.50347900390625,20384700.0,WMT
2026-06-26 04:00:00+00:00,117.00988117029624,117.5984684398727,114.81513078924051,115.41370391845703,36636000.0,WMT
2026-06-29 04:00:00+00:00,116.19183823088373,116.521051925122,113.92725536452491,114.32630157470703,20367000.0,WMT
2026-06-30 04:00:00+00:00,113.69780533850943,114.33627621015661,112.66028826928947,112.989501953125,23034000.0,WMT
2026-07-01 04:00:00+00:00,109.86697325528867,110.4455898652017,106.99385431305828,108.56010437011719,40391400.0,WMT
2026-07-02 04:00:00+00:00,109.06889129541543,112.18143499412129,108.89929912950869,111.57289123535156,29512200.0,WMT
2026-07-06 04:00:00+00:00,111.13394332246972,112.10162787550183,109.10879281804488,110.38573455810547,29523300.0,WMT
2026-07-07 04:00:00+00:00,112.70019805055621,113.22893104823599,111.03418829265145,111.27361297607422,19941400.0,WMT
2026-07-08 04:00:00+00:00,112.879763389333,113.58806677051842,111.54295977706508,112.82987976074219,19892000.0,WMT
2026-07-09 04:00:00+00:00,110.9743243964893,112.49069845667856,110.77480509912543,111.94200897216797,20464500.0,WMT
2026-07-10 04:00:00+00:00,111.68262805970767,113.88735663998979,111.66267917439362,113.62797546386719,12461700.0,WMT
2026-07-13 04:00:00+00:00,114.4559909872762,115.26405400962003,113.7377093624492,114.50586700439453,17043400.0,WMT
2026-07-14 04:00:00+00:00,114.80515288534225,115.60323765516023,113.22892461903017,113.4284439086914,14682000.0,WMT
2026-07-15 04:00:00+00:00,112.9795273843265,114.4559960800755,111.80234524929674,112.26124572753906,16467900.0,WMT
2026-07-16 04:00:00+00:00,113.4883080789502,115.31393168866141,113.28878117408205,114.67546081542969,20777600.0,WMT
2026-07-17 04:00:00+00:00,116.68066042641807,117.80795887752032,113.32868459435743,113.96715545654297,28289800.0,WMT
2026-07-20 04:00:00+00:00,113.68782844769808,114.12678003138565,111.87217545768125,111.9320297241211,17738900.0,WMT
2026-07-21 04:00:00+00:00,111.24368590747915,111.53299422190634,109.62755216828454,110.12635803222656,22717000.0,WMT
2026-07-22 04:00:00+00:00,109.26840509292803,109.73728379602602,108.4603420750963,109.06888580322266,23494800.0,WMT
2026-07-23 04:00:00+00:00,107.25323944858002,108.30072720057487,106.5349577836844,108.14111328125,21516800.0,WMT
2026-07-24 04:00:00+00:00,107.86178281776185,109.33824391357957,107.7520449187408,109.20855712890625,18405900.0,WMT
2026-07-27 04:00:00+00:00,109.6574762821653,112.24129454403212,109.62754914894079,111.47312927246094,19008700.0,WMT
2026-07-28 04:00:00+00:00,113.68782641652693,115.75288229471273,112.57049859218158,112.82987976074219,24867900.0,WMT
2026-07-29 04:00:00+00:00,112.95957874459346,114.41609094683764,112.18143520726511,113.94721221923828,23480000.0,WMT
2026-07-30 04:00:00+00:00,111.34343984797607,112.76004660224154,110.1762360128914,110.83465576171875,28747000.0,WMT
2026-07-31 04:00:00+00:00,110.25604146581917,111.64272872771201,109.62754883637642,110.93441772460938,22799100.0,WMT
2026-08-03 04:00:00+00:00,112.82987844246247,113.01942709548517,109.89690530598047,110.44558715820312,23942500.0,WMT
2026-08-04 04:00:00+00:00,108.7496500450106,111.41327137152663,108.30072022776788,111.28358459472656,29620000.0,WMT
2026-08-05 04:00:00+00:00,112.18143131502696,112.88974231161649,111.09403822804457,112.07169342041016,21446300.0,WMT
2026-08-06 04:00:00+00:00,113.79756871801911,114.2863963302149,110.77480642096445,111.8023452758789,23203100.0,WMT
2026-08-07 04:00:00+00:00,110.3458340692701,112.02182208019414,110.23609617007118,111.58287048339844,18819300.0,WMT
2026-08-10 04:00:00+00:00,110.8147094920761,112.43083557535391,110.49547405243835,112.39093780517578,19144000.0,WMT
2026-08-11 04:00:00+00:00,112.17146067312872,113.06930510370103,111.92205775104237,112.989501953125,17005800.0,WMT
2026-08-12 04:00:00+00:00,112.10162714074723,115.77283842494558,112.011838131802,115.7329330444336,22054700.0,WMT
2026-08-13 04:00:00+00:00,115.89254862146954,116.04219189774759,114.53579610924879,115.4436264038086,16822200.0,WMT
2026-08-14 04:00:00+00:00,115.38377313696229,116.17187968391663,114.36620493839823,114.99469757080078,14520000.0,WMT
2026-08-17 04:00:00+00:00,114.05694580078125,114.90491421100516,113.64792135646756,114.05694580078125,18131100.0,WMT
2026-08-18 04:00:00+00:00,116.02224469044766,116.03221532748336,114.2065916862473,114.92486572265625,20675000.0,WMT
2026-08-19 04:00:00+00:00,114.91489714259141,116.59088514655902,113.71775850480114,114.02702331542969,34286600.0,WMT
2026-08-20 04:00:00+00:00,106.12592986973321,106.74445186354434,102.60436178772362,103.59199523925781,83633100.0,WMT
2026-08-21 04:00:00+00:00,103.69000244140625,104.27999877929688,102.1500015258789,103.69999694824219,44454200.0,WMT
2026-08-24 04:00:00+00:00,104.13999938964844,106.5999984741211,104.0,106.48999786376953,35616300.0,WMT
2026-08-25 04:00:00+00:00,105.58000183105469,106.06999969482422,104.4000015258789,105.37999725341797,27032500.0,WMT
2026-08-26 04:00:00+00:00,105.51000213623047,106.08999633789062,104.08000183105469,104.33999633789062,28409400.0,WMT
2026-08-27 04:00:00+00:00,103.61000061035156,103.75,102.2699966430664,102.62999725341797,29816600.0,WMT
2026-08-28 04:00:00+00:00,103.08999633789062,103.4000015258789,102.5,103.08999633789062,19420800.0,WMT
2026-08-31 04:00:00+00:00,103.08000183105469,104.98999786376953,102.83999633789062,104.87000274658203,34188700.0,WMT
2026-09-01 04:00:00+00:00,105.11000061035156,106.63999938964844,104.66000366210938,105.91999816894531,22074600.0,WMT
2026-09-02 04:00:00+00:00,105.97000122070312,106.77999877929688,105.45999908447266,106.08999633789062,25181800.0,WMT
2026-09-03 04:00:00+00:00,106.41999816894531,109.3499984741211,106.0199966430664,108.41999816894531,25541200.0,WMT
2026-09-04 04:00:00+00:00,108.19999694824219,109.2300033569336,106.93000030517578,107.13999938964844,20527200.0,WMT
