datetime,open,high,low,close,volume,symbol
2021-09-07 04:00:00+00:00,45.88055256577198,46.38409084039646,45.7127096756284,45.77984619140625,14354400.0,XOM
2021-09-08 04:00:00+00:00,45.98125902842554,46.30855712400324,45.32665963587243,45.3602294921875,18756700.0,XOM
2021-09-09 04:00:00+00:00,44.99935724288841,46.1574915639758,44.7308048208098,45.393795013427734,19110800.0,XOM
2021-09-10 04:00:00+00:00,46.31695118208372,46.35052104071427,45.276311175720195,45.30148696899414,15123700.0,XOM
2021-09-13 04:00:00+00:00,45.86376853152368,46.93797834113376,45.83858953814999,46.46800994873047,22052300.0,XOM
2021-09-14 04:00:00+00:00,46.73656661044033,46.803706330286744,45.66235670408203,45.80502700805664,19940300.0,XOM
2021-09-15 04:00:00+00:00,46.46800946238492,47.44151289250456,46.417657878960036,47.34919738769531,23240900.0,XOM
2021-09-16 04:00:00+00:00,47.38277376583332,47.38277376583332,46.57711630617026,46.84566879272461,17907200.0,XOM
2021-09-17 04:00:00+00:00,46.44282442867339,47.62613442464842,46.241408530861925,46.29176330566406,30000400.0,XOM
2021-09-20 04:00:00+00:00,45.133639862969666,45.46093797376744,44.44547378349797,45.058109283447266,27555100.0,XOM
2021-09-21 04:00:00+00:00,45.62877923395699,45.746270522694374,44.68884572266041,45.016143798828125,19696800.0,XOM
2021-09-22 04:00:00+00:00,45.67914017901639,46.92119614402922,45.628785390735544,46.333736419677734,25690600.0,XOM
2021-09-23 04:00:00+00:00,46.50996746323428,48.037363832912426,46.39247617358155,47.9030876159668,23069400.0,XOM
2021-09-24 04:00:00+00:00,47.58418492135552,48.52411852928168,47.56739999246783,48.33109664916992,22328600.0,XOM
2021-09-27 04:00:00+00:00,49.38852142097477,50.18578793324171,49.36334562841195,49.76617431640625,32972200.0,XOM
2021-09-28 04:00:00+00:00,50.26970585414684,50.75645591984892,49.94240458761577,50.2864875793457,37619300.0,XOM
2021-09-29 04:00:00+00:00,50.21935220415771,50.513080422706935,49.556361994978054,50.25292205810547,23422800.0,XOM
2021-09-30 04:00:00+00:00,50.45433307575146,50.496293791070904,49.35494760795404,49.363338470458984,31289600.0,XOM
2021-10-01 04:00:00+00:00,49.85849130912892,51.184471914487894,49.85849130912892,51.134117126464844,24407300.0,XOM
2021-10-04 04:00:00+00:00,51.46141551077581,52.090835958022474,51.15090231985887,51.7971076965332,33946700.0,XOM
2021-10-05 04:00:00+00:00,52.46848245221158,52.61954359719492,51.209641711615525,51.71317672729492,29641600.0,XOM
2021-10-06 04:00:00+00:00,50.74806568964964,51.29356140453768,50.14382113024387,50.76485061645508,25284900.0,XOM
2021-10-07 04:00:00+00:00,50.865559575729904,51.259997372324435,50.471121779135366,50.90752029418945,19513600.0,XOM
2021-10-08 04:00:00+00:00,51.40266212248577,52.38455633574655,51.40266212248577,52.183143615722656,22186900.0,XOM
2021-10-11 04:00:00+00:00,52.8964805085704,52.92165949729249,51.612464132644384,51.662818908691406,22121500.0,XOM
2021-10-12 04:00:00+00:00,51.67122664991149,52.01530972847355,51.06698194554954,51.394283294677734,20198600.0,XOM
2021-10-13 04:00:00+00:00,51.008229325801516,51.520158441408704,50.529870067276256,51.25160598754883,14991700.0,XOM
2021-10-14 04:00:00+00:00,51.78871256380995,52.21672025189975,51.33552908279648,52.03208923339844,18594500.0,XOM
2021-10-15 04:00:00+00:00,52.64472442525434,52.930061815149934,52.401347757114415,52.5272331237793,16092600.0,XOM
2021-10-18 04:00:00+00:00,52.946841677693705,52.98880239543419,52.25867566227748,52.502052307128906,18282800.0,XOM
2021-10-19 04:00:00+00:00,52.76221007090538,53.3832395710711,52.594364000477015,53.290924072265625,18933200.0,XOM
2021-10-20 04:00:00+00:00,52.77899089852381,53.60143305820305,52.63632383064962,53.58464813232422,14305200.0,XOM
2021-10-21 04:00:00+00:00,53.265744325436366,53.40841139379432,52.32580768141807,52.61114501953125,16564600.0,XOM
2021-10-22 04:00:00+00:00,52.6782985474865,53.05595147665402,52.325821413130775,52.97202682495117,14266800.0,XOM
2021-10-25 04:00:00+00:00,53.47555781909608,54.0630142937007,53.358066524175165,54.004268646240234,17939800.0,XOM
2021-10-26 04:00:00+00:00,54.12175580648416,55.33863898633657,54.01265858461941,55.25471115112305,25585100.0,XOM
2021-10-27 04:00:00+00:00,54.68404668116873,54.75957405479912,53.69375514113569,53.819637298583984,21764500.0,XOM
2021-10-28 04:00:00+00:00,53.5594797741163,54.104978735961,53.400027758243674,53.970699310302734,16626400.0,XOM
2021-10-29 04:00:00+00:00,54.591729949141,54.85188832284896,53.98748536252042,54.104976654052734,23966300.0,XOM
2021-11-01 04:00:00+00:00,54.60851079360714,55.456132014086336,54.566546874682345,55.07847595214844,19656400.0,XOM
2021-11-02 04:00:00+00:00,54.57493381084828,54.927407633716705,54.264423901423626,54.39869689941406,16300000.0,XOM
2021-11-03 04:00:00+00:00,53.744117579103055,54.08819744597029,53.42521030563332,53.65180206298828,17372800.0,XOM
2021-11-04 04:00:00+00:00,54.28121498926425,54.45745193110138,53.56787315722005,54.05462646484375,17720100.0,XOM
2021-11-05 04:00:00+00:00,54.59172958707031,54.826712168576464,54.180503666639424,54.56654739379883,18565100.0,XOM
2021-11-08 05:00:00+00:00,55.011339885294724,55.70789352380941,54.86866640978688,55.15400695800781,17696000.0,XOM
2021-11-09 05:00:00+00:00,55.19596896596743,55.69951039761399,54.8099252304216,55.69111633300781,18781300.0,XOM
2021-11-10 05:00:00+00:00,55.55502885789449,55.835697280017186,54.23674574786814,54.59395980834961,20177200.0,XOM
2021-11-11 05:00:00+00:00,54.59396930538557,55.13829249754974,54.44937838805736,54.69602584838867,13319300.0,XOM
2021-11-12 05:00:00+00:00,54.39834426674514,54.747054721424725,54.075154433916225,54.279273986816406,18158900.0,XOM
2021-11-15 05:00:00+00:00,54.22825036261208,55.08725982446496,53.7689796795856,54.74706268310547,18849200.0,XOM
2021-11-16 05:00:00+00:00,54.72154058699115,55.59756702009921,54.72154058699115,55.29988479614258,17028700.0,XOM
2021-11-17 05:00:00+00:00,54.75556099475524,55.48699650088415,54.58546243052055,54.69602584838867,15497000.0,XOM
2021-11-18 05:00:00+00:00,54.568446758955,54.88312970317127,53.675413212256124,54.10066604614258,16948200.0,XOM
2021-11-19 05:00:00+00:00,52.63779961841526,52.75686990265648,51.37905151520212,51.600181579589844,32035500.0,XOM
2021-11-22 05:00:00+00:00,51.30250506821596,53.19062881577526,51.30250506821596,52.314605712890625,21994400.0,XOM
2021-11-23 05:00:00+00:00,52.8929511121583,53.90505502511156,52.663314171683744,53.69242858886719,21185900.0,XOM
2021-11-24 05:00:00+00:00,53.22464768555791,54.30478705774162,53.22464768555791,53.9901008605957,15869700.0,XOM
2021-11-26 05:00:00+00:00,51.47260655562526,52.23805975685162,50.63911133948713,52.093475341796875,24979600.0,XOM
2021-11-29 05:00:00+00:00,53.21614370088984,53.70093171139287,52.12749739581945,52.38264846801758,18946400.0,XOM
2021-11-30 05:00:00+00:00,51.42158073209266,52.04244958693749,50.74117672982587,50.89426803588867,34979800.0,XOM
2021-12-01 05:00:00+00:00,51.795795962551885,52.75686502182621,50.81771315633495,50.85173416137695,30630600.0,XOM
2021-12-02 05:00:00+00:00,50.80922288691164,52.37415384168407,50.29891741036832,52.11899948120117,29216000.0,XOM
2021-12-03 05:00:00+00:00,52.66331620815315,52.92697416728362,51.328022396456966,51.787296295166016,22014700.0,XOM
2021-12-06 05:00:00+00:00,52.493219616769,52.8674410050726,52.238065278302436,52.374149322509766,19210500.0,XOM
2021-12-07 05:00:00+00:00,53.02052986484258,53.60737767851884,52.81640705236882,52.960994720458984,19800400.0,XOM
2021-12-08 05:00:00+00:00,53.250159296029395,53.743450886211996,53.020522381067615,53.114078521728516,18214400.0,XOM
2021-12-09 05:00:00+00:00,52.77387965735886,53.386244818386025,52.569760099964384,53.25016403198242,16910300.0,XOM
2021-12-10 05:00:00+00:00,53.81150350783517,53.879542286192866,52.92697667822956,53.590370178222656,17942400.0,XOM
2021-12-13 05:00:00+00:00,53.13109673276941,53.343723176240495,52.17852793003508,52.41667175292969,17793700.0,XOM
2021-12-14 05:00:00+00:00,52.10198221500291,53.13109666586787,52.06796444985113,52.340126037597656,22551100.0,XOM
2021-12-15 05:00:00+00:00,52.04243925327982,52.30609717124043,51.038842332554324,52.11048126220703,19961900.0,XOM
2021-12-16 05:00:00+00:00,52.255072710767095,53.11408534498629,52.136002423510256,52.19553756713867,21187800.0,XOM
2021-12-17 05:00:00+00:00,51.83832558115651,52.11899078868631,50.766686530241465,51.05585861206055,44338100.0,XOM
2021-12-20 05:00:00+00:00,50.00123176264358,50.392463612875545,49.295310461883346,50.31591796875,21819300.0,XOM
2021-12-21 05:00:00+00:00,50.81771385571188,51.60868438950514,50.79219972379005,51.45559310913086,19798900.0,XOM
2021-12-22 05:00:00+00:00,51.31951495834098,52.19553480632787,51.004828752318225,51.872344970703125,14058300.0,XOM
2021-12-23 05:00:00+00:00,52.0254353971162,52.5952759392013,51.880850976308054,51.89786148071289,13543300.0,XOM
2021-12-27 05:00:00+00:00,51.8213098440901,52.68882600194568,51.38755014295152,52.637794494628906,12593700.0,XOM
2021-12-28 05:00:00+00:00,52.6548209266599,52.995024589516554,52.22106433871912,52.467708587646484,12781000.0,XOM
2021-12-29 05:00:00+00:00,52.28908803466361,52.391147806298406,51.81280369299848,52.0084228515625,12733600.0,XOM
2021-12-30 05:00:00+00:00,52.06795384289896,52.39114363474601,51.68522567421547,51.70223617553711,11940300.0,XOM
2021-12-31 05:00:00+00:00,51.65971356782758,52.28058229048919,51.62569256385178,52.04243850708008,14072000.0,XOM
2022-01-03 05:00:00+00:00,52.08497138605462,54.09216214705774,52.059454008411535,54.041133880615234,24282400.0,XOM
2022-01-04 05:00:00+00:00,54.542924527944216,56.29497056424168,54.51741039687924,56.07383728027344,38584000.0,XOM
2022-01-05 05:00:00+00:00,56.55862526768602,57.50268705066011,56.54161800991452,56.7712516784668,34033300.0,XOM
2022-01-06 05:00:00+00:00,57.8343981393747,58.24264380486196,57.043427434679465,58.10655975341797,30668500.0,XOM
2022-01-07 05:00:00+00:00,58.276653549330284,58.837990482231746,57.81738613548532,58.58283615112305,23985400.0,XOM
2022-01-10 05:00:00+00:00,58.65937989999001,58.82947844657747,57.79186044140054,58.234127044677734,22760300.0,XOM
2022-01-11 05:00:00+00:00,58.59133899676223,60.72611018778324,58.327684297899445,60.6835823059082,32936100.0,XOM
2022-01-12 05:00:00+00:00,60.50497817993163,61.07481547175665,60.07972530743347,60.50497817993164,23045100.0,XOM
2022-01-13 05:00:00+00:00,60.48796905743412,60.87920090942343,59.799055012787925,60.07121658325195,21043200.0,XOM
2022-01-14 05:00:00+00:00,60.0882513724761,61.364010397416806,60.04572347610637,61.12586975097656,23012900.0,XOM
2022-01-18 05:00:00+00:00,61.93382732448599,62.83536132659322,61.24491975599604,62.15496063232422,32841200.0,XOM
2022-01-19 05:00:00+00:00,62.724792617906026,62.81834875990121,61.70418841830452,62.18046951293945,26431600.0,XOM
2022-01-20 05:00:00+00:00,61.66166088500773,63.25210881899082,61.45754134171278,62.31654739379883,26774600.0,XOM
2022-01-21 05:00:00+00:00,62.24000543637872,62.24000543637872,60.41992381448584,61.3809928894043,35995200.0,XOM
2022-01-24 05:00:00+00:00,60.2838409544309,62.15495736521598,59.373800125938025,61.90830993652344,41507000.0,XOM
2022-01-25 05:00:00+00:00,61.73820680519702,63.99204825019789,60.71760254161049,63.7283935546875,39278400.0,XOM
2022-01-26 05:00:00+00:00,64.15365127672068,64.63843931200697,62.50366798627353,63.08201217651367,35252400.0,XOM
2022-01-27 05:00:00+00:00,64.17915292529702,64.64693360905545,62.92890863310895,63.889984130859375,29174700.0,XOM
2022-01-28 05:00:00+00:00,63.76243013997766,64.31526028816882,62.894910464023475,64.02608489990234,30595700.0,XOM
2022-01-31 05:00:00+00:00,63.76240195928641,64.99563240810791,63.167044182497584,64.60440063476562,36085500.0,XOM
2022-02-01 05:00:00+00:00,65.02117141845982,69.32473554978641,64.86808010171153,68.74639129638672,61033100.0,XOM
2022-02-02 05:00:00+00:00,68.09146915412028,68.7293482875566,67.3175125130821,68.56775665283203,30299300.0,XOM
2022-02-03 05:00:00+00:00,68.11700692392587,68.30411923955994,67.20696597057827,67.76830291748047,28529400.0,XOM
2022-02-04 05:00:00+00:00,68.78038837995548,70.19222426423383,68.78038837995548,69.23966217041016,32197500.0,XOM
2022-02-07 05:00:00+00:00,69.01002622775908,70.66000922468331,68.58477341319865,70.07315826416016,34949200.0,XOM
2022-02-08 05:00:00+00:00,69.97110082910022,70.166719994479,67.9724137391474,68.26158905029297,34356300.0,XOM
2022-02-09 05:00:00+00:00,68.43358564201618,68.82055352323782,67.6854403027712,67.93482208251953,40106100.0,XOM
2022-02-10 05:00:00+00:00,67.69403665532195,68.51957288760896,66.89429740517224,67.28126525878906,28527700.0,XOM
2022-02-11 05:00:00+00:00,67.60804916361757,69.06993511171687,67.27267525127972,68.975341796875,42002100.0,XOM
2022-02-14 05:00:00+00:00,68.43357709530167,68.65715530237038,66.25794424118847,67.91761779785156,34652800.0,XOM
2022-02-15 05:00:00+00:00,66.12893623436713,67.23825205481579,65.71616496319541,67.0662612915039,25075100.0,XOM
2022-02-16 05:00:00+00:00,67.75422003048658,68.5625603211856,67.10926934597846,67.37584686279297,21733800.0,XOM
2022-02-17 05:00:00+00:00,67.4876428643777,68.0380002598224,67.03187220057029,67.27265930175781,23738800.0,XOM
2022-02-18 05:00:00+00:00,66.35255945984568,67.22108871578529,66.1203734347992,66.52454376220703,23394800.0,XOM
2022-02-22 05:00:00+00:00,68.51097626913612,68.6141707653363,64.76166153065972,65.7505874633789,35947800.0,XOM
2022-02-23 05:00:00+00:00,65.75059615099057,66.6191318999586,65.46681616952873,66.01717376708984,25385000.0,XOM
2022-02-24 05:00:00+00:00,67.93481658956415,67.96061357145585,63.66094163540749,65.18302917480469,46199900.0,XOM
2022-02-25 05:00:00+00:00,65.94837464386036,67.06628548517008,65.57860257031827,66.93729400634766,28310300.0,XOM
2022-02-28 05:00:00+00:00,65.79357921174733,67.87461877226501,65.5269951008798,67.43605041503906,32204600.0,XOM
2022-03-01 05:00:00+00:00,67.73703381857672,69.35371478535659,67.3586671214663,68.08100891113281,40002300.0,XOM
2022-03-02 05:00:00+00:00,69.31070631064509,70.64360715847182,68.63995857692316,69.2505111694336,44321400.0,XOM
2022-03-03 05:00:00+00:00,68.67436402540247,70.31683537320173,68.47657621998798,69.6890869140625,30196600.0,XOM
2022-03-04 05:00:00+00:00,69.69768716330523,72.47527165781868,69.36231326533957,72.31188201904297,42802200.0,XOM
2022-03-07 05:00:00+00:00,73.02561358780117,75.01206612997206,72.14848355572988,74.91747283935547,55207900.0,XOM
2022-03-08 05:00:00+00:00,76.5771436134031,78.69258097134471,73.46417942804753,75.48502349853516,72082300.0,XOM
2022-03-09 05:00:00+00:00,72.2602865449943,74.44452070716085,70.17064569164124,71.1939697265625,65466700.0,XOM
2022-03-10 05:00:00+00:00,72.24308171702828,73.67917041026226,71.28855412792592,73.40399169921875,44644200.0,XOM
2022-03-11 05:00:00+00:00,72.29466910770542,74.15213015909688,72.2086769984619,73.0256118774414,35303400.0,XOM
2022-03-14 04:00:00+00:00,71.42614553232171,71.76151940640466,69.22471567972009,70.41142272949219,37462600.0,XOM
2022-03-15 04:00:00+00:00,67.78003041125169,68.08100614471616,65.67319371622142,66.40413665771484,47957900.0,XOM
2022-03-16 04:00:00+00:00,66.9114868433835,67.60803809874547,65.56999141358409,66.15474700927734,37812300.0,XOM
2022-03-17 04:00:00+00:00,67.22966769406581,68.06380506265305,66.27514004143282,67.91761779785156,34041900.0,XOM
2022-03-18 04:00:00+00:00,67.98639768742858,68.27017755609144,67.16086161922728,67.6510238647461,41461500.0,XOM
2022-03-21 04:00:00+00:00,68.89793386402239,70.96177079719189,68.57115465300771,70.68659210205078,33089300.0,XOM
2022-03-22 04:00:00+00:00,70.19643636915683,70.68659867044849,69.474094687581,70.37702178955078,23132200.0,XOM
2022-03-23 04:00:00+00:00,71.666921169488,72.46666032820369,71.41754599681941,71.48633575439453,27716300.0,XOM
2022-03-24 04:00:00+00:00,71.77012078616997,72.79344477242022,71.15956817881735,71.70132446289062,19871600.0,XOM
2022-03-25 04:00:00+00:00,71.30576137653458,73.51579259968449,71.1939722624907,73.26641082763672,22398300.0,XOM
2022-03-28 04:00:00+00:00,71.52074329425123,71.64113358677065,70.53181741074565,71.21116638183594,21552400.0,XOM
2022-03-29 04:00:00+00:00,69.49129963804637,70.93598975221609,68.58837241717721,70.83280181884766,27036300.0,XOM
2022-03-30 04:00:00+00:00,71.42614952388706,72.24309114446429,71.12517379452866,72.04530334472656,22079000.0,XOM
2022-03-31 04:00:00+00:00,71.26277508849836,72.57847383691197,70.98759630818166,71.02198791503906,27861500.0,XOM
2022-04-01 04:00:00+00:00,70.50602257392276,72.35488292356514,70.50602257392276,71.47775268554688,18671100.0,XOM
2022-04-04 04:00:00+00:00,71.85611449853828,71.94211318492805,70.55761831201933,71.51214599609375,20869400.0,XOM
2022-04-05 04:00:00+00:00,71.80452639887521,73.15462321963247,70.9961859184086,71.14237976074219,21753100.0,XOM
2022-04-06 04:00:00+00:00,71.73573725587457,72.83645240973395,71.32297235356721,71.93352508544922,24768200.0,XOM
2022-04-07 04:00:00+00:00,72.08829967515922,73.47279453309943,71.125170820703,73.13742065429688,26122000.0,XOM
2022-04-08 04:00:00+00:00,73.2406154514039,74.99488251476903,73.2406154514039,74.67670440673828,24866500.0,XOM
2022-04-11 04:00:00+00:00,73.76518075324545,73.89417224108853,71.80453113252517,72.10550689697266,21800100.0,XOM
2022-04-12 04:00:00+00:00,73.70496774813827,74.65949534188779,73.42118785577424,73.6103744506836,22444200.0,XOM
2022-04-13 04:00:00+00:00,74.47890993008409,74.90887707824956,73.25780480388089,74.65089416503906,19306800.0,XOM
2022-04-14 04:00:00+00:00,74.53051852547505,76.06980200550089,74.15215182211098,75.52804565429688,24566400.0,XOM
2022-04-18 04:00:00+00:00,76.10419456428706,76.43956845614873,75.4592437628948,76.1471939086914,19032300.0,XOM
2022-04-19 04:00:00+00:00,75.68283334554748,76.24179205436899,75.046477124044,75.46784973144531,20382600.0,XOM
2022-04-20 04:00:00+00:00,75.64843272427181,76.10419692164857,75.07227823176834,75.63983154296875,20689400.0,XOM
2022-04-21 04:00:00+00:00,76.49116032230575,77.2221097924534,74.63370547685956,74.840087890625,29010900.0,XOM
2022-04-22 04:00:00+00:00,74.52192008009415,75.77742354757962,73.09442579192499,73.20621490478516,23591600.0,XOM
2022-04-25 04:00:00+00:00,70.83279826408128,71.08218002517147,68.18419876089442,70.73820495605469,37698300.0,XOM
2022-04-26 04:00:00+00:00,71.14238083057054,72.85364857058869,70.66941425280658,70.76400756835938,28941500.0,XOM
2022-04-27 04:00:00+00:00,71.70992549867455,73.5071917162416,70.75539783763136,72.78484344482422,32773000.0,XOM
2022-04-28 04:00:00+00:00,72.99123466224253,75.79462284113916,72.29468984852578,74.98628234863281,33683800.0,XOM
2022-04-29 04:00:00+00:00,75.79462007094104,75.79462007094104,72.83644353480507,73.30941009521484,34656500.0,XOM
2022-05-02 04:00:00+00:00,73.10302864222942,74.84869450715689,72.77624935585895,74.30693817138672,36335200.0,XOM
2022-05-03 04:00:00+00:00,74.17794979380432,76.34498178824734,74.05755949193411,75.8376235961914,33908100.0,XOM
2022-05-04 04:00:00+00:00,76.96413435655415,79.0107760144345,76.4567761730984,78.85598754882812,46188400.0,XOM
2022-05-05 04:00:00+00:00,79.14836447600403,79.15696565718649,76.00960254385917,77.66067504882812,41013400.0,XOM
2022-05-06 04:00:00+00:00,78.23684413942483,78.95918597433781,76.8351466975948,78.84739685058594,29619300.0,XOM
2022-05-09 04:00:00+00:00,76.91252638754453,77.01571430531216,72.25167746529016,72.63005065917969,45851600.0,XOM
2022-05-10 04:00:00+00:00,73.64477971904323,74.71969769317776,71.82171647303073,73.11161804199219,34483200.0,XOM
2022-05-11 04:00:00+00:00,74.32413583727163,76.48257317461204,74.1951443557738,74.63371276855469,33020600.0,XOM
2022-05-12 04:00:00+00:00,74.668453587291,75.04201331933932,72.45316305089696,74.97251892089844,29491500.0,XOM
2022-05-13 04:00:00+00:00,75.89338069886144,77.27467873615826,75.01594850911715,77.19649505615234,25798400.0,XOM
2022-05-16 04:00:00+00:00,77.30074337109619,79.90697197712397,77.29205408657445,79.01216125488281,26101200.0,XOM
2022-05-17 04:00:00+00:00,79.68980038657737,80.31528979539969,79.15986661250506,80.0199203491211,23120700.0,XOM
2022-05-18 04:00:00+00:00,80.36741895024042,80.72360014328167,78.03918738241862,78.75155639648438,25451200.0,XOM
2022-05-19 04:00:00+00:00,77.31812892822994,80.18498355091941,77.31812892822994,79.17723846435547,24387400.0,XOM
2022-05-20 04:00:00+00:00,79.86354612130167,81.30565608844844,78.53437036071993,79.802734375,28795000.0,XOM
2022-05-23 04:00:00+00:00,80.49773394319325,82.33077567522741,80.40217167775283,81.5662841796875,27239300.0,XOM
2022-05-24 04:00:00+00:00,80.63673038581913,82.3481552707131,80.20235885677938,82.00934600830078,24293300.0,XOM
2022-05-25 04:00:00+00:00,82.1657187878461,83.85976507442396,82.07015652265623,83.65995788574219,29947800.0,XOM
2022-05-26 04:00:00+00:00,83.92057175056676,84.64163002506339,83.5730732279674,83.955322265625,24314800.0,XOM
2022-05-27 04:00:00+00:00,83.35588643011792,85.07600044993221,82.79120879448602,84.78062438964844,25588800.0,XOM
2022-05-31 04:00:00+00:00,85.62331015524978,86.68317770291227,83.14739386734013,83.39933013916016,44888100.0,XOM
2022-06-01 04:00:00+00:00,84.28544138208728,85.75361914584018,83.93794949091192,84.99781036376953,25815400.0,XOM
2022-06-02 04:00:00+00:00,84.51999301676541,85.22367260718276,84.08562158999284,84.85011291503906,19089100.0,XOM
2022-06-03 04:00:00+00:00,85.04994811462937,86.57893777790808,85.04994811462937,86.08374786376953,21038200.0,XOM
2022-06-06 04:00:00+00:00,86.16192266883253,86.6831670928048,85.71886192586402,85.86654663085938,20682100.0,XOM
2022-06-07 04:00:00+00:00,86.61364997171535,89.85406336228432,86.43121478862966,89.80194091796875,37810200.0,XOM
2022-06-08 04:00:00+00:00,89.90620809440122,91.71319506241434,89.46315395192312,90.86182403564453,31613200.0,XOM
2022-06-09 04:00:00+00:00,89.84541007673263,90.84446597028112,88.75079853964698,88.89848327636719,26607000.0,XOM
2022-06-10 04:00:00+00:00,88.55966840822747,89.78459265899855,86.69186952997592,87.27392578125,30950500.0,XOM
2022-06-13 04:00:00+00:00,84.71981162213783,84.93699736490456,81.59233825189332,83.26901245117188,33421000.0,XOM
2022-06-14 04:00:00+00:00,84.62426396096885,85.71887543543008,82.76514773009387,83.4862060546875,31264000.0,XOM
2022-06-15 04:00:00+00:00,83.39063639459965,83.89450891130005,81.02765443985024,82.43502044677734,29620800.0,XOM
2022-06-16 04:00:00+00:00,80.28053832014072,80.90602766985066,78.4301116148031,79.39441680908203,35696700.0,XOM
2022-06-17 04:00:00+00:00,79.02085963766599,79.35966886522067,74.41652588034151,74.81614685058594,64610200.0,XOM
2022-06-21 04:00:00+00:00,76.95325451405908,80.38478662293824,76.9011254283967,79.47261047363281,35951500.0,XOM
2022-06-22 04:00:00+00:00,76.04974609723642,77.9783561886727,76.04105681333418,76.32774353027344,29727200.0,XOM
2022-06-23 04:00:00+00:00,77.02274832732878,77.36155752647099,72.55740374492557,74.02558135986328,35757200.0,XOM
2022-06-24 04:00:00+00:00,75.5371923233803,76.79687350216084,74.54682594998445,75.49375915527344,26639000.0,XOM
2022-06-27 04:00:00+00:00,76.28430987612523,78.22160940732734,76.16268640363529,77.34417724609375,25478700.0,XOM
2022-06-28 04:00:00+00:00,79.15986265892435,81.0015935331088,78.49092685320106,79.48998260498047,33096900.0,XOM
2022-06-29 04:00:00+00:00,80.77571805384609,80.96683592504017,76.24087903877732,76.55362701416016,25400900.0,XOM
2022-06-30 04:00:00+00:00,74.83351084249477,76.10187464667477,73.55645775371582,74.39913940429688,39948100.0,XOM
2022-07-01 04:00:00+00:00,75.35476248694675,76.345128931008,73.59121533880229,76.0584487915039,26327900.0,XOM
2022-07-05 04:00:00+00:00,75.00726870857092,75.32001672410493,72.1143595068561,73.67809295654297,34591100.0,XOM
2022-07-06 04:00:00+00:00,72.76591465134145,74.04296790629574,70.37687143038106,72.34891510009766,33375700.0,XOM
2022-07-07 04:00:00+00:00,74.17328177788133,75.37215147008673,74.10378736875498,74.65978240966797,23817400.0,XOM
2022-07-08 04:00:00+00:00,75.53718937892627,75.84125468373333,73.7823317098348,74.78138732910156,17673800.0,XOM
2022-07-11 04:00:00+00:00,73.99082919191372,74.816138901279,73.28714958298741,74.39913940429688,15603800.0,XOM
2022-07-12 04:00:00+00:00,72.78329450750348,73.88660193570978,71.98405246104433,73.4087905883789,21013000.0,XOM
2022-07-13 04:00:00+00:00,72.4357834505896,74.98120051231987,72.36628905313661,73.70414733886719,19928600.0,XOM
2022-07-14 04:00:00+00:00,71.10660059674676,72.37496435614301,70.09886234225988,72.22727966308594,26343000.0,XOM
2022-07-15 04:00:00+00:00,73.6694175423384,73.73891195308119,72.01880432649192,73.44354248046875,17243700.0,XOM
2022-07-18 04:00:00+00:00,75.21577429642812,76.39726536581865,74.49471597961207,74.79877471923828,19395800.0,XOM
2022-07-19 04:00:00+00:00,75.07676394519792,76.9011228096664,74.92907923481327,76.6839370727539,18248900.0,XOM
2022-07-20 04:00:00+00:00,76.0845016204245,77.88279908379914,75.7978148845866,77.526611328125,16584400.0,XOM
2022-07-21 04:00:00+00:00,75.51981648930715,76.27562515761974,74.02557772141483,76.23218536376953,21375700.0,XOM
2022-07-22 04:00:00+00:00,76.05845677889025,76.85769879522711,75.2592081345699,75.650146484375,15479500.0,XOM
2022-07-25 04:00:00+00:00,76.58837522827378,78.29979312869389,75.9455007270583,78.16948699951172,17536400.0,XOM
2022-07-26 04:00:00+00:00,79.16852396862103,79.29883670597194,77.31810430777776,77.86540985107422,15141200.0,XOM
2022-07-27 04:00:00+00:00,78.43010219588382,79.9243409347054,77.6656108860601,79.55078125,18047000.0,XOM
2022-07-28 04:00:00+00:00,80.08072571644692,81.01028041154588,79.06429805159699,80.4803466796875,20353100.0,XOM
2022-07-29 04:00:00+00:00,82.05275968470696,84.71979997407378,81.7487010122349,84.20724487304688,29825800.0,XOM
2022-08-01 04:00:00+00:00,82.34813506526767,82.83462893746832,80.99289834814762,82.07882690429688,20793200.0,XOM
2022-08-02 04:00:00+00:00,82.26126395322713,82.70431804193609,81.50545527510504,81.72264099121094,16722500.0,XOM
2022-08-03 04:00:00+00:00,82.02671023316125,82.02671023316125,78.8731756152034,79.07298278808594,23580800.0,XOM
2022-08-04 04:00:00+00:00,78.45615487463799,78.48221609640957,75.08543542323032,75.74568176269531,31821500.0,XOM
2022-08-05 04:00:00+00:00,75.02463960940473,77.91755514330747,74.95513858461837,76.8403091430664,17408000.0,XOM
2022-08-08 04:00:00+00:00,76.97929647562044,77.83934995198214,76.64048732953913,77.27466583251953,14458500.0,XOM
2022-08-09 04:00:00+00:00,78.23030935892953,79.58554631031332,78.14342975703423,78.69942474365234,19083400.0,XOM
2022-08-10 04:00:00+00:00,78.77760410622965,79.74190922693616,77.48317907936445,79.446533203125,18302000.0,XOM
2022-08-11 04:00:00+00:00,80.56057018670349,82.71844857776019,80.20970196308743,81.7447738647461,18797900.0,XOM
2022-08-12 04:00:00+00:00,81.1219600693984,82.47281722045885,80.79739965693877,82.45527648925781,15058200.0,XOM
2022-08-15 04:00:00+00:00,79.41144577547011,81.34125408849903,78.64830017727026,80.98160552978516,20755200.0,XOM
2022-08-16 04:00:00+00:00,80.72722073513995,81.48159930761717,80.07810662360643,80.22722625732422,14038200.0,XOM
2022-08-17 04:00:00+00:00,80.06057668579442,81.76231570128098,79.75356363980006,80.87635803222656,13678000.0,XOM
2022-08-18 04:00:00+00:00,81.70967240873775,83.60438593902437,81.65703682985388,82.78860473632812,17770400.0,XOM
2022-08-19 04:00:00+00:00,82.59564324051911,83.50790865144886,82.27985648581944,82.52546691894531,16128600.0,XOM
2022-08-22 04:00:00+00:00,81.9465311193527,82.88511777112122,80.57812616337924,82.46407318115234,16019900.0,XOM
2022-08-23 04:00:00+00:00,83.8149145192987,86.32366071527643,83.72719078565287,85.9640121459961,23764700.0,XOM
2022-08-24 04:00:00+00:00,85.97277624996737,86.8148717982852,85.40260550689514,86.47277069091797,17050300.0,XOM
2022-08-25 04:00:00+00:00,86.77103109774617,87.59558611781314,86.05174055653312,86.92015075683594,15305700.0,XOM
2022-08-26 04:00:00+00:00,86.63945100213104,87.63944680678203,85.45525407364227,85.84999084472656,15531400.0,XOM
2022-08-29 04:00:00+00:00,86.121915273103,89.08679443563481,86.08682711413799,87.82365417480469,23059200.0,XOM
2022-08-30 04:00:00+00:00,86.27981238537502,86.50788208235102,84.05176438730174,84.48158264160156,17086800.0,XOM
2022-08-31 04:00:00+00:00,82.48159385105419,84.94647825347124,82.09563082716086,83.8499984741211,18340900.0,XOM
2022-09-01 04:00:00+00:00,82.82370231806136,83.39387319213141,80.95530301837358,82.34125518798828,16423000.0,XOM
2022-09-02 04:00:00+00:00,84.5166600538328,84.9026230777261,83.42895398658426,83.8499984741211,18206800.0,XOM
2022-09-06 04:00:00+00:00,84.35001082165037,84.72719349089013,82.9026559832222,83.28861236572266,19201500.0,XOM
2022-09-07 04:00:00+00:00,81.74475732260485,82.9728092415132,80.96406430599266,82.57807922363281,16274700.0,XOM
2022-09-08 04:00:00+00:00,83.03422881154535,83.70088373796379,82.20967382756555,83.25352478027344,18759200.0,XOM
2022-09-09 04:00:00+00:00,84.66577986759916,85.08683104836261,83.61316195426272,84.64823913574219,17158000.0,XOM
2022-09-12 04:00:00+00:00,85.65699061730488,87.00785433374843,84.98155541289282,85.62190246582031,16118900.0,XOM
2022-09-13 04:00:00+00:00,84.74473490473582,85.77103843480405,83.25352499057081,83.62194061279297,18229100.0,XOM
2022-09-14 04:00:00+00:00,84.37630942002166,86.45523068269202,84.34122126595206,85.6745376586914,22655700.0,XOM
2022-09-15 04:00:00+00:00,84.4026346768997,84.68333325304101,82.4991472483044,83.183349609375,21092300.0,XOM
2022-09-16 04:00:00+00:00,83.3938764985513,83.63071321653995,80.70092208367188,81.76231384277344,37874700.0,XOM
2022-09-19 04:00:00+00:00,79.83249687260196,82.00790887694924,79.82372316102526,81.75352478027344,15342100.0,XOM
2022-09-20 04:00:00+00:00,81.34124472431333,81.51667878149183,80.38511104326365,81.08686065673828,14712500.0,XOM
2022-09-21 04:00:00+00:00,82.07808534392888,82.35001017190422,79.70969183458885,79.77986145019531,17332400.0,XOM
2022-09-22 04:00:00+00:00,80.87635586196706,81.27986636002598,79.40268658835652,79.44654846191406,16139400.0,XOM
2022-09-23 04:00:00+00:00,76.75358519262197,76.75358519262197,74.42904670259769,75.21851348876953,27738800.0,XOM
2022-09-26 04:00:00+00:00,74.47292412960661,75.63080676043063,73.5869664015693,73.6659164428711,22043400.0,XOM
2022-09-27 04:00:00+00:00,75.09571581428126,76.27991276603379,74.39396600237788,75.20974731445312,17307300.0,XOM
2022-09-28 04:00:00+00:00,75.54308165210158,78.33252678733338,75.36764085255047,77.94656372070312,19543300.0,XOM
2022-09-29 04:00:00+00:00,77.35008142335758,78.38515875800321,76.4290355936098,77.7886734008789,17896000.0,XOM
2022-09-30 04:00:00+00:00,77.34128494781345,78.10443717335677,76.58690643310547,76.58690643310547,21357600.0,XOM
2022-10-03 04:00:00+00:00,78.98162661447665,81.01669267155293,78.70092807875514,80.63072967529297,23881300.0,XOM
2022-10-04 04:00:00+00:00,81.78863067863914,83.64826308587318,81.32372424992626,83.5693130493164,22133700.0,XOM
2022-10-05 04:00:00+00:00,83.9903525916272,87.70961019544703,83.91140925845342,86.94646453857422,34857700.0,XOM
2022-10-06 04:00:00+00:00,86.37631085904201,89.63066274524668,86.25350563257263,89.52539825439453,29124700.0,XOM
2022-10-07 04:00:00+00:00,89.63942373029474,90.63063911529565,87.87628224009201,88.62188720703125,24507600.0,XOM
2022-10-10 04:00:00+00:00,89.0253900596613,89.4990701576935,86.59559365801046,86.70085144042969,16786100.0,XOM
2022-10-11 04:00:00+00:00,85.27980985479876,87.50785750330114,84.86753239923594,85.9640121459961,17804100.0,XOM
2022-10-12 04:00:00+00:00,85.52542057977043,86.76225295126704,85.28858389819729,86.34120178222656,12635800.0,XOM
2022-10-13 04:00:00+00:00,85.56928500685744,89.86748040555638,85.43770609432183,89.35871887207031,22019100.0,XOM
2022-10-14 04:00:00+00:00,88.70083095886785,89.683272561578,86.87628699328975,87.00786590576172,15222000.0,XOM
2022-10-17 04:00:00+00:00,88.65698291419888,89.4464498197448,88.15698832275022,88.26225280761719,14283200.0,XOM
2022-10-18 04:00:00+00:00,89.06924967862057,89.77976646151363,87.04295710969932,88.42013549804688,14065400.0,XOM
2022-10-19 04:00:00+00:00,88.81487493754578,91.21835708667993,88.79733420319404,91.04292297363281,20921700.0,XOM
2022-10-20 04:00:00+00:00,91.50781924577502,92.10430453330503,90.70958541985819,91.16571807861328,17649000.0,XOM
2022-10-21 04:00:00+00:00,91.62185584094973,93.33236846442023,91.14818242340375,92.85868835449219,22814100.0,XOM
2022-10-24 04:00:00+00:00,92.683256533653,94.45516511379229,92.20957641205958,93.50780487060547,17024200.0,XOM
2022-10-25 04:00:00+00:00,93.34114141816596,94.14814899486578,92.16571151959708,92.87622833251953,15719800.0,XOM
2022-10-26 04:00:00+00:00,93.20956402893668,94.58674249814578,92.98149433876705,93.98148345947266,17383800.0,XOM
2022-10-27 04:00:00+00:00,95.09551182302472,96.1218154015638,94.22709492513887,94.34113311767578,18214000.0,XOM
2022-10-28 04:00:00+00:00,96.0165419632211,97.55161367746408,94.84111883437248,97.104248046875,28169400.0,XOM
2022-10-31 04:00:00+00:00,96.05164341471905,99.04284392426989,95.99901451879393,97.20075225830078,26401800.0,XOM
2022-11-01 04:00:00+00:00,98.56915318834056,98.74458728415475,97.06039587176413,98.1656494140625,22213100.0,XOM
2022-11-02 04:00:00+00:00,97.87616245950534,98.33229505566918,95.88495163938397,96.14810943603516,20654200.0,XOM
2022-11-03 04:00:00+00:00,95.24462355524638,98.08669734093932,95.00778016921602,97.45512390136719,17103700.0,XOM
2022-11-04 04:00:00+00:00,99.12177664697376,99.56036857904002,97.19197482283495,98.51651763916016,17541500.0,XOM
2022-11-07 05:00:00+00:00,98.60424927119458,99.99019480123688,98.358632147979,99.68318176269531,16008000.0,XOM
2022-11-08 05:00:00+00:00,99.54282972901618,100.57790697596378,98.77090363085613,99.99896240234375,14661000.0,XOM
2022-11-09 05:00:00+00:00,99.20949142869662,99.36738478832903,95.2358496857262,95.52532196044922,19522800.0,XOM
2022-11-10 05:00:00+00:00,96.65688528257478,97.1042442030739,94.35866131211002,96.9288101196289,20146700.0,XOM
2022-11-11 05:00:00+00:00,98.75336337392552,100.43755482685927,98.67441334424134,99.9551010131836,20518900.0,XOM
2022-11-14 05:00:00+00:00,99.59255601878694,101.36989114470376,99.46876220367403,100.24690246582031,20858300.0,XOM
2022-11-15 05:00:00+00:00,100.62711136246115,101.27260661201562,99.80476301653462,100.91890716552734,19373800.0,XOM
2022-11-16 05:00:00+00:00,100.30879023178366,101.03387111690384,98.91168102139767,99.84014129638672,13591000.0,XOM
2022-11-17 05:00:00+00:00,98.40766700025193,100.09657213110795,97.9301736959309,99.9727783203125,12425900.0,XOM
2022-11-18 05:00:00+00:00,98.06279914102888,99.45990824895813,96.92212196401746,99.10620880126953,15415000.0,XOM
2022-11-21 05:00:00+00:00,97.25816177348715,98.32809803122915,95.03871040029254,98.12472534179688,20973000.0,XOM
2022-11-22 05:00:00+00:00,99.22119283254007,101.2195896740913,98.53148237962847,100.9631576538086,17719100.0,XOM
2022-11-23 05:00:00+00:00,99.31845185689126,100.75976955792682,99.12391677225604,100.4591293334961,11546700.0,XOM
2022-11-25 05:00:00+00:00,100.69785043556512,101.34335246073972,99.97276957309487,100.10540771484375,7136000.0,XOM
2022-11-28 05:00:00+00:00,97.85061311732854,98.55800549017108,96.93099696100107,97.0989990234375,23015500.0,XOM
2022-11-29 05:00:00+00:00,97.80638848799049,98.85864271856269,97.08130749830188,97.74449157714844,14453200.0,XOM
2022-11-30 05:00:00+00:00,98.62874218279812,98.9470710970224,97.0724682406192,98.45188903808594,23158100.0,XOM
2022-12-01 05:00:00+00:00,98.71716635770703,99.09739218977415,97.42616874670784,97.97440338134766,14398300.0,XOM
2022-12-02 05:00:00+00:00,96.83371918328791,98.77905643590854,96.55959851181102,97.14320373535156,15248400.0,XOM
2022-12-05 05:00:00+00:00,97.88596427068104,98.46956947997444,93.67696097285233,94.48162078857422,19287700.0,XOM
2022-12-06 05:00:00+00:00,93.64157938393886,94.64961849447012,91.20990478908153,91.85540008544922,21197000.0,XOM
2022-12-07 05:00:00+00:00,91.76698804946629,92.71313037325531,90.52020552291117,91.65203857421875,20061700.0,XOM
2022-12-08 05:00:00+00:00,93.97760571349268,94.43741712719195,91.70509516797097,92.3329086303711,21128800.0,XOM
2022-12-09 05:00:00+00:00,92.48323277159498,93.68580718043535,91.34256202360305,91.55477905273438,21298200.0,XOM
2022-12-12 05:00:00+00:00,91.81120341238704,93.94223136269619,91.598979654664,93.8095932006836,20413200.0,XOM
2022-12-13 05:00:00+00:00,95.32167252647801,95.97601234135414,94.63195533396421,94.83533477783203,24305300.0,XOM
2022-12-14 05:00:00+00:00,95.48966664875323,95.76378733257552,93.50895868008463,94.13677215576172,17597300.0,XOM
2022-12-15 05:00:00+00:00,93.13757285596665,93.88033577972051,91.69624848599241,93.2348403930664,15365100.0,XOM
2022-12-16 05:00:00+00:00,91.68741467689763,93.3586380706448,91.1922326276802,92.58049774169922,54596600.0,XOM
2022-12-19 05:00:00+00:00,93.07567934974564,93.90686549773748,92.29753902448837,92.99609375,13611100.0,XOM
2022-12-20 05:00:00+00:00,92.99608454735976,95.06522223464236,92.90766135903722,94.34014129638672,14680000.0,XOM
2022-12-21 05:00:00+00:00,95.75494651206809,96.02021611571939,94.75575152042498,95.55156707763672,13565400.0,XOM
2022-12-22 05:00:00+00:00,95.40123652615874,95.6665128470525,92.04994562040243,93.6239013671875,13213000.0,XOM
2022-12-23 05:00:00+00:00,94.57005244401981,96.15285268045353,94.5258442172805,96.09980010986328,11539400.0,XOM
2022-12-27 05:00:00+00:00,96.6214942727681,97.68259282669379,96.23243087462683,97.43500518798828,11962100.0,XOM
2022-12-28 05:00:00+00:00,97.18741962371898,97.26699847517698,95.41008439899325,95.83451843261719,10702100.0,XOM
2022-12-29 05:00:00+00:00,95.48965709596689,97.0194045781074,95.48965709596689,96.5595932006836,10534000.0,XOM
2022-12-30 05:00:00+00:00,96.03790293560711,97.70912636725595,96.03790293560711,97.53227996826172,11799600.0,XOM
2023-01-03 05:00:00+00:00,97.07245627825833,97.28467327950352,93.27904280643425,94.18097686767578,15146200.0,XOM
2023-01-04 05:00:00+00:00,92.6689131585368,94.75573267424572,92.63354253583333,94.45508575439453,18058400.0,XOM
2023-01-05 05:00:00+00:00,94.03064903835822,97.22277535122396,94.00412275676346,96.56843566894531,15946600.0,XOM
2023-01-06 05:00:00+00:00,97.33774135244778,99.02664666425846,96.97519747751936,97.73564910888672,16348100.0,XOM
2023-01-09 05:00:00+00:00,98.71715697595984,98.71715697595984,95.33049543850468,95.91410064697266,17964600.0,XOM
2023-01-10 05:00:00+00:00,97.08129569504956,97.5587889833158,95.50734008535152,97.34656524658203,15104600.0,XOM
2023-01-11 05:00:00+00:00,98.14240646360763,98.54915858533137,96.46233865909105,98.47842407226562,16710400.0,XOM
2023-01-12 05:00:00+00:00,98.8763280655401,100.57407774677766,98.80558680892415,100.11427307128906,15357300.0,XOM
2023-01-13 05:00:00+00:00,100.01700516527804,100.35301601359217,99.17697467136394,100.05237579345703,12011400.0,XOM
2023-01-17 05:00:00+00:00,100.28225930143668,100.87470201319113,99.62791294438105,99.85781860351562,16542200.0,XOM
2023-01-18 05:00:00+00:00,100.14962500058868,100.91007650158186,97.62068289193813,97.8063735961914,16399700.0,XOM
2023-01-19 05:00:00+00:00,97.32888219176033,99.15042539382789,96.89560387351499,98.43418884277344,12928000.0,XOM
2023-01-20 05:00:00+00:00,98.46957102329246,100.30880312556474,97.80638695484154,100.22921752929688,16515600.0,XOM
2023-01-23 05:00:00+00:00,100.48564541512701,101.32567583574678,99.60140002657697,99.70751190185547,16584400.0,XOM
2023-01-24 05:00:00+00:00,96.52423518252803,100.82166180163472,92.73082144661996,100.63597106933594,13583000.0,XOM
2023-01-25 05:00:00+00:00,100.12309639841354,100.49447779830548,98.49608156905582,100.10540771484375,11914700.0,XOM
2023-01-26 05:00:00+00:00,101.44062419152921,104.14641271197326,101.10460665231939,104.12873077392578,21019700.0,XOM
2023-01-27 05:00:00+00:00,103.41250100202728,104.04915879510422,102.03308028119878,102.22761535644531,15179200.0,XOM
2023-01-30 05:00:00+00:00,101.76779606571863,102.12149556182521,100.05236464092535,100.41490173339844,18672100.0,XOM
2023-01-31 05:00:00+00:00,99.12391122200573,102.92616926445515,97.64722297497009,102.58131408691406,27861800.0,XOM
2023-02-01 05:00:00+00:00,102.42215936405125,103.79273586110072,100.22038317993108,101.45832824707031,19464900.0,XOM
2023-02-02 05:00:00+00:00,101.5555796917687,101.7501147531378,97.11667088976105,98.28387451171875,24562100.0,XOM
2023-02-03 05:00:00+00:00,98.94707788410491,100.90125972997866,98.64643089060073,98.96475982666016,20226600.0,XOM
2023-02-06 05:00:00+00:00,99.35382516742368,99.99932060612875,97.54996353337509,98.7967529296875,13855200.0,XOM
2023-02-07 05:00:00+00:00,99.38034514716202,101.96234023066404,99.05317190345342,101.61748504638672,16013300.0,XOM
2023-02-08 05:00:00+00:00,101.7324475832927,102.42215799463578,100.6713489343929,100.73324584960938,18459700.0,XOM
2023-02-09 05:00:00+00:00,101.3522067539154,102.78467993593524,100.96313663225233,101.11345672607422,17439300.0,XOM
2023-02-10 05:00:00+00:00,103.02342962993534,105.78227085822293,102.71394510064111,105.37551879882812,24918600.0,XOM
2023-02-13 05:00:00+00:00,104.89435923738331,105.3042412346242,103.2726492490959,104.96564483642578,14536200.0,XOM
2023-02-14 05:00:00+00:00,104.26169989270049,104.97453538641209,103.3795560269118,103.73597717285156,12079000.0,XOM
2023-02-15 05:00:00+00:00,103.11226728081274,103.44195130270685,101.70440719276137,103.42413330078125,13663400.0,XOM
2023-02-16 05:00:00+00:00,102.74693926019997,104.05678341364603,102.2925088055442,103.12118530273438,11360600.0,XOM
2023-02-17 05:00:00+00:00,101.74896365355322,101.74896365355322,98.88869503816773,99.156005859375,20758300.0,XOM
2023-02-21 05:00:00+00:00,98.73720499535217,100.13615260951966,98.73720499535217,99.0579833984375,14469400.0,XOM
2023-02-22 05:00:00+00:00,98.44317436346567,98.8797868152679,96.80363937181912,97.77488708496094,13973800.0,XOM
2023-02-23 05:00:00+00:00,98.66591434595033,99.64606743849976,97.92634162774273,98.67481994628906,11289400.0,XOM
2023-02-24 05:00:00+00:00,97.41845749721823,98.87086594406027,97.14222748967994,98.68374633789062,14351000.0,XOM
2023-02-27 05:00:00+00:00,98.72829370043308,99.13817568114506,97.97980853700834,98.50553131103516,11710500.0,XOM
2023-02-28 05:00:00+00:00,99.12035538623199,99.22728378534165,97.32043818931743,97.93526458740234,18107000.0,XOM
2023-03-01 05:00:00+00:00,97.40062697684047,99.67280611490085,97.33825377844742,98.80848693847656,13200000.0,XOM
2023-03-02 05:00:00+00:00,98.5679066122847,99.53023498841861,98.16693022390754,99.26292419433594,10339900.0,XOM
2023-03-03 05:00:00+00:00,98.06000294447685,101.01828709551873,97.9708925534431,100.51929473876953,13006700.0,XOM
2023-03-06 05:00:00+00:00,99.78863707779253,101.4370773836233,99.68171548275244,101.41034698486328,14347400.0,XOM
2023-03-07 05:00:00+00:00,100.51929948582668,100.8400778738256,99.0579787396843,99.45004272460938,11525300.0,XOM
2023-03-08 05:00:00+00:00,99.1114545684389,100.1717990185681,97.18678408058648,97.99764251708984,13509800.0,XOM
2023-03-09 05:00:00+00:00,98.7906654776065,100.00249340236701,97.15113078015524,97.240234375,12961200.0,XOM
2023-03-10 05:00:00+00:00,97.62339016857555,98.94214654302196,95.47596420792222,96.03732299804688,15795700.0,XOM
2023-03-13 04:00:00+00:00,93.86317038308538,96.108619392153,92.41967424685434,94.93243408203125,20745600.0,XOM
2023-03-14 04:00:00+00:00,94.76312606423632,97.13332132498321,93.52456763188694,95.28884887695312,18263500.0,XOM
2023-03-15 04:00:00+00:00,91.61771870434096,92.84736469297809,89.30099112662504,90.5484619140625,25733800.0,XOM
2023-03-16 04:00:00+00:00,88.31192956337324,90.60192684547903,87.34068192953325,90.02274322509766,27465200.0,XOM
2023-03-17 04:00:00+00:00,89.63958667138633,90.53954865351506,88.33865509625915,88.96238708496094,43199500.0,XOM
2023-03-20 04:00:00+00:00,88.77525799018537,91.31475446803478,88.6594240041536,91.28801727294922,32042100.0,XOM
2023-03-21 04:00:00+00:00,92.82063770727655,95.5918025819718,92.78499490653365,95.3779525756836,31592300.0,XOM
2023-03-22 04:00:00+00:00,95.16410329101637,95.50269970338768,93.16814722329414,93.19487762451172,14952700.0,XOM
2023-03-23 04:00:00+00:00,93.88099197998577,94.7542168329142,91.27912862489582,92.14344787597656,14385900.0,XOM
2023-03-24 04:00:00+00:00,90.41480616636505,92.5355018178436,89.91582055382166,92.2503662109375,13401600.0,XOM
2023-03-27 04:00:00+00:00,93.3285161162338,94.87894703110086,92.58895025022365,94.27303314208984,14805900.0,XOM
2023-03-28 04:00:00+00:00,93.95227043380748,95.92148920121244,93.72950803751957,95.44923400878906,11047600.0,XOM
2023-03-29 04:00:00+00:00,96.28680683659849,97.26696672556069,95.77890889330361,97.08875274658203,14219100.0,XOM
2023-03-30 04:00:00+00:00,97.61447986324123,97.63229786285385,96.69669312623206,97.5610122680664,11578200.0,XOM
2023-03-31 04:00:00+00:00,97.73030426495382,98.16691659338316,97.16894555697323,97.71248626708984,14418000.0,XOM
2023-04-03 04:00:00+00:00,101.03612580228653,104.11915697484415,100.79554537242595,103.47760009765625,28087700.0,XOM
2023-04-04 04:00:00+00:00,103.59343182585155,103.985489040064,101.73113456520801,102.488525390625,16365500.0,XOM
2023-04-05 04:00:00+00:00,102.78256055966354,104.25279362425464,101.85586824500108,104.24388122558594,16479500.0,XOM
2023-04-06 04:00:00+00:00,104.12804863377276,104.41318421148469,102.26575158077267,102.51525115966797,15778000.0,XOM
2023-04-10 04:00:00+00:00,102.27467153273818,103.52214232666908,101.7311307353695,102.06082153320312,13006600.0,XOM
2023-04-11 04:00:00+00:00,102.4350686890961,103.53996837038638,101.9182582517523,102.78257751464844,11758500.0,XOM
2023-04-12 04:00:00+00:00,103.50430490274172,103.88744963084856,102.4083111142276,102.67562866210938,10919000.0,XOM
2023-04-13 04:00:00+00:00,102.11429567273116,103.26375061740988,101.69550122023156,103.15682220458984,12399700.0,XOM
2023-04-14 04:00:00+00:00,103.27264461309936,103.94984417726504,102.57762704905738,103.40630340576172,11530800.0,XOM
2023-04-17 04:00:00+00:00,102.90731438541017,103.81618876658746,101.9538916040066,102.20338439941406,13260400.0,XOM
2023-04-18 04:00:00+00:00,101.9271541924516,104.43991357046262,101.84696299865949,104.19933319091797,17436100.0,XOM
2023-04-19 04:00:00+00:00,103.43303179577927,104.16369214355153,103.15680181679706,103.86964416503906,10682600.0,XOM
2023-04-20 04:00:00+00:00,102.58654026849399,103.07662027859556,100.89355142960301,103.04097747802734,17038700.0,XOM
2023-04-21 04:00:00+00:00,103.79836650701868,104.14587530886092,102.7023793006452,103.37066650390625,14315300.0,XOM
2023-04-24 04:00:00+00:00,103.29047512040849,105.93689370253716,103.2548323181713,105.32206726074219,15831300.0,XOM
2023-04-25 04:00:00+00:00,104.74288292644243,104.91217772724659,103.03206253229023,103.8250961303711,12179800.0,XOM
2023-04-26 04:00:00+00:00,103.38847631573744,104.33298664612074,102.18556080478032,102.87166595458984,15566100.0,XOM
2023-04-27 04:00:00+00:00,103.02315679280434,104.26171518806339,102.36377519672466,104.10132598876953,16279200.0,XOM
2023-04-28 04:00:00+00:00,104.4755594878751,106.85466014913023,104.10132030932974,105.4468002319336,24381900.0,XOM
2023-05-01 04:00:00+00:00,103.35283614349954,104.5201156851399,101.9806190108613,102.17665100097656,17355000.0,XOM
2023-05-02 04:00:00+00:00,101.52618699926603,101.52618699926603,97.38280526899065,98.10455322265625,24324100.0,XOM
2023-05-03 04:00:00+00:00,97.19569074727107,97.84615313991577,96.01950556235205,96.17098236083984,16212300.0,XOM
2023-05-04 04:00:00+00:00,96.14424536499382,96.90163610364148,94.37105870897526,94.48689270019531,17177200.0,XOM
2023-05-05 04:00:00+00:00,96.72342992359061,97.5075510685098,95.8145555892242,96.83926391601562,14968200.0,XOM
2023-05-08 04:00:00+00:00,98.460985831604,98.87978025271248,97.1600541649034,97.22242736816406,11187800.0,XOM
2023-05-09 04:00:00+00:00,96.5362955885276,98.22038532843939,96.42046160564176,97.24913787841797,11370800.0,XOM
2023-05-10 04:00:00+00:00,97.78377760119977,98.02436479131863,95.08389850028637,96.00167846679688,14884800.0,XOM
2023-05-11 04:00:00+00:00,94.88786158408007,95.18190955755892,93.49782650678847,94.26412963867188,17165900.0,XOM
2023-05-12 04:00:00+00:00,94.72746600298572,95.3512047044514,93.36416141565778,94.25521087646484,12613300.0,XOM
2023-05-15 04:00:00+00:00,94.83045605886238,95.20794271508997,93.99458883026703,94.43498992919922,13715600.0,XOM
2023-05-16 04:00:00+00:00,94.039511287738,94.2012922413337,91.69369088917978,92.14308166503906,14795200.0,XOM
2023-05-17 04:00:00+00:00,92.92500843645514,94.57876977887182,92.43966565739235,94.21026611328125,14064700.0,XOM
2023-05-18 04:00:00+00:00,93.9676248306723,95.18996843079383,93.5901313238996,95.06413269042969,12005600.0,XOM
2023-05-19 04:00:00+00:00,95.78315195367126,96.21457012583136,95.10906577396807,95.50453186035156,13359600.0,XOM
2023-05-22 04:00:00+00:00,95.12702827014114,96.20557015724323,94.26419887475456,94.3450927734375,12882000.0,XOM
2023-05-23 04:00:00+00:00,95.2618521174904,97.266137939656,95.0461464710358,95.63035583496094,14394400.0,XOM
2023-05-24 04:00:00+00:00,96.51113924599557,97.52676656377612,95.92693685209343,96.69988250732422,16340300.0,XOM
2023-05-25 04:00:00+00:00,95.21692110753476,95.65732215399697,94.11141676639673,94.96526336669922,14316500.0,XOM
2023-05-26 04:00:00+00:00,95.69326498944625,96.1246762585603,94.2192639151827,94.3450927734375,12370300.0,XOM
2023-05-30 04:00:00+00:00,92.83515299165971,93.58114337104149,92.22398122473334,93.50923919677734,11938000.0,XOM
2023-05-31 04:00:00+00:00,91.93636804761347,92.61045422826227,91.44203543894065,91.8375015258789,24926100.0,XOM
2023-06-01 04:00:00+00:00,91.45103229339037,94.89336763624567,91.01063120775618,92.8980712890625,13551900.0,XOM
2023-06-02 04:00:00+00:00,94.51587008146024,95.3876824156491,93.94963332241716,95.05513763427734,14112000.0,XOM
2023-06-05 04:00:00+00:00,96.3403996901627,96.3403996901627,94.45295288769556,94.6327133178711,10628000.0,XOM
2023-06-06 04:00:00+00:00,93.60809944354169,95.51351193362409,93.45530822634811,95.4056625366211,12209800.0,XOM
2023-06-07 04:00:00+00:00,95.98088366254888,97.86832356804699,95.92695896321322,97.54476165771484,16027100.0,XOM
2023-06-08 04:00:00+00:00,97.76046962450039,98.0930212783072,95.18097087359959,97.23918151855469,13517100.0,XOM
2023-06-09 04:00:00+00:00,97.48183750104137,97.61665609309433,96.31342570328525,96.5201416015625,12251600.0,XOM
2023-06-12 04:00:00+00:00,95.10008098130932,96.22355800587695,94.8753855763958,95.6483383178711,14112000.0,XOM
2023-06-13 04:00:00+00:00,96.51114779665991,97.37397714938884,95.5224895918971,95.66629791259766,13533800.0,XOM
2023-06-14 04:00:00+00:00,96.57408060892152,97.16727975901026,93.82381109491601,94.51587677001953,16627700.0,XOM
2023-06-15 04:00:00+00:00,94.82147274334123,96.19660769640706,94.76754803370271,95.1719970703125,16224100.0,XOM
2023-06-16 04:00:00+00:00,95.59440352357946,95.96290038301437,94.33610801746352,94.48889923095703,43128900.0,XOM
2023-06-20 04:00:00+00:00,94.08444876681249,94.1653358112984,91.78357029487414,92.32283782958984,17514100.0,XOM
2023-06-21 04:00:00+00:00,92.125104548851,94.03950669187438,91.97231333824416,93.35643768310547,13285700.0,XOM
2023-06-22 04:00:00+00:00,92.4306859464206,93.37440926201596,92.25992212469889,92.84413146972656,12455300.0,XOM
2023-06-23 04:00:00+00:00,92.20600401996701,92.41272681176999,91.33419159992398,92.03524017333984,17933600.0,XOM
2023-06-26 04:00:00+00:00,91.85545298378793,94.29115652316713,91.85545298378793,93.7339096069336,14283400.0,XOM
2023-06-27 04:00:00+00:00,93.51822244796544,94.02153791859389,92.8171670832428,93.96761322021484,13227500.0,XOM
2023-06-28 04:00:00+00:00,93.75190712536171,95.1090692703944,92.75425899415244,94.73158264160156,13084100.0,XOM
2023-06-29 04:00:00+00:00,94.96525195750748,95.92694784139545,94.48889202568851,95.89997863769531,11364400.0,XOM
2023-06-30 04:00:00+00:00,96.4572396931843,96.96055518787752,95.9988591635691,96.39432525634766,13544700.0,XOM
2023-07-03 04:00:00+00:00,96.61003119821329,97.48185043774107,96.23254457609592,96.58306884765625,7397000.0,XOM
2023-07-05 04:00:00+00:00,96.73585443492918,96.99650190372355,95.36071977938144,96.08873748779297,12491200.0,XOM
2023-07-06 04:00:00+00:00,94.45294828058817,95.01918503657284,92.06219296172061,92.50259399414062,17961400.0,XOM
2023-07-07 04:00:00+00:00,91.60381344190449,93.47328070165578,91.28025153705681,92.71830749511719,21929200.0,XOM
2023-07-10 04:00:00+00:00,92.54753942557862,94.147369524166,92.34980638289314,94.09344482421875,14877600.0,XOM
2023-07-11 04:00:00+00:00,94.60574715280292,95.41465191307681,94.20129134408648,95.24388122558594,12576500.0,XOM
2023-07-12 04:00:00+00:00,96.1696385053952,96.75384796120576,95.38769598541862,95.71125793457031,13238200.0,XOM
2023-07-13 04:00:00+00:00,95.24388370795724,95.47756883527342,92.86211118508017,93.95862579345703,26826800.0,XOM
2023-07-14 04:00:00+00:00,93.51821822797928,93.51821822797928,90.35450349409624,90.72300720214844,28181900.0,XOM
2023-07-17 04:00:00+00:00,90.52527699293142,91.37911670539944,90.07588622696743,91.11846923828125,18051300.0,XOM
2023-07-18 04:00:00+00:00,90.70503234863281,91.85547163508595,90.18373740409653,90.70503234863281,24617800.0,XOM
2023-07-19 04:00:00+00:00,90.82189270795818,92.03524662057244,90.59719728498665,91.33419799804688,15556500.0,XOM
2023-07-20 04:00:00+00:00,92.16106596332232,93.16770382255038,91.9992850012528,92.94300842285156,15740200.0,XOM
2023-07-21 04:00:00+00:00,93.61710268800303,93.81482889676016,92.80819780796014,93.37442779541016,17121500.0,XOM
2023-07-24 04:00:00+00:00,93.79685621411784,95.41466597306061,93.43734217244611,94.83943939208984,15090900.0,XOM
2023-07-25 04:00:00+00:00,94.42599875331892,95.35174276350286,93.95863530851649,94.98324584960938,14116100.0,XOM
2023-07-26 04:00:00+00:00,94.47094425657629,95.01920163762824,94.04851576391397,94.45296478271484,15159600.0,XOM
2023-07-27 04:00:00+00:00,95.27084481324918,96.1606366325382,94.13837813414375,94.74954986572266,17677900.0,XOM
2023-07-28 04:00:00+00:00,94.47092033738728,94.51586215350191,91.96331922710755,93.61708068847656,17566400.0,XOM
2023-07-31 04:00:00+00:00,94.54284712897858,96.94259256925328,94.54284712897858,96.38534545898438,24197000.0,XOM
2023-08-01 04:00:00+00:00,96.12468719223921,96.45723884525776,94.84841899496682,95.82809448242188,14177400.0,XOM
2023-08-02 04:00:00+00:00,95.50453254703446,95.61238194798051,93.98558948355772,94.6327133178711,13484100.0,XOM
2023-08-03 04:00:00+00:00,95.1719767672266,96.96055011267151,94.64169894981106,96.27748107910156,16280400.0,XOM
2023-08-04 04:00:00+00:00,97.03244669859626,98.18288588329106,96.4662168409551,96.54710388183594,14279600.0,XOM
2023-08-07 04:00:00+00:00,96.97852402027218,97.44588737733368,95.72921829931855,96.34937286376953,12410800.0,XOM
2023-08-08 04:00:00+00:00,95.3067865136478,96.84370198210573,94.2282446510602,96.82572937011719,14065600.0,XOM
2023-08-09 04:00:00+00:00,97.70654938226265,99.2434651342426,97.34703536174557,98.47051239013672,19919600.0,XOM
2023-08-10 04:00:00+00:00,99.03674561378249,100.33098644074141,98.36265942116411,98.97383117675781,15837200.0,XOM
2023-08-11 04:00:00+00:00,99.19852947969004,100.72645548484553,98.91091963670219,100.51074981689453,14047000.0,XOM
2023-08-14 04:00:00+00:00,100.37592337718681,100.64556058397295,99.56701861398736,100.59162902832031,12973400.0,XOM
2023-08-15 04:00:00+00:00,100.3560250030543,100.45570196921948,97.83693130550508,98.00910186767578,14909600.0,XOM
2023-08-16 04:00:00+00:00,98.11784083552955,99.06930032454547,96.3055423142575,96.35990905761719,13695100.0,XOM
2023-08-17 04:00:00+00:00,97.33855603333564,99.81234666133527,97.33855603333564,98.2265853881836,16709500.0,XOM
2023-08-18 04:00:00+00:00,97.53790221624668,99.85764202449458,97.51978227359409,99.71266174316406,16224000.0,XOM
2023-08-21 04:00:00+00:00,100.0026398309279,100.56445489995404,97.99098722789802,98.50749206542969,11092400.0,XOM
2023-08-22 04:00:00+00:00,98.92431424558052,99.42269910992684,97.81881102893615,97.9547348022461,10518800.0,XOM
2023-08-23 04:00:00+00:00,96.9942179864499,97.22981873068366,95.79810123526576,97.0938949584961,11435600.0,XOM
2023-08-24 04:00:00+00:00,96.43240295022245,97.65570307311815,96.11525209071175,96.36897277832031,10818500.0,XOM
2023-08-25 04:00:00+00:00,97.34762552969683,98.70684956283229,96.61364676408238,98.09066772460938,13579300.0,XOM
2023-08-28 04:00:00+00:00,98.27189581179333,99.71267689625898,98.26283929577572,98.91526794433594,10382100.0,XOM
2023-08-29 04:00:00+00:00,99.36834795028695,99.69455537867279,98.24471770051368,99.50426483154297,9665000.0,XOM
2023-08-30 04:00:00+00:00,100.07512258958113,100.70942428153225,99.65829477581755,100.47382354736328,11922100.0,XOM
2023-08-31 04:00:00+00:00,100.6913076827024,100.96314831112169,100.23823305530009,100.7547378540039,17479800.0,XOM
2023-09-01 04:00:00+00:00,101.66994917390052,103.13791353563354,101.66994917390052,102.8660659790039,14843500.0,XOM
2023-09-05 04:00:00+00:00,103.39162686037311,104.959268086835,102.84793869926247,102.8751220703125,18304000.0,XOM
2023-09-06 04:00:00+00:00,102.82982045010745,103.83563976237589,102.60328313646578,103.76315307617188,13325500.0,XOM
2023-09-07 04:00:00+00:00,103.8900077493185,104.97738403011078,103.02916185643564,103.25569915771484,13248500.0,XOM
2023-09-08 04:00:00+00:00,103.78127533689594,105.15862610608187,103.59098481879204,104.75991821289062,14283200.0,XOM
2023-09-11 04:00:00+00:00,105.27641754345265,105.72949215727138,102.91136750624933,103.44599914550781,14383600.0,XOM
2023-09-12 04:00:00+00:00,104.51526322304663,106.62659287810803,104.45183304477045,106.46348571777344,20145800.0,XOM
2023-09-13 04:00:00+00:00,106.39098982977431,106.88936778362799,105.02270248706232,105.51202392578125,13472800.0,XOM
2023-09-14 04:00:00+00:00,106.51786098850923,107.5236873401983,106.31850702138225,107.39682006835938,15210700.0,XOM
2023-09-15 04:00:00+00:00,106.83498751181973,107.38773905334374,105.56637730318482,105.74760437011719,34568400.0,XOM
2023-09-18 04:00:00+00:00,106.49971116049278,107.1430762435006,105.74760568794873,106.5993881225586,14045300.0,XOM
2023-09-19 04:00:00+00:00,107.48742239187635,107.68676941198231,105.6660605336479,106.31848907470703,12562900.0,XOM
2023-09-20 04:00:00+00:00,105.60263701740841,106.94373406884836,105.40328307137456,105.47577667236328,11879900.0,XOM
2023-09-21 04:00:00+00:00,106.00135296070617,106.35475065065532,103.844713104393,103.98970031738281,14400600.0,XOM
2023-09-22 04:00:00+00:00,104.85052574397312,105.72949159625674,104.03499006075278,104.15279388427734,13197300.0,XOM
2023-09-25 04:00:00+00:00,104.28871505033207,105.70231259750297,104.05312122027877,105.32173156738281,11316000.0,XOM
2023-09-26 04:00:00+00:00,104.66022609511072,105.77479258372037,104.54242919524519,105.48482513427734,11805400.0,XOM
2023-09-27 04:00:00+00:00,106.8259409948495,109.19099123355889,106.38192977122027,108.91914367675781,23976200.0,XOM
2023-09-28 04:00:00+00:00,108.71978267518638,109.3722042836583,107.09777479821068,108.25764465332031,16808100.0,XOM
2023-09-29 04:00:00+00:00,107.92238020955287,107.99487381273642,105.77481079386165,106.54503631591797,18813600.0,XOM
2023-10-02 04:00:00+00:00,106.49971527277842,106.7353160025194,103.79939450537184,104.77803039550781,14395000.0,XOM
2023-10-03 04:00:00+00:00,104.60586141329627,105.51201057477425,104.23433693867297,104.95925903320312,13297100.0,XOM
2023-10-04 04:00:00+00:00,103.34632015240278,103.38256003703262,100.12948769197335,101.03563690185547,19622200.0,XOM
2023-10-05 04:00:00+00:00,99.49520088075695,100.4919637779275,98.49843107021556,98.76121520996094,20128800.0,XOM
2023-10-06 04:00:00+00:00,95.80717206091684,98.10878528395416,95.24535698540326,97.11202239990234,25367500.0,XOM
2023-10-09 04:00:00+00:00,100.07513063881703,101.55215150508566,99.24146803086683,100.51007843017578,22369900.0,XOM
2023-10-10 04:00:00+00:00,100.60068753956887,100.99033199688212,99.78515873840313,100.08418273925781,13892000.0,XOM
2023-10-11 04:00:00+00:00,96.92173327900544,97.11202381217961,94.99163765963515,96.49584197998047,57939000.0,XOM
2023-10-12 04:00:00+00:00,97.49260501296384,97.7191423499175,96.13338099124181,96.47772216796875,31183000.0,XOM
2023-10-13 04:00:00+00:00,97.89129098772655,99.85763297235471,97.71912043796958,99.55860900878906,30276500.0,XOM
2023-10-16 04:00:00+00:00,100.12949601724083,100.29260316511595,98.88806900767075,99.63111114501953,18452000.0,XOM
2023-10-17 04:00:00+00:00,99.43176230054604,101.30749101029969,99.38645207176101,100.93596649169922,19775400.0,XOM
2023-10-18 04:00:00+00:00,101.32560979607649,102.74826385520615,101.21686939625702,102.34955596923828,23380300.0,XOM
2023-10-19 04:00:00+00:00,102.141138515103,103.27382501050049,100.88159168529057,102.41297912597656,20972500.0,XOM
2023-10-20 04:00:00+00:00,102.322363351405,102.68482440467974,100.39226809426864,100.6550521850586,22445300.0,XOM
2023-10-23 04:00:00+00:00,100.24728830509692,100.5463192146175,98.48030004587544,99.17803192138672,18185000.0,XOM
2023-10-24 04:00:00+00:00,99.40457503328956,99.51331543765295,97.97286439937595,98.21752166748047,16786100.0,XOM
2023-10-25 04:00:00+00:00,98.33531250550148,99.22334180278825,97.98191485488992,98.39874267578125,22047300.0,XOM
2023-10-26 04:00:00+00:00,97.36573943045822,98.1722117536498,96.50490036159502,97.50166320800781,18768300.0,XOM
2023-10-27 04:00:00+00:00,98.67059347135456,99.54955936951963,95.10942656321,95.64405822753906,23092000.0,XOM
2023-10-30 04:00:00+00:00,95.81620913015033,96.43239082833071,95.33595118706563,95.94306945800781,19379900.0,XOM
2023-10-31 04:00:00+00:00,95.67123630716934,96.1968045139801,94.72884028876139,95.9158935546875,22185200.0,XOM
2023-11-01 04:00:00+00:00,96.5320811270923,97.11201610982731,95.56250167970373,95.7256088256836,28984900.0,XOM
2023-11-02 04:00:00+00:00,95.94309150300508,98.94245057803877,95.59875723589786,98.86995697021484,25212700.0,XOM
2023-11-03 04:00:00+00:00,98.22658709762725,98.570921348405,96.54114881919033,97.6647720336914,30555600.0,XOM
2023-11-06 05:00:00+00:00,98.0181600667999,98.1087736066793,95.8434005428444,95.93402099609375,19097300.0,XOM
2023-11-07 05:00:00+00:00,94.66541795214418,95.01881562411467,93.59616150753924,94.42981719970703,20272500.0,XOM
2023-11-08 05:00:00+00:00,93.9948730964615,95.05506615395798,93.23370406387403,93.26995086669922,19184100.0,XOM
2023-11-09 05:00:00+00:00,93.94049191356714,94.2123394563034,93.20651322689751,93.29712677001953,18380500.0,XOM
2023-11-10 05:00:00+00:00,94.17610001459842,94.61105473428651,93.25183074114598,94.01299285888672,17825500.0,XOM
2023-11-13 05:00:00+00:00,94.2848272303224,95.27252654205218,94.06734644422338,95.00067901611328,15308400.0,XOM
2023-11-14 05:00:00+00:00,95.37560901438927,95.85111232279556,94.98240153804662,95.36646270751953,18260500.0,XOM
2023-11-15 05:00:00+00:00,95.0647088351384,96.15288925647015,94.64406936404443,94.7903823852539,20137600.0,XOM
2023-11-16 05:00:00+00:00,94.09540036254214,94.43373698224751,92.49513847534445,93.69304656982422,22469100.0,XOM
2023-11-17 05:00:00+00:00,94.24170504369981,96.40891933719091,93.95823231739153,95.97913360595703,22984900.0,XOM
2023-11-20 05:00:00+00:00,96.3632105557336,96.8204283061004,95.49449962067237,95.55850982666016,17458800.0,XOM
2023-11-21 05:00:00+00:00,95.29331040478735,95.74138178891646,94.38802132925638,95.52191925048828,14989000.0,XOM
2023-11-22 05:00:00+00:00,93.80278495608295,95.21101630851845,93.21754685852383,95.11042785644531,18072000.0,XOM
2023-11-24 05:00:00+00:00,95.11956295002705,96.44549840620299,95.01898147902293,95.62250518798828,9480800.0,XOM
2023-11-27 05:00:00+00:00,95.1927176553086,95.46705104839516,94.3514388155055,95.064697265625,18013500.0,XOM
2023-11-28 05:00:00+00:00,95.32074661424468,95.93342365033877,94.99154930358145,95.00984191894531,20629500.0,XOM
2023-11-29 05:00:00+00:00,95.34818131549277,95.63166104911387,92.94321859321938,93.58332061767578,26802100.0,XOM
2023-11-30 05:00:00+00:00,94.28743265268997,95.54021163569567,93.09866386726334,93.94908905029297,29254700.0,XOM
2023-12-01 05:00:00+00:00,93.72961725981092,95.30244707544908,93.47357649476984,94.17768859863281,17845300.0,XOM
2023-12-04 05:00:00+00:00,93.39129309115421,94.51605180161863,92.89749709460317,93.6656265258789,21523900.0,XOM
2023-12-05 05:00:00+00:00,93.51930534059174,93.583315539564,91.7087271544689,91.84589385986328,22250300.0,XOM
2023-12-06 05:00:00+00:00,91.4435390167588,92.1019336139336,89.92557292031819,90.62969207763672,31154800.0,XOM
2023-12-07 05:00:00+00:00,91.31553051578796,92.21167340800179,89.69697575745535,89.99874114990234,29990700.0,XOM
2023-12-08 05:00:00+00:00,90.54738685281782,91.25150599138098,90.30049237374789,91.03204345703125,22074900.0,XOM
2023-12-11 05:00:00+00:00,91.26065272282312,91.3155166125186,90.14504045509337,91.09605407714844,22252300.0,XOM
2023-12-12 05:00:00+00:00,90.23647686682177,90.23647686682177,89.13915728306176,89.66038513183594,26084000.0,XOM
2023-12-13 05:00:00+00:00,89.65123211443844,90.55652105210453,89.30374923346238,90.4559326171875,19915400.0,XOM
2023-12-14 05:00:00+00:00,91.30636759803646,93.40042537057786,91.18749351502491,92.88834381103516,26165700.0,XOM
2023-12-15 05:00:00+00:00,91.98304557501308,92.3579674053216,91.7270048014306,92.26652526855469,55527000.0,XOM
2023-12-18 05:00:00+00:00,93.39126416004405,94.28741372282153,92.83345813173511,92.95233917236328,21610400.0,XOM
2023-12-19 05:00:00+00:00,93.27239961464112,94.3605798426533,93.0803690408603,94.17768859863281,18904700.0,XOM
2023-12-20 05:00:00+00:00,94.64406775191863,95.04642157680233,92.47685325414334,92.60487365722656,20988900.0,XOM
2023-12-21 05:00:00+00:00,92.78777276690109,93.28156878189164,92.18424197860507,93.02552795410156,19250900.0,XOM
2023-12-22 05:00:00+00:00,93.55588546858769,94.13198424747097,93.10781406680293,93.19011688232422,12927800.0,XOM
2023-12-26 05:00:00+00:00,93.94909627661626,94.21428339458089,93.38215076204737,93.40043640136719,16835100.0,XOM
2023-12-27 05:00:00+00:00,93.30898500053137,93.77534898772069,92.66887606237994,92.96150207519531,14558800.0,XOM
2023-12-28 05:00:00+00:00,92.7146063921377,92.91578330017664,91.56241581301647,91.6172866821289,16329300.0,XOM
2023-12-29 05:00:00+00:00,91.78187641228985,91.98304632418036,91.09604991607047,91.42524719238281,17746400.0,XOM
2024-01-02 05:00:00+00:00,92.28480402127954,94.27827315108163,92.22079383265877,93.60159301757812,23483000.0,XOM
2024-01-03 05:00:00+00:00,93.5193131171824,94.75380659179763,92.96151389494814,94.38803100585938,23490800.0,XOM
2024-01-04 05:00:00+00:00,95.17442574867007,95.62249708304648,93.31812324395169,93.56501770019531,19395200.0,XOM
2024-01-05 05:00:00+00:00,94.34230673826964,94.55262996823741,93.39129300247319,93.8485107421875,15827400.0,XOM
2024-01-08 05:00:00+00:00,92.11108257158992,92.39455531818994,90.4376640850528,92.28482055664062,23370100.0,XOM
2024-01-09 05:00:00+00:00,92.6231571836727,92.6231571836727,90.70284434927748,91.14176940917969,19496600.0,XOM
2024-01-10 05:00:00+00:00,91.26064445447227,91.26064445447227,89.7609711415703,90.24562072753906,18206100.0,XOM
2024-01-11 05:00:00+00:00,90.56567665526471,90.98631607328734,90.12674462360442,90.22733306884766,15833400.0,XOM
2024-01-12 05:00:00+00:00,91.57156448530664,92.03792851356826,90.68456099145976,91.39781951904297,18041700.0,XOM
2024-01-16 05:00:00+00:00,91.27895240166615,91.45269738121277,89.18489424491152,89.33120727539062,20235700.0,XOM
2024-01-17 05:00:00+00:00,88.334448293516,89.57808085554377,88.31616265727484,88.68193817138672,18384000.0,XOM
2024-01-18 05:00:00+00:00,88.70022588681856,88.78252171671429,87.62119193201849,88.51734161376953,20940300.0,XOM
2024-01-19 05:00:00+00:00,88.44419425995042,88.71852069789213,88.16072151443409,88.65451049804688,20088400.0,XOM
2024-01-22 05:00:00+00:00,88.42590214011099,88.79167770267068,87.57547692220986,88.53563690185547,19955900.0,XOM
2024-01-23 05:00:00+00:00,88.52648702041735,90.07188504713534,88.45333749212932,89.5323715209961,15863400.0,XOM
2024-01-24 05:00:00+00:00,89.90729019734543,91.12349098008332,89.3769159794703,91.07776641845703,17330600.0,XOM
2024-01-25 05:00:00+00:00,91.72700904604254,93.43700568672294,91.09605338954229,93.39128112792969,22089500.0,XOM
2024-01-26 05:00:00+00:00,93.24497654960373,94.2600003766434,92.53171807148684,94.18684387207031,20817200.0,XOM
2024-01-29 05:00:00+00:00,94.16855012533885,94.36972003070963,93.14438007927208,94.30570983886719,18317500.0,XOM
2024-01-30 05:00:00+00:00,93.6473375495015,95.90598724502888,93.36385781662871,95.87855529785156,19610900.0,XOM
2024-01-31 05:00:00+00:00,95.77796024198057,95.90598063771411,93.97652141783081,94.01309967041016,22415300.0,XOM
2024-02-01 05:00:00+00:00,94.70806995354098,95.11042374443817,92.9249237922251,93.62903594970703,19240700.0,XOM
2024-02-02 05:00:00+00:00,94.87267377167272,95.10128262413458,92.91578255272627,93.24497985839844,21973400.0,XOM
2024-02-05 05:00:00+00:00,92.76945939604322,93.6198845132892,91.90074864229838,92.86090850830078,17190900.0,XOM
2024-02-06 05:00:00+00:00,93.33642368307018,94.22342716283245,92.87920596992168,93.50102233886719,13347900.0,XOM
2024-02-07 05:00:00+00:00,93.50101898168259,93.93995104024414,92.52257338973976,93.47358703613281,13826800.0,XOM
2024-02-08 05:00:00+00:00,93.58331081703531,95.48533802849734,93.3729945924205,95.07384490966797,19636900.0,XOM
2024-02-09 05:00:00+00:00,95.1927319828608,95.86941228397737,92.99808543761381,93.06209564208984,20410500.0,XOM
2024-02-12 05:00:00+00:00,93.41872566586225,94.55262363091005,93.27241265019747,94.34230041503906,18173100.0,XOM
2024-02-13 05:00:00+00:00,94.84067690577747,95.14523970073479,92.84713656737001,93.53010559082031,18917400.0,XOM
2024-02-14 05:00:00+00:00,94.01926939803977,94.71146975287775,92.68101115383067,93.06864166259766,17651300.0,XOM
2024-02-15 05:00:00+00:00,92.84714393833214,95.92974666008963,92.84714393833214,95.73593139648438,23196300.0,XOM
2024-02-16 05:00:00+00:00,95.99435174795806,96.5665662286708,95.54210909145264,95.73593139648438,20151400.0,XOM
2024-02-20 05:00:00+00:00,95.83745362522836,96.09588103426265,94.73916706289708,94.83145904541016,17650000.0,XOM
2024-02-21 05:00:00+00:00,95.08063699961505,96.88959344448557,95.05295011223686,96.76960754394531,20991300.0,XOM
2024-02-22 05:00:00+00:00,96.13279504272496,97.28646237738846,95.4775058001807,96.68655395507812,20470700.0,XOM
2024-02-23 05:00:00+00:00,95.87437395162064,96.06818923162217,94.95144002317883,95.83745574951172,15975900.0,XOM
2024-02-26 05:00:00+00:00,95.72669703162295,96.85267741976382,95.10833306155419,96.21585083007812,13360800.0,XOM
2024-02-27 05:00:00+00:00,96.61272585666688,97.04650593839892,95.84668899069017,96.0128173828125,16360000.0,XOM
2024-02-28 05:00:00+00:00,96.41889802529249,97.30491365416758,95.98511800001039,96.28045654296875,14810500.0,XOM
2024-02-29 05:00:00+00:00,96.6127149089339,96.97265854417384,96.18816618637977,96.46504211425781,17566100.0,XOM
2024-03-01 05:00:00+00:00,97.57257153201556,98.19093554555035,97.25877034930612,97.68331909179688,18460100.0,XOM
2024-03-04 05:00:00+00:00,97.51720742904959,97.69256009657968,96.01282053941907,96.31739044189453,18138000.0,XOM
2024-03-05 05:00:00+00:00,96.47426881166503,98.08017164914092,96.28045355898915,97.49872589111328,19952700.0,XOM
2024-03-06 05:00:00+00:00,98.4032067949697,99.27999111071071,97.96942677130318,98.54164123535156,20472800.0,XOM
2024-03-07 05:00:00+00:00,98.38474260268995,99.65839576525472,98.38474260268995,99.09540557861328,15195400.0,XOM
2024-03-08 05:00:00+00:00,98.96620428968892,100.04603525286603,98.54164850311797,100.02757263183594,16281500.0,XOM
2024-03-11 04:00:00+00:00,99.90758442458568,100.710539370117,99.06771128187091,100.61824035644531,17577300.0,XOM
2024-03-12 04:00:00+00:00,100.65516759198407,100.85821417401262,99.70454681378384,99.97219848632812,14957200.0,XOM
2024-03-13 04:00:00+00:00,100.72899224096803,101.84574127040759,100.70130535418103,101.08893585205078,17122200.0,XOM
2024-03-14 04:00:00+00:00,101.36582931394898,102.95327670765629,101.23661913459388,102.87944030761719,22121000.0,XOM
2024-03-15 04:00:00+00:00,102.30721657717463,103.64547489385657,102.30721657717463,102.6948471069336,38264400.0,XOM
2024-03-18 04:00:00+00:00,103.1747714508918,104.16231034580095,102.53794486882171,103.64546966552734,16770500.0,XOM
2024-03-19 04:00:00+00:00,103.57164005204464,104.7437629691019,103.42396725291135,104.37458801269531,14878800.0,XOM
2024-03-20 04:00:00+00:00,104.03309857106117,104.66069383375276,103.48856397009259,104.28228759765625,16119700.0,XOM
2024-03-21 04:00:00+00:00,104.21767196786024,105.13138140291164,103.89464658035864,104.74374389648438,14878000.0,XOM
2024-03-22 04:00:00+00:00,104.73451962928814,104.92833486178911,104.12538000592055,104.74374389648438,14701900.0,XOM
2024-03-25 04:00:00+00:00,105.05755613796572,106.8572742312929,105.05755613796572,105.81436157226562,14011700.0,XOM
2024-03-26 04:00:00+00:00,105.82360782524934,106.11894640128035,104.66994041240524,105.0206527709961,13152300.0,XOM
2024-03-27 04:00:00+00:00,104.73453363531517,106.19276372839057,104.66992854917528,106.10970306396484,12415700.0,XOM
2024-03-28 04:00:00+00:00,106.62654005605535,107.4756374562894,106.19276004640233,107.28182220458984,18482100.0,XOM
2024-04-01 04:00:00+00:00,107.43872566594041,108.20475535867473,106.48809794928158,107.9740219116211,13817000.0,XOM
2024-04-02 04:00:00+00:00,108.83235671660411,110.38288584937206,108.28782913092006,110.0875473022461,19919600.0,XOM
2024-04-03 04:00:00+00:00,110.27213881063592,110.521327850359,109.57993842743952,110.10601043701172,16504300.0,XOM
2024-04-04 04:00:00+00:00,109.87527312094329,110.64130283332021,109.49686687818772,110.49363708496094,18467400.0,XOM
2024-04-05 04:00:00+00:00,110.73360959660855,112.73637441859718,110.41980841706827,112.01648712158203,21720600.0,XOM
2024-04-08 04:00:00+00:00,111.7488278669607,112.35796052253859,110.94587291402607,111.25967407226562,17513900.0,XOM
2024-04-09 04:00:00+00:00,111.67500472980906,112.27491318829593,111.06586496048877,111.84113311767578,14132300.0,XOM
2024-04-10 04:00:00+00:00,111.8780376588173,113.03170492218338,111.42580206317713,112.78250885009766,17409200.0,XOM
2024-04-11 04:00:00+00:00,113.2347633236621,113.2347633236621,111.06586300867647,112.40412139892578,17555900.0,XOM
2024-04-12 04:00:00+00:00,113.47470785812295,114.21305771446366,110.44748612169302,111.09354400634766,21556200.0,XOM
2024-04-15 04:00:00+00:00,111.7580514528186,112.31181737086844,110.24444057071496,110.45671844482422,15029500.0,XOM
2024-04-16 04:00:00+00:00,110.34596242256414,110.95510210795251,108.83235156008075,109.54301452636719,18082200.0,XOM
2024-04-17 04:00:00+00:00,109.41381102414776,110.15215388124936,108.09401533349167,109.48764038085938,14538600.0,XOM
2024-04-18 04:00:00+00:00,109.82912737091713,110.49364086483158,108.87850663878868,109.38611602783203,13821400.0,XOM
2024-04-19 04:00:00+00:00,109.97678999568078,111.61037964929935,109.78296771002404,110.64129638671875,21572400.0,XOM
2024-04-22 04:00:00+00:00,110.06909582783575,112.20107082435204,109.30305902217412,111.26890563964844,16340700.0,XOM
2024-04-23 04:00:00+00:00,110.75206175831984,111.73036938392853,110.24444532535696,111.70268249511719,13929800.0,XOM
2024-04-24 04:00:00+00:00,111.02894524070491,111.91496089388144,110.18907205528436,111.72114562988281,12101200.0,XOM
2024-04-25 04:00:00+00:00,111.70267028196322,112.37641501555589,110.19829080914282,111.97955322265625,16041000.0,XOM
2024-04-26 04:00:00+00:00,109.82914541272949,109.92143740395046,107.26339003307733,108.86929321289062,27289500.0,XOM
2024-04-29 04:00:00+00:00,108.68467927767041,110.79819838886858,108.68467927767041,110.41979217529297,17309900.0,XOM
2024-04-30 04:00:00+00:00,109.93065600618448,110.93665056461488,108.88774324724837,109.15538787841797,21083300.0,XOM
2024-05-01 04:00:00+00:00,109.16460606508394,109.33996573604759,106.74652407478992,107.08800506591797,27777700.0,XOM
2024-05-02 04:00:00+00:00,107.30028482366183,108.22321861733172,106.96802809462658,107.28182220458984,25513600.0,XOM
2024-05-03 04:00:00+00:00,107.06031799316406,107.12492307581326,105.33442929749887,107.06031799316406,28023300.0,XOM
2024-05-06 04:00:00+00:00,107.67868893278356,109.21998674862637,107.4294998953453,107.75252532958984,31401300.0,XOM
2024-05-07 04:00:00+00:00,108.24168126227006,108.51856423501962,106.99572196775,107.21722412109375,30122000.0,XOM
2024-05-08 04:00:00+00:00,106.79267546645866,107.93711147451677,106.5157995349458,107.19876861572266,18957200.0,XOM
2024-05-09 04:00:00+00:00,107.24490950336825,109.39534704275515,107.23568523478563,109.31228637695312,17564000.0,XOM
2024-05-10 04:00:00+00:00,109.40459661997092,109.51535123429264,108.51858082967986,108.86929321289062,13648100.0,XOM
2024-05-13 04:00:00+00:00,109.29382657718672,109.86604810826327,108.09401677782996,108.82313537597656,15060600.0,XOM
2024-05-14 04:00:00+00:00,108.66495800416332,109.54886396936223,108.37652687631063,109.48373413085938,15079100.0,XOM
2024-05-15 04:00:00+00:00,109.42790296375618,110.57232820328069,108.00434580801523,110.3304214477539,18244300.0,XOM
2024-05-16 04:00:00+00:00,110.29320162128532,111.00033059206716,109.36277138027427,109.66981506347656,15745200.0,XOM
2024-05-17 04:00:00+00:00,110.06989262135171,111.49344965434965,109.75354267034167,111.31666564941406,15104500.0,XOM
2024-05-20 04:00:00+00:00,111.4004226243749,111.54928778066761,110.30251458956432,110.4141616821289,11551300.0,XOM
2024-05-21 04:00:00+00:00,110.16294646315839,111.1398939970238,109.5860771346238,109.65120697021484,14495000.0,XOM
2024-05-22 04:00:00+00:00,109.28834641774027,109.28834641774027,106.96227057767611,107.44609832763672,17879300.0,XOM
2024-05-23 04:00:00+00:00,107.55774758429081,109.33487296911701,105.47358557736301,105.61315155029297,15979800.0,XOM
2024-05-24 04:00:00+00:00,106.85061301842222,107.0739214030456,105.17584272546627,105.52940368652344,12212900.0,XOM
2024-05-28 04:00:00+00:00,105.62244425829553,107.10183212273573,105.20375346383085,106.86922454833984,13978300.0,XOM
2024-05-29 04:00:00+00:00,106.56218886038758,106.5808014429661,104.96184749241233,105.72480010986328,13902000.0,XOM
2024-05-30 04:00:00+00:00,105.38984243139542,106.19001309884466,105.10141129497309,106.05975341796875,14683700.0,XOM
2024-05-31 04:00:00+00:00,106.18070625945501,109.31625176437834,106.05974577976713,109.10225677490234,29037400.0,XOM
2024-06-03 04:00:00+00:00,108.20904896178895,108.26487250938224,105.84575509920008,106.48774719238281,19589300.0,XOM
2024-06-04 04:00:00+00:00,105.13861716934088,105.22235248364287,103.203320565564,104.83157348632812,19412200.0,XOM
2024-06-05 04:00:00+00:00,105.03628018667314,105.31541212724945,103.7243771026528,105.25028228759766,14863500.0,XOM
2024-06-06 04:00:00+00:00,104.90601919190675,106.10627516354214,104.310544351523,106.04114532470703,13154100.0,XOM
2024-06-07 04:00:00+00:00,105.87365412667492,106.90643222453258,104.83156973913212,104.906005859375,13289200.0,XOM
2024-06-10 04:00:00+00:00,105.19443826268297,106.27374072379448,104.8594828160359,105.21305084228516,15239700.0,XOM
2024-06-11 04:00:00+00:00,104.66410858426377,104.83158633200925,103.56620048207009,104.36637115478516,12462400.0,XOM
2024-06-12 04:00:00+00:00,105.41775354428825,105.41775354428825,102.84976398434146,103.21263122558594,13606800.0,XOM
2024-06-13 04:00:00+00:00,103.12889967446193,103.14751225724655,102.08682219437786,102.38455963134766,14466900.0,XOM
2024-06-14 04:00:00+00:00,102.36592913742977,102.54271314984918,101.03541364595023,101.51924133300781,13313400.0,XOM
2024-06-17 04:00:00+00:00,101.57507265194806,101.84489828681009,100.65394865612237,100.82142639160156,21147900.0,XOM
2024-06-18 04:00:00+00:00,101.44481285604809,103.01724230953971,101.23081786568659,101.77046203613281,17762900.0,XOM
2024-06-20 04:00:00+00:00,102.26360355372597,104.78506895970895,101.96585902595031,103.9662857055664,17433200.0,XOM
2024-06-21 04:00:00+00:00,104.11515626522637,104.85949627662089,103.0544662475586,103.0544662475586,52212500.0,XOM
2024-06-24 04:00:00+00:00,103.87323728551928,106.56218026292127,103.87323728551928,106.1155776977539,16266700.0,XOM
2024-06-25 04:00:00+00:00,106.17139334427998,106.58078491407328,105.56661227943603,106.4133071899414,14188900.0,XOM
2024-06-26 04:00:00+00:00,106.43192605322163,106.83201138347361,105.26888812791007,106.4505386352539,15771800.0,XOM
2024-06-27 04:00:00+00:00,106.99016841746763,106.99016841746763,106.17139238390652,106.90643310546875,16812700.0,XOM
2024-06-28 04:00:00+00:00,107.79966149459462,108.43235441991833,106.70175339178641,107.11114501953125,24565900.0,XOM
2024-07-01 04:00:00+00:00,107.66009540954322,108.61843753838431,106.56218730787802,106.96227264404297,11972900.0,XOM
2024-07-02 04:00:00+00:00,107.83686765895827,107.8740857208838,105.59452734362648,106.23652648925781,13326700.0,XOM
2024-07-03 04:00:00+00:00,106.32026812032551,107.61357277855006,106.32026812032551,106.77618408203125,7732900.0,XOM
2024-07-05 04:00:00+00:00,106.63661886997014,106.65522435285989,104.85019437051534,105.4828872680664,12631000.0,XOM
2024-07-08 04:00:00+00:00,104.57106089797568,105.65036345381755,103.66854237077476,104.37567138671875,13350500.0,XOM
2024-07-09 04:00:00+00:00,103.38011053322377,104.71062613757562,102.92420167678175,103.22193908691406,11727000.0,XOM
2024-07-10 04:00:00+00:00,103.20333579656457,104.17098424126094,102.73812060768866,104.1337661743164,10004100.0,XOM
2024-07-11 04:00:00+00:00,103.6778482234087,105.43636091591206,103.21263307515659,105.37123107910156,13082700.0,XOM
2024-07-12 04:00:00+00:00,106.05975013822056,106.20862239668662,104.79436433573903,105.38983917236328,11684900.0,XOM
2024-07-15 04:00:00+00:00,106.32027084147195,108.07879069847874,105.67827873989305,107.19487762451172,13032500.0,XOM
2024-07-16 04:00:00+00:00,106.39470309410432,108.25556368901168,105.79922827162355,107.96713256835938,13614100.0,XOM
2024-07-17 04:00:00+00:00,108.61842192889131,109.95824371766521,108.44164501409753,109.455810546875,13602800.0,XOM
2024-07-18 04:00:00+00:00,109.74425427525118,111.57720315597281,109.26973991929283,110.53512573242188,13033600.0,XOM
2024-07-19 04:00:00+00:00,110.33972204488678,110.60954767436803,107.80895767945294,107.99504089355469,16157700.0,XOM
2024-07-22 04:00:00+00:00,107.1669513343649,107.87408027803242,106.60869463088807,107.25068664550781,12065900.0,XOM
2024-07-23 04:00:00+00:00,106.82269246871412,107.1576479195102,105.29678745891839,105.52009582519531,11251700.0,XOM
2024-07-24 04:00:00+00:00,105.85506549239884,107.18558127358004,105.20376703949366,107.00880432128906,14925200.0,XOM
2024-07-25 04:00:00+00:00,107.1576549365455,109.8186861373344,106.59009189100956,109.26042938232422,17021700.0,XOM
2024-07-26 04:00:00+00:00,108.646335527433,109.81867961233202,108.36721071582231,109.1673812866211,11252500.0,XOM
2024-07-29 04:00:00+00:00,109.1580829545249,109.22321279184412,107.35304589364988,108.02295684814453,8861800.0,XOM
2024-07-30 04:00:00+00:00,108.26486756256146,110.34902939471476,108.14391418209593,109.94894409179688,12483900.0,XOM
2024-07-31 04:00:00+00:00,111.31666860009149,111.42832277963446,110.311802280062,110.33971405029297,15137700.0,XOM
2024-08-01 04:00:00+00:00,110.11641599395374,111.17710588530873,108.2648618290262,108.81381225585938,15051500.0,XOM
2024-08-02 04:00:00+00:00,107.90199988705976,110.6002490982704,107.39026039750236,108.74868774414062,20403800.0,XOM
2024-08-05 04:00:00+00:00,107.50191963298191,107.95782850050733,105.37123335611005,106.78548431396484,18025900.0,XOM
2024-08-06 04:00:00+00:00,106.48774456451301,107.58565259801371,105.72479200554606,106.21792602539062,13647800.0,XOM
2024-08-07 04:00:00+00:00,107.41818477836374,108.97200891148546,107.24140783281948,107.63218688964844,13660700.0,XOM
2024-08-08 04:00:00+00:00,108.00436167648294,109.89313423767827,107.67871245879763,109.68843841552734,13851000.0,XOM
2024-08-09 04:00:00+00:00,109.6884450307392,111.00965456424086,109.19531802870134,110.58165740966797,12151900.0,XOM
2024-08-12 04:00:00+00:00,111.23296150326055,111.80982383067071,109.80939697282695,110.72122192382812,13228900.0,XOM
2024-08-13 04:00:00+00:00,110.0513015072693,110.26530361280545,109.32556696447587,109.6605224609375,11585100.0,XOM
2024-08-14 04:00:00+00:00,109.88381827282456,111.55859567151543,109.44651489102084,110.6746826171875,12194500.0,XOM
2024-08-15 04:00:00+00:00,110.90916212633205,112.20349057549252,110.7872349681476,111.35936737060547,11579400.0,XOM
2024-08-16 04:00:00+00:00,110.66529563962024,111.12488207701173,110.35578715121221,110.83412170410156,10056000.0,XOM
2024-08-19 04:00:00+00:00,111.0498486630347,113.01948134663546,110.83412368288018,111.1717758178711,12417500.0,XOM
2024-08-20 04:00:00+00:00,111.28433361277588,111.28433361277588,107.4013410522251,107.46699523925781,15632000.0,XOM
2024-08-21 04:00:00+00:00,107.87031004955448,108.39554358707714,106.69790864917692,106.78231811523438,11752400.0,XOM
2024-08-22 04:00:00+00:00,106.71665958230244,107.87030566188788,106.5853512032628,107.6076889038086,10609500.0,XOM
2024-08-23 04:00:00+00:00,107.88904957854777,109.47413833038354,107.88904957854777,109.09896850585938,10381400.0,XOM
2024-08-26 04:00:00+00:00,110.449589614316,111.55633678727088,109.66173217734251,111.43440246582031,13671000.0,XOM
2024-08-27 04:00:00+00:00,111.57508766931878,111.99715643686945,110.11193311565722,110.37454986572266,9991600.0,XOM
2024-08-28 04:00:00+00:00,109.73676532127105,110.28076125990657,109.04270573225635,109.28656005859375,10742900.0,XOM
2024-08-29 04:00:00+00:00,109.92434870211187,111.41564695372173,109.1271172080973,110.79661560058594,10753900.0,XOM
2024-08-30 04:00:00+00:00,109.53979759102933,110.6934364468926,109.0708370775764,110.618408203125,13284700.0,XOM
2024-09-03 04:00:00+00:00,108.64876110151668,108.88324134266026,106.9605076587444,108.3017349243164,15725100.0,XOM
2024-09-04 04:00:00+00:00,108.13293237969118,108.9395451570974,106.90425793875013,106.97928619384766,12620600.0,XOM
2024-09-05 04:00:00+00:00,107.92657504859764,108.12353761060844,106.05073294666266,106.14452362060547,17200800.0,XOM
2024-09-06 04:00:00+00:00,106.53844489443793,107.09182201551054,104.79391838599196,105.64742279052734,13467700.0,XOM
2024-09-09 04:00:00+00:00,105.86315733695932,108.9395374059609,105.6661947642724,107.87030792236328,21645300.0,XOM
2024-09-10 04:00:00+00:00,107.95470760644294,108.23608677380093,103.33075670722039,103.9404067993164,20913400.0,XOM
2024-09-11 04:00:00+00:00,103.9028930615489,104.06233792310529,101.07974868962246,102.90869903564453,19571900.0,XOM
2024-09-12 04:00:00+00:00,103.07752965830103,104.4187571089069,102.94622127760704,104.32496643066406,15919500.0,XOM
2024-09-13 04:00:00+00:00,104.55005049746099,105.48797145693473,104.04357232065288,104.24991607666016,10035400.0,XOM
2024-09-16 04:00:00+00:00,105.09404959920325,106.06948112993862,104.75639747096052,105.71307373046875,11729000.0,XOM
2024-09-17 04:00:00+00:00,105.3472861356587,107.2700270425255,105.15970479849726,107.0918197631836,12202600.0,XOM
2024-09-18 04:00:00+00:00,107.02617120242263,108.4518080447484,106.74479202612835,107.46699523925781,12569900.0,XOM
2024-09-19 04:00:00+00:00,108.94890654882504,110.28075264843385,108.03912203595571,108.79883575439453,12660600.0,XOM
2024-09-20 04:00:00+00:00,108.2923506396429,108.33924954884908,107.15746716338812,108.11414337158203,36206200.0,XOM
2024-09-23 04:00:00+00:00,108.17043849111822,110.47772345973343,107.97347592552825,110.07441711425781,16066300.0,XOM
2024-09-24 04:00:00+00:00,110.5246045342945,110.82474611657985,109.57730949934074,109.78365325927734,11984900.0,XOM
2024-09-25 04:00:00+00:00,109.25841260323548,109.78365321625988,106.96050907197474,107.64518737792969,13816000.0,XOM
2024-09-26 04:00:00+00:00,104.24054066678204,106.43527955513711,104.24054066678204,105.79749298095703,16887900.0,XOM
2024-09-27 04:00:00+00:00,106.69789749619261,108.8832480396793,106.2195557712233,108.63001251220703,15964000.0,XOM
2024-09-30 04:00:00+00:00,108.29237205350769,110.10256010797467,107.82341149178849,109.943115234375,13247600.0,XOM
2024-10-01 04:00:00+00:00,108.8363586278658,113.11327629172023,108.73318674073163,112.48487091064453,23235900.0,XOM
2024-10-02 04:00:00+00:00,114.36071684661938,115.19546603007304,112.73811023995324,113.97616577148438,17129700.0,XOM
2024-10-03 04:00:00+00:00,114.33257322544829,115.52372976664519,113.42278869545163,114.9703598022461,16524300.0,XOM
2024-10-04 04:00:00+00:00,115.55188008788085,117.41834828444193,114.82968396798111,117.08069610595703,19752300.0,XOM
2024-10-07 04:00:00+00:00,117.47461272927663,118.49694324959624,117.10882408844945,117.58716583251953,15714400.0,XOM
2024-10-08 04:00:00+00:00,116.18965369294527,116.32096206363566,113.73230519365134,114.46388244628906,14818500.0,XOM
2024-10-09 04:00:00+00:00,113.39465156881919,114.97035915224829,113.30086089894937,114.51077270507812,11144900.0,XOM
2024-10-10 04:00:00+00:00,115.51436789827159,116.02083900303117,114.69837395256744,115.49560546875,10243300.0,XOM
2024-10-11 04:00:00+00:00,115.45807490723053,116.33034173281709,115.30801126662102,115.93641662597656,8294800.0,XOM
2024-10-14 04:00:00+00:00,115.58938565631865,116.54606911351011,115.0078791977999,116.37724304199219,9808100.0,XOM
2024-10-15 04:00:00+00:00,113.31960816829225,114.37945625893958,112.34416952783616,112.8787841796875,15771300.0,XOM
2024-10-16 04:00:00+00:00,113.38528113909746,113.90114060609868,113.11328316156683,113.16956329345703,8426800.0,XOM
2024-10-17 04:00:00+00:00,113.26333520149808,114.03243008935033,112.27851534798667,112.8787841796875,11204900.0,XOM
2024-10-18 04:00:00+00:00,112.96320468253,113.15078601549415,111.75328576433452,112.55989837646484,12898600.0,XOM
2024-10-21 04:00:00+00:00,113.46969497513703,113.93865551335243,112.28791241521863,112.62556457519531,10177800.0,XOM
2024-10-22 04:00:00+00:00,112.79439659692217,113.66666353018255,112.49426212288475,113.20707702636719,9201400.0,XOM
2024-10-23 04:00:00+00:00,112.52239231471867,113.25396960700846,111.98777758913998,112.80376434326172,8320300.0,XOM
2024-10-24 04:00:00+00:00,112.55052855201629,112.96321611322004,111.734534643937,112.16597747802734,9905600.0,XOM
2024-10-25 04:00:00+00:00,112.7381047732611,112.9538297583736,111.9127368441859,112.07218170166016,10714600.0,XOM
2024-10-28 04:00:00+00:00,109.53979260830751,111.62197833824767,109.52103018139191,111.51880645751953,11844500.0,XOM
2024-10-29 04:00:00+00:00,111.21868227317525,111.77205227007981,109.8024194529022,109.99938201904297,14731000.0,XOM
2024-10-30 04:00:00+00:00,110.35579131472224,110.92791655707099,109.24904421820466,109.44600677490234,12303700.0,XOM
2024-10-31 04:00:00+00:00,109.87745175842478,111.30308859706028,109.43662772273068,109.5304183959961,20512000.0,XOM
2024-11-01 04:00:00+00:00,112.48487603163163,112.50363130479639,107.71085398707507,107.81402587890625,20939300.0,XOM
2024-11-04 05:00:00+00:00,108.86449070303043,111.33122036871926,108.73318233486567,111.24681091308594,14965400.0,XOM
2024-11-05 05:00:00+00:00,111.6876339672255,111.80956112067894,110.68405878732149,111.57508087158203,10436700.0,XOM
2024-11-06 05:00:00+00:00,113.62913104901831,114.34195301556876,111.89397862302775,113.48844146728516,20807700.0,XOM
2024-11-07 05:00:00+00:00,113.76983235746506,113.95741371526445,112.18474340771083,113.62914276123047,12184400.0,XOM
2024-11-08 05:00:00+00:00,113.46969423586133,113.88237464087864,112.23163870926963,113.59162139892578,12836000.0,XOM
2024-11-11 05:00:00+00:00,113.48844527038341,114.06995888834177,112.61617842133067,112.99134826660156,11969700.0,XOM
2024-11-12 05:00:00+00:00,113.61036137108734,113.77918742723875,112.40044249463033,112.8787841796875,11972800.0,XOM
2024-11-13 05:00:00+00:00,113.08514510376084,114.47327146020531,111.42502792933136,113.92927551269531,15127900.0,XOM
2024-11-14 05:00:00+00:00,115.0451099378535,115.25314204483922,113.78742292268461,114.00491333007812,13041800.0,XOM
2024-11-15 05:00:00+00:00,113.85362196189949,114.64794608392222,112.6526702634422,112.82288360595703,19051700.0,XOM
2024-11-18 05:00:00+00:00,113.27679309369653,114.06166616294436,112.78506243229572,113.76851654052734,14239700.0,XOM
2024-11-19 05:00:00+00:00,113.2389613823231,113.2389613823231,111.77323498799754,112.17985534667969,11584400.0,XOM
2024-11-20 05:00:00+00:00,112.69050319086399,113.91982265300378,112.18932143331428,113.7779769897461,11360900.0,XOM
2024-11-21 05:00:00+00:00,114.4966554614185,115.88672996380872,113.7306917718865,115.3004379272461,14675400.0,XOM
2024-11-22 05:00:00+00:00,115.19640510081798,116.51082747137258,115.02619176864555,115.16803741455078,13323400.0,XOM
2024-11-25 05:00:00+00:00,114.82762240913345,115.25315217548572,113.10657952667614,113.44700622558594,26580300.0,XOM
2024-11-26 05:00:00+00:00,113.03092551151803,113.17277116927244,111.44227001672235,111.55574798583984,14827300.0,XOM
2024-11-27 05:00:00+00:00,111.66920925237861,112.27441782168033,111.04509851168477,111.2625961303711,11079100.0,XOM
2024-11-29 05:00:00+00:00,111.05457170481684,112.05693523028178,110.59120871907871,111.54629516601562,9426500.0,XOM
2024-12-02 05:00:00+00:00,111.6313983173192,111.7732367584099,110.46827259838726,111.44226837158203,12687300.0,XOM
2024-12-03 05:00:00+00:00,112.26496896849113,112.26496896849113,110.88435281091847,111.27205657958984,11756600.0,XOM
2024-12-04 05:00:00+00:00,111.11129930165804,111.15858359144407,107.66921367067012,108.06637573242188,19520600.0,XOM
2024-12-05 05:00:00+00:00,108.47299089652618,109.33351587031774,107.85833123161355,108.5391845703125,15751200.0,XOM
2024-12-06 05:00:00+00:00,108.31224178156593,108.5297322010772,107.32878770687353,107.39498138427734,16171100.0,XOM
2024-12-09 05:00:00+00:00,108.40679669563343,108.69048799023506,106.6195602975234,106.76140594482422,17412600.0,XOM
2024-12-10 05:00:00+00:00,107.41389090317223,107.68812391405827,105.67393868667152,106.54391479492188,20990900.0,XOM
2024-12-11 05:00:00+00:00,105.91034588725047,106.27914026451371,105.06873746584773,105.8346939086914,32392200.0,XOM
2024-12-12 05:00:00+00:00,105.52263755270522,106.26968462691676,104.75668109066488,105.7401351928711,14543300.0,XOM
2024-12-13 05:00:00+00:00,105.81578622294595,105.81578622294595,104.25549840928083,104.81341552734375,13106100.0,XOM
2024-12-16 05:00:00+00:00,104.20821345220341,104.39734340043357,102.2791384822446,102.57228088378906,20256100.0,XOM
2024-12-17 05:00:00+00:00,101.40915329273307,102.2885876958339,100.98362354250382,102.13729095458984,17554000.0,XOM
2024-12-18 05:00:00+00:00,101.72121707231194,102.9127105293603,100.52972361526359,100.63374328613281,17114500.0,XOM
2024-12-19 05:00:00+00:00,101.5510021259872,101.81577684237844,99.48953255820825,99.77322387695312,20565600.0,XOM
2024-12-20 05:00:00+00:00,99.71646298587464,100.36894857051074,99.13962936763055,100.11363220214844,40141200.0,XOM
2024-12-23 05:00:00+00:00,99.58407915819704,100.80394010458578,99.21528482726194,100.52025604248047,12285100.0,XOM
2024-12-24 05:00:00+00:00,100.7282931323388,101.3618693863983,99.95287844747496,100.61482238769531,7807000.0,XOM
2024-12-26 05:00:00+00:00,100.72829597065162,101.21056829268358,100.17983718875878,100.6999282836914,9652400.0,XOM
2024-12-27 05:00:00+00:00,100.52026974696486,102.11837632737272,100.01908079456813,100.69048309326172,11943900.0,XOM
2024-12-30 05:00:00+00:00,100.52026832757856,100.76612643520365,99.77322127463374,100.00962829589844,11080800.0,XOM
2024-12-31 05:00:00+00:00,100.39733351326339,102.03327329851932,100.02853913191474,101.7212142944336,12387800.0,XOM
2025-01-02 05:00:00+00:00,102.39260214217032,103.07345547948516,101.06872145456582,101.475341796875,12685400.0,XOM
2025-01-03 05:00:00+00:00,102.1278249661572,102.59118067046133,101.61718497557813,101.99543762207031,14237900.0,XOM
2025-01-06 05:00:00+00:00,102.35477200460056,103.81103998045609,101.67391869489471,101.8819580078125,15623700.0,XOM
2025-01-07 05:00:00+00:00,103.01671538870653,104.07581411863453,102.39259745322553,102.83704376220703,12625900.0,XOM
2025-01-08 05:00:00+00:00,101.47534865240377,101.8536013336406,100.24603645659636,101.11601257324219,17858100.0,XOM
2025-01-10 05:00:00+00:00,102.78976814712155,104.11364888576803,100.0285359189475,100.7472152709961,19304500.0,XOM
2025-01-13 05:00:00+00:00,101.30513426797638,103.66920448325739,101.30513426797638,103.34769439697266,17073400.0,XOM
2025-01-14 05:00:00+00:00,102.87487623445836,103.79213659558833,101.96707417389028,103.75431060791016,11191200.0,XOM
2025-01-15 05:00:00+00:00,104.066367283383,105.65502265772581,103.51790129608825,105.44698333740234,14521100.0,XOM
2025-01-16 05:00:00+00:00,105.14438967108975,105.61720371624861,104.53918827045199,105.26731872558594,10366600.0,XOM
2025-01-17 05:00:00+00:00,104.99309050226154,106.73305001938002,104.79450945998613,106.21295166015625,19298500.0,XOM
2025-01-21 05:00:00+00:00,105.95763045283476,106.08055950738536,105.0876471262843,105.40916442871094,20416300.0,XOM
2025-01-22 05:00:00+00:00,105.15383546657407,105.5037204396319,103.45170931838834,103.57463836669922,15718000.0,XOM
2025-01-23 05:00:00+00:00,104.31223118945626,105.09710422730271,103.65029441932653,104.16093444824219,13726800.0,XOM
2025-01-24 05:00:00+00:00,104.24604004452188,104.69048640721991,102.51554609927294,102.751953125,14235900.0,XOM
2025-01-27 05:00:00+00:00,103.08292285525904,104.44462243520285,102.49663082660562,104.17984771728516,15926700.0,XOM
2025-01-28 05:00:00+00:00,104.40680595227781,104.84179402906241,101.92925763886623,102.16566467285156,15862000.0,XOM
2025-01-29 05:00:00+00:00,101.85358869247699,102.86541034082953,101.62663999772968,102.76139068603516,12345500.0,XOM
2025-01-30 05:00:00+00:00,103.30040591752677,103.87723960382762,102.78976590598653,103.61246490478516,14346300.0,XOM
2025-01-31 05:00:00+00:00,104.53919951552557,104.53919951552557,100.33114973221831,101.0214614868164,20376500.0,XOM
2025-02-03 05:00:00+00:00,100.84177373409437,101.4658917042654,99.59354500832173,101.26730346679688,14623200.0,XOM
2025-02-04 05:00:00+00:00,100.90797096488379,104.28386290229066,100.73775762288976,103.98126220703125,14835700.0,XOM
2025-02-05 05:00:00+00:00,103.7732293986677,104.02855303499118,103.1680279701107,103.9056167602539,13364400.0,XOM
2025-02-06 05:00:00+00:00,104.74722061888653,105.01200254499247,102.11837567639213,102.53445434570312,13411400.0,XOM
2025-02-07 05:00:00+00:00,102.86541698399573,103.76376795027561,102.43042895156763,102.96943664550781,10051600.0,XOM
2025-02-10 05:00:00+00:00,104.02853831762641,104.99307570337871,103.90560206028147,104.93634033203125,12142200.0,XOM
2025-02-11 05:00:00+00:00,105.5320958105176,106.39262085505797,104.79450703780869,105.5982894897461,12713100.0,XOM
2025-02-12 05:00:00+00:00,104.9972107308782,105.1689465732232,102.25898015546105,102.42117309570312,18244100.0,XOM
2025-02-13 05:00:00+00:00,102.23036646446549,103.43251745185245,101.62928733122097,103.16536712646484,15460000.0,XOM
2025-02-14 05:00:00+00:00,103.53746012355337,105.16895438659107,103.13674555467838,103.27031707763672,15733500.0,XOM
2025-02-18 05:00:00+00:00,103.64240396169457,105.89404846866529,103.34663950429557,105.08307647705078,20060300.0,XOM
2025-02-19 05:00:00+00:00,105.67461956478333,106.9817133714116,105.00675466763045,105.2357406616211,10964700.0,XOM
2025-02-20 05:00:00+00:00,105.49334490610481,107.25840349021331,104.90180865062472,106.8576889038086,16325800.0,XOM
2025-02-21 05:00:00+00:00,106.20891339170564,106.71457809348759,105.48380558281505,105.60784149169922,14710000.0,XOM
2025-02-24 05:00:00+00:00,105.8368079554729,106.72410862640626,105.2548146509305,106.16119384765625,13153500.0,XOM
2025-02-25 05:00:00+00:00,106.18982523150925,106.9817114561347,103.89047338362401,104.69190979003906,14497000.0,XOM
2025-02-26 05:00:00+00:00,104.70143867955275,104.82547456920835,103.5374521159937,104.43429565429688,10446400.0,XOM
2025-02-27 05:00:00+00:00,104.95904933284419,106.18027878846979,104.26256304190991,105.09262084960938,15293200.0,XOM
2025-02-28 05:00:00+00:00,105.05445820591811,106.4569664335721,104.31980757281275,106.21844482421875,18821700.0,XOM
2025-03-03 05:00:00+00:00,106.57145850890615,107.01034470192397,101.61975455294244,102.81236267089844,18706900.0,XOM
2025-03-04 05:00:00+00:00,101.47663286516655,103.95725611727569,101.07591831317775,102.60245513916016,19394900.0,XOM
2025-03-05 05:00:00+00:00,100.9805057073238,101.44801330569057,98.91013987147753,100.598876953125,24822200.0,XOM
2025-03-06 05:00:00+00:00,100.58933555909215,103.14628755772134,99.5684633401862,102.67878723144531,17150200.0,XOM
2025-03-07 05:00:00+00:00,103.43250984392478,105.33113973674594,103.32755975787472,104.01449584960938,19625000.0,XOM
2025-03-10 04:00:00+00:00,104.26256813965618,107.40151349531523,104.07175375754828,106.6668701171875,22749100.0,XOM
2025-03-11 04:00:00+00:00,106.78136006494765,106.9530959272889,103.79507191995499,104.14808654785156,19904700.0,XOM
2025-03-12 04:00:00+00:00,104.04313204500157,105.07353989632306,103.44205291270346,104.11945343017578,14051500.0,XOM
2025-03-13 04:00:00+00:00,103.35617900603847,105.73185204750833,102.68831417442793,103.6805648803711,17767800.0,XOM
2025-03-14 04:00:00+00:00,103.93817323688383,107.02941108987302,103.33709415498213,106.76226806640625,15890100.0,XOM
2025-03-17 04:00:00+00:00,106.66687935535609,109.24291013242727,106.60009358792396,108.5368881225586,19908800.0,XOM
2025-03-18 04:00:00+00:00,108.85171451087875,109.28105776082005,107.40150637730544,108.42237854003906,15998700.0,XOM
2025-03-19 04:00:00+00:00,108.9566711061102,110.5022937958405,108.6036637736097,110.11112213134766,17315000.0,XOM
2025-03-20 04:00:00+00:00,109.45279860950036,111.12244989548778,108.96621248229262,110.57862091064453,16230800.0,XOM
2025-03-21 04:00:00+00:00,110.19698333740234,110.66448365280644,109.09978248038706,110.19698333740234,41102800.0,XOM
2025-03-24 04:00:00+00:00,110.36871471450111,111.54224418581119,110.27330753060552,110.48320770263672,14207500.0,XOM
2025-03-25 04:00:00+00:00,111.08428080697632,112.23872448750056,110.63585903042939,111.23693084716797,12081800.0,XOM
2025-03-26 04:00:00+00:00,112.27689047838969,113.70802011197941,112.27689047838969,112.83979797363281,14110800.0,XOM
2025-03-27 04:00:00+00:00,112.6776064231976,113.60307142902788,111.87617731243849,112.47724914550781,12740800.0,XOM
2025-03-28 04:00:00+00:00,112.67760754527073,113.02107924733124,111.8570926213597,112.32460021972656,10233400.0,XOM
2025-03-31 04:00:00+00:00,112.3818397493789,114.40450557061007,112.3818397493789,113.46949768066406,21652300.0,XOM
2025-04-01 04:00:00+00:00,113.74619111850504,113.80343397789585,112.51541868788759,113.57445526123047,12425400.0,XOM
2025-04-02 04:00:00+00:00,112.95428489821445,113.38362085359178,112.25780592357113,113.22142791748047,12614600.0,XOM
2025-04-03 04:00:00+00:00,109.11888221644412,110.14929016656477,107.07713756544744,107.26795196533203,21204600.0,XOM
2025-04-04 04:00:00+00:00,104.82548166369767,105.7414037890358,99.06279858923106,99.54937744140625,30841300.0,XOM
2025-04-07 04:00:00+00:00,95.78073040169923,100.94234117352013,93.9393434106729,98.21365356445312,35068500.0,XOM
2025-04-08 04:00:00+00:00,100.61794742121282,100.7515189303057,94.46409326381439,96.14328002929688,27147800.0,XOM
2025-04-09 04:00:00+00:00,94.80756878383878,101.68653089754434,93.62449639945632,100.94234466552734,30063300.0,XOM
2025-04-10 04:00:00+00:00,98.94831139419692,99.01509715894584,93.30966388724607,95.34186553955078,33999300.0,XOM
2025-04-11 04:00:00+00:00,95.69487042395652,99.1582014931081,94.254197897836,98.40447235107422,22884600.0,XOM
2025-04-14 04:00:00+00:00,100.20769119105789,100.26493404446794,98.00375398555458,98.64299011230469,18020000.0,XOM
2025-04-15 04:00:00+00:00,98.8815253380406,100.5702625374473,98.27091055382078,98.36631774902344,13164900.0,XOM
2025-04-16 04:00:00+00:00,99.1772792797317,100.74198040778214,98.93875767753985,99.40626525878906,13607000.0,XOM
2025-04-17 04:00:00+00:00,99.88330903611559,103.56608317741076,99.66386595803561,102.01091766357422,17916500.0,XOM
2025-04-21 04:00:00+00:00,100.76107263792318,100.78015116451047,99.33948583635168,100.51300811767578,16926500.0,XOM
2025-04-22 04:00:00+00:00,101.2667377762235,103.93818281528044,101.2667377762235,103.32756805419922,13147000.0,XOM
2025-04-23 04:00:00+00:00,103.81414133992091,104.2816489280658,101.58158260444385,102.44026184082031,14235700.0,XOM
2025-04-24 04:00:00+00:00,103.01271699530272,103.88093189504404,102.04908762559026,103.64241027832031,9849600.0,XOM
2025-04-25 04:00:00+00:00,103.17490946115805,103.7664456883202,102.48796604357672,103.58516693115234,11245800.0,XOM
2025-04-28 04:00:00+00:00,103.75690327482445,104.23394650827191,102.73603104641096,103.64241027832031,13890900.0,XOM
2025-04-29 04:00:00+00:00,102.79327516417018,103.83323321095662,102.58337497422602,103.38481140136719,9483100.0,XOM
2025-04-30 04:00:00+00:00,102.48795926603573,102.48795926603573,99.3680999431229,100.78014373779297,20379300.0,XOM
2025-05-01 04:00:00+00:00,100.27448447242551,102.01092152083714,100.1599987570128,100.92326354980469,18610300.0,XOM
2025-05-02 04:00:00+00:00,102.7741992690237,103.99542882822168,99.74974680146273,101.33352661132812,16581900.0,XOM
2025-05-05 04:00:00+00:00,99.84515509463252,99.85469799791629,98.33769665630227,98.52851104736328,19624000.0,XOM
2025-05-06 04:00:00+00:00,99.1200465121155,101.11409109450916,98.72887482984358,99.90239715576172,16303400.0,XOM
2025-05-07 04:00:00+00:00,100.16954183477145,100.45577070280711,99.29178398214573,99.80699157714844,12332200.0,XOM
2025-05-08 04:00:00+00:00,100.50346484879086,102.45934501601036,100.50346484879086,101.199951171875,19196500.0,XOM
2025-05-09 04:00:00+00:00,102.22082553800055,102.80281887684731,101.49571777041895,102.38301849365234,10992100.0,XOM
2025-05-12 04:00:00+00:00,105.20711587333653,105.3693161115661,103.34665009722491,104.14808654785156,14244600.0,XOM
2025-05-13 04:00:00+00:00,104.30072414166894,105.43608927810794,104.01449531226534,104.43429565429688,13350800.0,XOM
2025-05-14 04:00:00+00:00,103.8618483150062,103.8618483150062,102.97454765280234,103.49929809570312,15494900.0,XOM
2025-05-15 04:00:00+00:00,102.53642575423892,104.6162366244776,102.03573462592806,104.54883575439453,15004300.0,XOM
2025-05-16 04:00:00+00:00,104.61623035246984,104.8473179865941,103.4607774895616,104.17330932617188,14042500.0,XOM
2025-05-19 04:00:00+00:00,103.57632576040372,103.57632576040372,101.7950108477382,102.51716613769531,16802700.0,XOM
2025-05-20 04:00:00+00:00,102.44013703873874,102.75788713734026,100.88990972317289,101.05359649658203,12429300.0,XOM
2025-05-21 04:00:00+00:00,100.64919604467941,101.07286286284078,99.79223895968505,99.8115005493164,16716100.0,XOM
2025-05-22 04:00:00+00:00,99.23377273169237,99.62855452083215,98.1072121345256,99.1471176147461,13417400.0,XOM
2025-05-23 04:00:00+00:00,98.79084376076683,99.62854655498961,98.28052185650168,99.20487976074219,12061600.0,XOM
2025-05-27 04:00:00+00:00,99.6477964831327,100.00406239433833,99.07970453011797,99.67668151855469,13043600.0,XOM
2025-05-28 04:00:00+00:00,100.41811123496409,100.55291298162369,98.01092669297955,98.31904602050781,14292400.0,XOM
2025-05-29 04:00:00+00:00,98.48272829783883,99.03156605444025,97.97240637368327,98.87751007080078,13825300.0,XOM
2025-05-30 04:00:00+00:00,98.36718952958898,98.58864638658616,97.43320078154211,98.50199127197266,28645800.0,XOM
2025-06-02 04:00:00+00:00,99.89815267598877,99.99443858283324,98.42495699745116,99.2241439819336,17290500.0,XOM
2025-06-03 04:00:00+00:00,99.07970886064179,100.77436869218675,98.41532363232409,99.94629669189453,19194300.0,XOM
2025-06-04 04:00:00+00:00,100.06184210416772,101.02471589041909,98.50199127197266,98.50199127197266,15648500.0,XOM
2025-06-05 04:00:00+00:00,99.15675250491503,99.22415338070493,97.95316018999209,98.04944610595703,13924800.0,XOM
2025-06-06 04:00:00+00:00,98.94490027763281,100.62029840467576,98.86786862104293,100.39883422851562,15487800.0,XOM
2025-06-09 04:00:00+00:00,100.45661451036285,101.92017929661513,99.97517766215387,101.0728530883789,17087300.0,XOM
2025-06-10 04:00:00+00:00,102.1416434220443,103.65335483073046,101.99721089843361,103.23931884765625,17634800.0,XOM
2025-06-11 04:00:00+00:00,103.7592819023642,105.32876353900765,102.50754303407103,105.2517318725586,22648200.0,XOM
2025-06-12 04:00:00+00:00,104.87620285765611,106.09905658468342,104.20219419829387,105.65613555908203,17469400.0,XOM
2025-06-13 04:00:00+00:00,108.17886193405955,108.35217949904542,106.57086457044517,107.95740509033203,28540200.0,XOM
2025-06-16 04:00:00+00:00,107.6685464062479,108.95880109887848,107.00416114345298,108.30404663085938,22986100.0,XOM
2025-06-17 04:00:00+00:00,109.71946964216757,110.66308922487926,108.91065915368125,109.76761627197266,19451700.0,XOM
2025-06-18 04:00:00+00:00,110.35496516988461,110.9615730102809,108.74696771079476,108.98768615722656,17968900.0,XOM
2025-06-20 04:00:00+00:00,109.23802764537137,110.76900077896947,108.9780549564968,110.44161987304688,36273300.0,XOM
2025-06-23 04:00:00+00:00,112.36736767540006,112.60808612144518,107.03305337564711,107.59151458740234,26631100.0,XOM
2025-06-24 04:00:00+00:00,105.19396005659019,106.82121908923851,103.9037127225486,104.31774139404297,24828300.0,XOM
2025-06-25 04:00:00+00:00,104.09628467206528,105.18432939601642,103.70150289714556,104.34663391113281,17483200.0,XOM
2025-06-26 04:00:00+00:00,104.89547343554061,106.33978412607817,104.51995324369237,105.90648651123047,18304800.0,XOM
2025-06-27 04:00:00+00:00,105.85835191696557,106.01240791078341,104.34664028777212,105.31913757324219,22002100.0,XOM
2025-06-30 04:00:00+00:00,104.606608619303,104.79918044006295,103.72076648997667,103.79779815673828,19199000.0,XOM
2025-07-01 04:00:00+00:00,104.11553572393119,105.56947714029376,103.17192356475611,105.184326171875,15536900.0,XOM
2025-07-02 04:00:00+00:00,105.91611128843948,107.22562016115167,104.78955077690054,106.92713165283203,11892200.0,XOM
2025-07-03 04:00:00+00:00,106.74419170117382,108.2944191307624,106.51310404253191,108.03443908691406,11223600.0,XOM
2025-07-07 04:00:00+00:00,107.39893742867832,107.89000509111263,106.12794439060524,106.98490142822266,15415900.0,XOM
2025-07-08 04:00:00+00:00,106.77306022858359,110.21051892214973,106.73454440040875,109.95054626464844,17913400.0,XOM
2025-07-09 04:00:00+00:00,109.69058288049658,110.02758724540793,109.06471343357883,109.57504272460938,10652100.0,XOM
2025-07-10 04:00:00+00:00,109.48837117973027,110.99045185082323,108.87213257896681,110.66307830810547,14901700.0,XOM
2025-07-11 04:00:00+00:00,110.58604745949337,111.46226608816855,110.25867391436879,111.14451599121094,11683900.0,XOM
2025-07-14 04:00:00+00:00,110.95195195730648,110.95195195730648,109.0165735492861,109.69058227539062,13220300.0,XOM
2025-07-15 04:00:00+00:00,109.44022624554029,109.82536984150762,108.41957514702587,108.71807098388672,10959300.0,XOM
2025-07-16 04:00:00+00:00,108.68919370750022,109.28617811804331,107.93815330638925,108.0633316040039,11158900.0,XOM
2025-07-17 04:00:00+00:00,107.3508017147307,108.06333364124069,106.96565071183369,107.51449584960938,13151400.0,XOM
2025-07-18 04:00:00+00:00,106.98490793447233,107.58189233189675,103.35486961401331,103.76890563964844,32366600.0,XOM
2025-07-21 04:00:00+00:00,103.6052155819203,104.73177612321237,103.45115959960856,104.03851318359375,17010400.0,XOM
2025-07-22 04:00:00+00:00,103.97110800643856,105.37690276270683,103.61484208375289,104.51031494140625,13970900.0,XOM
2025-07-23 04:00:00+00:00,104.88583537941356,105.91610997349179,104.80880371817658,105.84870910644531,12002700.0,XOM
2025-07-24 04:00:00+00:00,105.58873603781592,106.83083667643824,105.07840679363585,106.6767807006836,15647200.0,XOM
2025-07-25 04:00:00+00:00,106.61900434554494,106.85972276221892,105.62723829808792,106.30125427246094,10548900.0,XOM
2025-07-28 04:00:00+00:00,106.87899885969856,107.9477894359871,106.724935515373,107.30266571044922,12353000.0,XOM
2025-07-29 04:00:00+00:00,107.74557393641399,108.8047335906339,107.2737678565253,108.6891860961914,15928000.0,XOM
2025-07-30 04:00:00+00:00,108.23664262449778,108.42921443757189,107.12933633396219,107.74557495117188,12996900.0,XOM
2025-07-31 04:00:00+00:00,106.26275432622472,108.32330369323108,106.26275432622472,107.49523162841797,17233700.0,XOM
2025-08-01 04:00:00+00:00,107.84186360975019,108.36181633369162,104.8184405212398,105.5694808959961,19652000.0,XOM
2025-08-04 04:00:00+00:00,105.16507353667451,105.83908223210184,103.11414772060712,103.38375854492188,19129500.0,XOM
2025-08-05 04:00:00+00:00,103.23932882537225,103.81705162950657,102.13202249886415,103.25858306884766,21314300.0,XOM
2025-08-06 04:00:00+00:00,104.28885532310031,105.00138719969958,102.42088521103375,102.5556869506836,15321800.0,XOM
2025-08-07 04:00:00+00:00,103.16229398716435,104.04813608267548,101.95870178799905,102.01647186279297,13468300.0,XOM
2025-08-08 04:00:00+00:00,102.54605771765384,103.51856229377444,102.01647419943372,102.83492279052734,14417700.0,XOM
2025-08-11 04:00:00+00:00,103.13340955581646,103.53781477403791,101.61206724405704,101.90093231201172,13570700.0,XOM
2025-08-12 04:00:00+00:00,102.39198378057428,103.29708739209165,101.85277686961578,102.18978118896484,14109400.0,XOM
2025-08-13 04:00:00+00:00,102.06462792130124,103.605224609375,101.8142786638191,103.605224609375,17958700.0,XOM
2025-08-14 04:00:00+00:00,103.55707332974849,103.59558181461352,102.48828289422498,103.39337921142578,13683500.0,XOM
2025-08-15 04:00:00+00:00,103.19901679512692,104.53042413910818,102.96577138265387,103.49056243896484,19271900.0,XOM
2025-08-18 04:00:00+00:00,103.11154890699076,104.20972567810239,102.6936601404045,103.7140884399414,13040000.0,XOM
2025-08-19 04:00:00+00:00,103.20873276921256,104.43324526924799,103.16014553442298,104.39437103271484,16113600.0,XOM
2025-08-20 04:00:00+00:00,104.84141301967696,106.25057628140125,104.64704925264721,105.47310638427734,18959700.0,XOM
2025-08-21 04:00:00+00:00,105.36620628024141,106.48381650017089,104.91916367517014,106.15339660644531,12194900.0,XOM
2025-08-22 04:00:00+00:00,106.51296434690045,108.27198825876137,106.51296434690045,108.14564514160156,13586700.0,XOM
2025-08-25 04:00:00+00:00,107.77635281058514,108.76761986699798,107.42649210490949,108.59268951416016,9744900.0,XOM
2025-08-26 04:00:00+00:00,108.23311615272006,108.66071791639624,107.25156209122048,108.3497314453125,18143900.0,XOM
2025-08-27 04:00:00+00:00,108.28170867190343,109.7977742801282,108.28170867190343,109.57424926757812,15262600.0,XOM
2025-08-28 04:00:00+00:00,109.69087260799938,110.44890170919774,108.91340268064054,110.1573486328125,14189800.0,XOM
2025-08-29 04:00:00+00:00,110.51692455840193,111.5567862738525,110.38086843970763,111.07086944580078,14597900.0,XOM
2025-09-02 04:00:00+00:00,110.96397271980189,111.99411407433402,110.13791555355427,111.45960998535156,15206700.0,XOM
2025-09-03 04:00:00+00:00,110.75988670859203,111.20692931573902,108.3205820734289,108.7579116821289,14920100.0,XOM
2025-09-04 04:00:00+00:00,108.95226770233171,109.94353473208668,108.2428258975398,109.23410034179688,12864400.0,XOM
2025-09-05 04:00:00+00:00,108.45663769312769,108.63156805289493,105.9493050079647,106.15339660644531,16826700.0,XOM
2025-09-08 04:00:00+00:00,106.63931274347881,106.95029922384167,105.29817752263065,106.75592803955078,15440500.0,XOM
2025-09-09 04:00:00+00:00,107.41677115372212,109.34100502528872,107.41677115372212,107.53339385986328,14899500.0,XOM
2025-09-10 04:00:00+00:00,108.02903006178224,109.38959121459888,107.71803618170735,109.33128356933594,15837600.0,XOM
2025-09-11 04:00:00+00:00,108.2622676158315,109.59367494058706,107.74719697943684,108.9814224243164,11534500.0,XOM
2025-09-12 04:00:00+00:00,109.68115036518988,110.03101108521462,108.72875009078862,109.00086975097656,11105700.0,XOM
2025-09-15 04:00:00+00:00,109.02029878756257,109.29241102232862,108.18452125820836,109.18550872802734,12880500.0,XOM
2025-09-16 04:00:00+00:00,109.77832745457134,112.07185544585985,109.60339710220181,111.44988250732422,17208000.0,XOM
2025-09-17 04:00:00+00:00,111.30411365469479,112.23707312684543,110.83763762587085,112.04270935058594,13302000.0,XOM
2025-09-18 04:00:00+00:00,111.92608766597893,112.10101803202316,110.20594524529633,110.72101593017578,14628700.0,XOM
2025-09-19 04:00:00+00:00,110.69186278129207,110.76961125878745,109.46735021150015,109.64228057861328,38746500.0,XOM
2025-09-22 04:00:00+00:00,109.2826959138657,109.62284363833473,108.41776451945006,108.86480712890625,15611500.0,XOM
2025-09-23 04:00:00+00:00,109.54509669000579,111.51791792980742,109.31185867627873,110.74044799804688,25369100.0,XOM
2025-09-24 04:00:00+00:00,111.34297999499384,112.49946440086293,111.24579811375746,111.33325958251953,14756100.0,XOM
2025-09-25 04:00:00+00:00,111.41101237450077,112.63552488617954,111.18749478043796,112.3342514038086,15012600.0,XOM
2025-09-26 04:00:00+00:00,112.69383010504892,115.02623236742072,112.6549558689841,113.91834259033203,18568900.0,XOM
2025-09-29 04:00:00+00:00,112.7910162029508,113.21862540114104,110.46833426642237,111.00284576416016,19189300.0,XOM
2025-09-30 04:00:00+00:00,110.15734800250948,110.29340412684338,108.78706634614592,109.57424926757812,18076200.0,XOM
2025-10-01 04:00:00+00:00,109.38959246283336,109.83663504878889,108.15536699883687,108.83564758300781,16614000.0,XOM
2025-10-02 04:00:00+00:00,108.8162121516571,109.90466106611652,107.90268617173395,108.15536499023438,13062600.0,XOM
2025-10-03 04:00:00+00:00,108.74819084896897,110.54608168355931,108.74819084896897,110.06988525390625,12950100.0,XOM
2025-10-06 04:00:00+00:00,110.09903368290979,111.53734331429891,109.99213138962384,110.9833984375,12036800.0,XOM
2025-10-07 04:00:00+00:00,110.85705914211792,111.28466830140734,108.5926850606109,111.04170989990234,11945000.0,XOM
2025-10-08 04:00:00+00:00,111.1583323936962,111.77059235046264,110.2156599629254,110.8084716796875,12301000.0,XOM
2025-10-09 04:00:00+00:00,111.20692788321571,112.2565100331723,109.56452659751527,109.72974395751953,10976200.0,XOM
2025-10-10 04:00:00+00:00,109.09804934109887,109.44791005376213,107.59170419410415,107.61114501953125,13811600.0,XOM
2025-10-13 04:00:00+00:00,108.39833265162953,109.13692834557659,108.18452804960516,109.07861328125,10296500.0,XOM
2025-10-14 04:00:00+00:00,107.64029302443528,109.77832400668812,107.59169837799688,109.127197265625,11167200.0,XOM
2025-10-15 04:00:00+00:00,109.62283878732902,110.37114743614104,107.84438142670133,108.46635437011719,12182900.0,XOM
2025-10-16 04:00:00+00:00,108.72874565633255,109.0300191284848,107.28071559970572,107.52367401123047,11782200.0,XOM
2025-10-17 04:00:00+00:00,108.48579412636526,109.72974750046133,108.04847192368108,109.07861328125,13460100.0,XOM
2025-10-20 04:00:00+00:00,108.84536943126957,109.96297961815183,108.8259360205379,109.52565002441406,9523600.0,XOM
2025-10-21 04:00:00+00:00,109.71030022674081,110.16706322885845,108.83564845827111,109.53536987304688,9202300.0,XOM
2025-10-22 04:00:00+00:00,110.25452952377394,111.93580507533065,109.89495580258458,111.47904205322266,12938800.0,XOM
2025-10-23 04:00:00+00:00,113.34495804742382,113.5587626407378,112.11073255125102,112.71327209472656,15001100.0,XOM
2025-10-24 04:00:00+00:00,113.07284436855093,113.18946707646688,111.93580077075434,112.13988494873047,9919400.0,XOM
2025-10-27 04:00:00+00:00,112.44115490567556,112.72298756536166,111.85805617489514,112.67440032958984,10975400.0,XOM
2025-10-28 04:00:00+00:00,112.23706639389255,112.90763398641612,111.7511495678905,111.79002380371094,9535200.0,XOM
2025-10-29 04:00:00+00:00,111.68312434748483,113.7531348241486,111.57622204988705,113.17002868652344,12570600.0,XOM
2025-10-30 04:00:00+00:00,113.15059855578234,113.23806003026024,111.30411303360941,111.45960998535156,16172900.0,XOM
2025-10-31 04:00:00+00:00,110.76960662593272,111.98439873160424,109.44791222180191,111.13890075683594,20213400.0,XOM
2025-11-03 05:00:00+00:00,111.27494855892905,111.75114495268399,110.43917105956209,110.55579376220703,12290300.0,XOM
2025-11-04 05:00:00+00:00,110.18649893854,111.12917878564296,109.34100839013,110.92509460449219,16860700.0,XOM
2025-11-05 05:00:00+00:00,110.87649051815787,111.93579298483091,110.4683221905966,110.47804260253906,12400900.0,XOM
2025-11-06 05:00:00+00:00,110.43917819613684,111.70256493900654,110.43917819613684,111.27495574951172,14219700.0,XOM
2025-11-07 05:00:00+00:00,111.96495486146412,114.2001752409251,111.66368880008984,113.91834259033203,17181100.0,XOM
2025-11-10 05:00:00+00:00,114.13214580783787,115.11369245227725,112.20791192555146,114.89017486572266,13048000.0,XOM
2025-11-11 05:00:00+00:00,115.48300329784361,117.4072299208323,115.48300329784361,116.40624237060547,16077100.0,XOM
2025-11-12 05:00:00+00:00,115.74539214107791,115.92032250358848,114.472292367225,114.79299926757812,13790900.0,XOM
2025-11-13 05:00:00+00:00,115.28861774948975,116.38679446706422,114.9484774710604,115.4441146850586,17291900.0,XOM
2025-11-14 05:00:00+00:00,116.12054640396673,117.13029659441288,114.36575532080614,116.94403076171875,17064300.0,XOM
2025-11-17 05:00:00+00:00,116.63031603758692,117.14989176671764,114.80689452973157,115.36568450927734,16034900.0,XOM
2025-11-18 05:00:00+00:00,114.9539526464096,117.13029505260532,114.18929341814709,116.68914031982422,15808500.0,XOM
2025-11-19 05:00:00+00:00,114.55201596702355,115.85586186327224,113.65011056424346,115.04218292236328,15919200.0,XOM
2025-11-20 05:00:00+00:00,115.65979317287263,116.66953586139736,114.44417378999563,114.71866607666016,14401000.0,XOM
2025-11-21 05:00:00+00:00,114.68926239644966,115.07159202420067,113.3756185430189,114.77749633789062,15667600.0,XOM
2025-11-24 05:00:00+00:00,114.89512993221705,114.89512993221705,112.48350943901481,113.68932342529297,18034900.0,XOM
2025-11-25 05:00:00+00:00,112.91485565149314,113.62069723587572,111.94432721264401,112.2580337524414,14434600.0,XOM
2025-11-26 05:00:00+00:00,112.160003247741,113.46384162902656,112.06196387586725,112.5129165649414,11650600.0,XOM
2025-11-28 05:00:00+00:00,112.68937191455296,116.40483806561917,112.5619312079222,113.64029693603516,7240800.0,XOM
2025-12-01 05:00:00+00:00,113.81676607945676,115.10100859456215,113.81676607945676,114.33634185791016,12658100.0,XOM
2025-12-02 05:00:00+00:00,114.15008279695115,114.3069323331814,112.43449845560603,113.11092376708984,14607700.0,XOM
2025-12-03 05:00:00+00:00,113.66971368830343,115.65979780503157,113.60109061388896,115.48333740234375,16819100.0,XOM
2025-12-04 05:00:00+00:00,115.1892321392773,116.01270901724688,114.36575526130771,114.83631134033203,13686900.0,XOM
2025-12-05 05:00:00+00:00,114.4539847645169,116.44406141854374,114.12067482295866,114.24811553955078,12516900.0,XOM
2025-12-08 05:00:00+00:00,113.55207561874306,114.69906446838193,112.77761095258792,113.69912719726562,14904200.0,XOM
2025-12-09 05:00:00+00:00,114.60103497720259,118.10082671847627,114.59122954393455,115.92448425292969,23790800.0,XOM
2025-12-10 05:00:00+00:00,116.39504935161389,117.51262941956048,116.04212854285664,117.18911743164062,19845200.0,XOM
2025-12-11 05:00:00+00:00,116.76757354781135,117.99299094506455,116.72835929357674,117.18911743164062,14781800.0,XOM
2025-12-12 05:00:00+00:00,117.09107842247377,117.56163448599445,115.98329637586768,116.48326873779297,14459500.0,XOM
2025-12-15 05:00:00+00:00,116.66953969111152,116.68914307822224,114.55201487415584,115.44412231445312,16358700.0,XOM
2025-12-16 05:00:00+00:00,114.47358447642657,114.54220754921194,112.35606717379666,112.42469024658203,17638700.0,XOM
2025-12-17 05:00:00+00:00,112.94426650972589,115.30687477346801,112.90505225662412,115.10100555419922,18502200.0,XOM
2025-12-18 05:00:00+00:00,114.68926281028475,114.68926281028475,113.35600808534332,114.24811553955078,13705600.0,XOM
2025-12-19 05:00:00+00:00,114.45398212999562,115.25785562394006,113.67951745617594,114.3951644897461,45412800.0,XOM
2025-12-22 05:00:00+00:00,115.03237102421896,116.13034763504118,115.03237102421896,115.82644653320312,11768600.0,XOM
2025-12-23 05:00:00+00:00,116.14015795769345,117.66947644340163,115.99310637729363,117.07147216796875,12567600.0,XOM
2025-12-24 05:00:00+00:00,116.9832416812017,117.68908325934501,116.77737246746888,116.87540435791016,6137400.0,XOM
2025-12-26 05:00:00+00:00,116.55188822732707,117.19891214397869,116.19896745085411,116.76756286621094,8066100.0,XOM
2025-12-29 05:00:00+00:00,117.787120887003,118.9145063803753,117.05187045384986,118.1596450805664,14782500.0,XOM
2025-12-30 05:00:00+00:00,118.71843302977904,119.40467124297325,118.2576749030489,118.610595703125,11150500.0,XOM
2025-12-31 05:00:00+00:00,118.79685774677961,118.87528625081782,117.51262278040748,117.97337341308594,10559900.0,XOM
2026-01-02 05:00:00+00:00,117.72829333996988,120.26736200605848,117.25773726088853,120.23795318603516,14175100.0,XOM
2026-01-05 05:00:00+00:00,122.74760174540302,123.45344332148551,119.98306055864913,122.8946533203125,30112200.0,XOM
2026-01-06 05:00:00+00:00,122.8848495018372,123.32600423236111,118.62039864956253,118.66941833496094,23328600.0,XOM
2026-01-07 05:00:00+00:00,117.44400199217434,117.75770853507144,115.94408487086373,116.15975952148438,20353000.0,XOM
2026-01-08 05:00:00+00:00,116.64013108932252,121.19867775555002,116.32642453948432,120.49284362792969,20232700.0,XOM
2026-01-09 05:00:00+00:00,120.80655047223998,122.40449204572425,120.67910227773142,122.15940856933594,16137700.0,XOM
2026-01-12 05:00:00+00:00,122.01235656019075,122.051570813798,120.14972065029409,121.59081268310547,15314900.0,XOM
2026-01-13 05:00:00+00:00,122.54173753279225,124.63965148100533,122.35547169834909,124.05145263671875,21619700.0,XOM
2026-01-14 05:00:00+00:00,124.84551533233555,129.1295769847715,124.62984068685839,127.63946533203125,27593900.0,XOM
2026-01-15 05:00:00+00:00,126.59052276611328,127.63947227278497,125.77684382460471,126.59052276611328,17400000.0,XOM
2026-01-16 05:00:00+00:00,126.37483309964092,127.60025034335311,126.33561137096643,127.33555603027344,16592400.0,XOM
2026-01-20 05:00:00+00:00,128.92370969178984,129.34526106003074,127.51204139853334,127.89437103271484,16477300.0,XOM
2026-01-21 05:00:00+00:00,129.31585712353169,131.10005716420434,129.31585712353169,130.982421875,18879900.0,XOM
2026-01-22 05:00:00+00:00,130.4334321339966,131.54119930090036,129.2570344119412,131.01182556152344,16600100.0,XOM
2026-01-23 05:00:00+00:00,132.43329384244976,133.30579035502723,131.83528960627595,132.31565856933594,17758200.0,XOM
2026-01-26 05:00:00+00:00,134.2371113879926,134.24692430039343,131.53139525667265,132.18821716308594,16056100.0,XOM
2026-01-27 05:00:00+00:00,132.59015456841982,134.23710827308267,132.0607808658375,134.1390838623047,14517000.0,XOM
2026-01-28 05:00:00+00:00,134.98218120270877,135.2958802817515,133.98223640576208,134.8743438720703,15637300.0,XOM
2026-01-29 05:00:00+00:00,137.56045323507496,139.54071684501432,136.3742426928216,137.7467041015625,35760600.0,XOM
2026-01-30 05:00:00+00:00,136.0115249641907,139.413284651152,135.1194175625329,138.61920166015625,29657700.0,XOM
2026-02-02 05:00:00+00:00,137.0800926697375,137.5604616716114,135.34489745756886,135.67820739746094,27735600.0,XOM
2026-02-03 05:00:00+00:00,135.9135003144931,142.15822288499697,135.58998831098552,140.9033966064453,37577800.0,XOM
2026-02-04 05:00:00+00:00,141.28570982267485,144.9325529451777,141.28570982267485,144.68746948242188,29426200.0,XOM
2026-02-05 05:00:00+00:00,143.69733549717404,143.8443795891129,140.9720086293876,143.20716857910156,18431700.0,XOM
2026-02-06 05:00:00+00:00,143.73655519939692,146.62855224315575,143.2169794161954,146.1187744140625,17216000.0,XOM
2026-02-09 05:00:00+00:00,146.32463450957823,148.56960754784373,145.7070343161397,148.23629760742188,21297300.0,XOM
2026-02-10 05:00:00+00:00,148.3735398653639,148.79507625683397,146.87363021409703,148.6088104248047,15800300.0,XOM
2026-02-11 05:00:00+00:00,150.94200517912682,153.8437850193578,150.54987761975752,152.500732421875,23091500.0,XOM
2026-02-12 05:00:00+00:00,151.86914039995418,153.2112816986525,147.9118045030338,147.9611358642578,30652500.0,XOM
2026-02-13 05:00:00+00:00,148.573009056918,149.66843335045488,146.0367505798841,146.50057983398438,20166000.0,XOM
2026-02-17 05:00:00+00:00,146.25386332053407,147.17165857121253,143.24391231753378,144.270263671875,19766600.0,XOM
2026-02-18 05:00:00+00:00,146.20451859059764,148.99735741858277,145.67161638544218,148.7012939453125,19849700.0,XOM
2026-02-19 05:00:00+00:00,150.20133141726754,151.36584368014013,148.85919011306916,148.98748779296875,20305000.0,XOM
2026-02-20 05:00:00+00:00,148.51380081276685,148.8295908063359,144.53672317214324,145.345947265625,25908600.0,XOM
2026-02-23 05:00:00+00:00,146.2045163413988,149.28355533426253,146.18478981965436,148.78024291992188,16073100.0,XOM
2026-02-24 05:00:00+00:00,148.44471274188743,148.7407762133805,146.08609834773506,147.29994201660156,14185500.0,XOM
2026-02-25 05:00:00+00:00,147.94141356259428,148.20785713109032,145.39529183251534,147.10256958007812,15225700.0,XOM
2026-02-26 05:00:00+00:00,145.86899164872443,148.97763562919565,144.8426553083189,146.5894012451172,15632100.0,XOM
2026-02-27 05:00:00+00:00,149.01708854300077,151.63228308015854,147.29006930491963,150.4973907470703,30275100.0,XOM
2026-03-02 05:00:00+00:00,157.25744744344775,157.5140277442215,151.0204334392882,152.19480895996094,31493100.0,XOM
2026-03-03 05:00:00+00:00,153.388913296314,154.00078180487054,148.32628979550924,149.83619689941406,25198900.0,XOM
2026-03-04 05:00:00+00:00,148.74077544915835,149.1749998639953,145.9183318111316,147.85260009765625,16764800.0,XOM
2026-03-05 05:00:00+00:00,149.0170967065771,150.32963320643273,147.5071895803822,148.78024291992188,22969300.0,XOM
2026-03-06 05:00:00+00:00,151.13886167079949,151.78033504800396,147.99076470220882,149.22434997558594,21136400.0,XOM
2026-03-09 04:00:00+00:00,150.02371592586377,151.86915473890892,147.50719887090204,148.46446228027344,25532700.0,XOM
2026-03-10 04:00:00+00:00,147.2900868194475,148.42497928748784,145.76043801499983,146.18479919433594,19617600.0,XOM
2026-03-11 04:00:00+00:00,146.046624457752,149.8164529995664,145.72095615785696,149.5894775390625,15297400.0,XOM
2026-03-12 04:00:00+00:00,150.27042175538625,152.96456766631465,149.63882672348768,151.5138702392578,26054000.0,XOM
2026-03-13 04:00:00+00:00,152.27376248734015,154.82974744779892,150.97108926767592,154.06985473632812,22414100.0,XOM
2026-03-16 04:00:00+00:00,153.95143953087205,155.70806372597428,152.7277175392131,155.165283203125,22835600.0,XOM
2026-03-17 04:00:00+00:00,156.17188931021934,158.34299629210685,154.74093346250348,156.7245330810547,21592200.0,XOM
2026-03-18 04:00:00+00:00,157.56337795891957,158.07653857282673,155.46134390714047,155.5205535888672,18947100.0,XOM
2026-03-19 04:00:00+00:00,156.181761895178,157.46469361601712,152.80667432886895,156.0830841064453,27082700.0,XOM
2026-03-20 04:00:00+00:00,157.25745219688022,160.3068712918422,157.01073514922803,157.5732421875,53942100.0,XOM
2026-03-23 04:00:00+00:00,154.06986435705824,159.30026902536085,152.9843183312989,159.0140838623047,25021300.0,XOM
2026-03-24 04:00:00+00:00,159.58646273652485,165.2806813902276,159.13249674027693,163.20826721191406,26131800.0,XOM
2026-03-25 04:00:00+00:00,161.71809435727107,162.83326029190215,160.79043579838304,161.11610412597656,17192300.0,XOM
2026-03-26 04:00:00+00:00,161.9351991047626,163.50431592661914,159.9318578661477,163.25759887695312,18625200.0,XOM
2026-03-27 04:00:00+00:00,163.4056378300655,168.98143711851466,162.63588184124913,168.74459838867188,30338300.0,XOM
2026-03-30 04:00:00+00:00,170.2446285433427,174.09342357607832,168.80380939743299,169.21829223632812,29813500.0,XOM
2026-03-31 04:00:00+00:00,170.40252029916738,172.09007144795677,163.79050675840085,167.4320526123047,32006700.0,XOM
2026-04-01 04:00:00+00:00,163.59314847597437,165.79386038255356,157.43508538359336,158.66867065429688,37927600.0,XOM
2026-04-02 04:00:00+00:00,162.32995131495318,164.70829216920555,157.4942882287153,158.57984924316406,25377700.0,XOM
2026-04-06 04:00:00+00:00,158.46143620148837,161.59966989102813,157.4350848271786,161.2246551513672,16344300.0,XOM
2026-04-07 04:00:00+00:00,162.06349508840393,164.0569730451393,159.64567103873514,161.757568359375,25227500.0,XOM
2026-04-08 04:00:00+00:00,151.50400750448705,154.29684626632607,148.99735388970248,154.16854858398438,31311200.0,XOM
2026-04-09 04:00:00+00:00,154.80013554578184,157.1390081962723,152.2836188014346,153.0040283203125,25868400.0,XOM
2026-04-10 04:00:00+00:00,152.01717031912833,153.08298977804927,149.92501456184667,150.50726318359375,21065000.0,XOM
2026-04-13 04:00:00+00:00,152.244159041483,152.58955387101517,149.29341774875434,150.63555908203125,18685600.0,XOM
2026-04-14 04:00:00+00:00,148.09931479763057,148.13878289907458,144.79330037579695,147.28021240234375,18528200.0,XOM
2026-04-15 04:00:00+00:00,146.6486181452608,148.25720304523475,144.97093018596462,147.05322265625,15626500.0,XOM
2026-04-16 04:00:00+00:00,147.56639837260283,150.77371997111916,147.3887693274927,149.98422241210938,15191000.0,XOM
2026-04-17 04:00:00+00:00,142.9577294539512,144.87225619004138,140.10568093036503,144.51698303222656,28947400.0,XOM
2026-04-20 04:00:00+00:00,145.44462849031555,147.40848641370326,144.42815553036803,145.7406768798828,16354400.0,XOM
2026-04-21 04:00:00+00:00,145.43476869638585,146.8558613809694,144.31961781734506,146.41177368164062,17515900.0,XOM
2026-04-22 04:00:00+00:00,147.40849126178932,148.70128613345972,146.2341157498405,147.5367889404297,13738700.0,XOM
2026-04-23 04:00:00+00:00,147.88220528695376,149.24407315856882,146.54992719815058,148.5532684326172,12970400.0,XOM
2026-04-24 04:00:00+00:00,147.6749536212974,148.32629023309528,145.02027581191402,146.9545440673828,13735900.0,XOM
2026-04-27 04:00:00+00:00,147.20125131114554,149.19471405683467,146.02687584763237,146.24398803710938,13940800.0,XOM
2026-04-28 04:00:00+00:00,149.54013382081567,150.30988979505028,147.86246092975082,148.58287048339844,15173600.0,XOM
2026-04-29 04:00:00+00:00,150.02370608327118,152.9152226446687,149.0269595764905,152.63890075683594,14669100.0,XOM
2026-04-30 04:00:00+00:00,150.42831657823265,153.6455166348819,149.35263382507475,152.30337524414062,22885900.0,XOM
2026-05-01 04:00:00+00:00,150.60596441338373,152.97444219282582,149.14540361800823,150.74412536621094,15458200.0,XOM
2026-05-04 04:00:00+00:00,150.66515846041094,152.4415241398171,147.55652981525986,151.67176818847656,14238500.0,XOM
2026-05-05 04:00:00+00:00,151.0895365909912,153.250765430774,150.40859508241783,152.84616088867188,12494600.0,XOM
2026-05-06 04:00:00+00:00,147.11245676905406,148.3559053389129,145.15844679845733,146.73744201660156,20527000.0,XOM
2026-05-07 04:00:00+00:00,144.87224830738384,145.14857018638108,142.29652181797798,144.65513610839844,22509400.0,XOM
2026-05-08 04:00:00+00:00,143.9347293661345,144.5761876566039,142.03006595775787,142.67153930664062,19550100.0,XOM
2026-05-11 04:00:00+00:00,144.10249054277546,147.75389966236088,144.08274896354814,147.71441650390625,14849500.0,XOM
2026-05-12 04:00:00+00:00,149.26381574762087,149.8164595321171,147.80325502310743,148.65196228027344,16443100.0,XOM
2026-05-13 04:00:00+00:00,148.0894397413527,149.79671751167356,147.71442500651165,149.57962036132812,15772800.0,XOM
2026-05-14 04:00:00+00:00,149.905263382453,151.10924370941106,149.27366837965636,150.77371215820312,11331500.0,XOM
2026-05-15 04:00:00+00:00,152.7608516688576,156.98350935726506,152.01567678266807,156.90402221679688,27882400.0,XOM
2026-05-18 04:00:00+00:00,156.30788510753027,160.6895017397437,154.23131965292822,159.45748901367188,20065200.0,XOM
2026-05-19 04:00:00+00:00,160.46099405822483,162.2692924138743,158.612959712182,161.50424194335938,20715600.0,XOM
2026-05-20 04:00:00+00:00,160.57027775243373,162.62695246090524,155.2646364435186,155.27456665039062,18509700.0,XOM
2026-05-21 04:00:00+00:00,157.40080741244543,158.36456815663448,152.47272592771048,154.2909393310547,17061700.0,XOM
2026-05-22 04:00:00+00:00,153.039050982118,154.54927634853834,152.1845831622433,153.92332458496094,12948500.0,XOM
2026-05-26 04:00:00+00:00,152.51245412992614,153.55570196228766,148.50838244281752,148.84619140625,13057800.0,XOM
2026-05-27 04:00:00+00:00,146.2827985604971,147.73341239068998,144.812324315,146.948486328125,16241100.0,XOM
2026-05-28 04:00:00+00:00,148.37921962101078,149.2436327977562,145.9251091176085,146.01454162597656,14012500.0,XOM
2026-05-29 04:00:00+00:00,145.2494947353263,145.9847242712525,143.77902050285167,144.32546997070312,27959900.0,XOM
2026-06-01 04:00:00+00:00,146.07415816976595,148.6872278824595,146.05428259382654,148.41897583007812,16732100.0,XOM
2026-06-02 04:00:00+00:00,148.0712197861663,149.8596425847688,147.54463073444197,148.59780883789062,10462400.0,XOM
2026-06-03 04:00:00+00:00,149.6410600803893,153.91339931686977,149.05485944903873,151.5487060546875,14373000.0,XOM
2026-06-04 04:00:00+00:00,151.07178923986044,152.44290069957347,149.96892981929165,151.0618438720703,11799400.0,XOM
2026-06-05 04:00:00+00:00,151.0320404901442,151.15127878116928,148.33948372439218,148.9554901123047,16584000.0,XOM
2026-06-08 04:00:00+00:00,150.18751157814702,152.82045666526088,149.92917459257427,150.77371215820312,13870900.0,XOM
2026-06-09 04:00:00+00:00,149.93912891268184,150.1577147624696,146.82926081757435,147.95199584960938,18163500.0,XOM
2026-06-10 04:00:00+00:00,150.25706190677164,151.5089654358688,148.5978076229357,149.65098571777344,14596500.0,XOM
2026-06-11 04:00:00+00:00,151.32018657890387,151.5089666465856,145.47801049142424,145.6568603515625,17285800.0,XOM
2026-06-12 04:00:00+00:00,144.69309749283448,147.95199447310367,144.21617464648634,146.064208984375,17713100.0,XOM
2026-06-15 04:00:00+00:00,138.8409959581125,141.06657534019064,136.83398727052634,140.01339721679688,23631400.0,XOM
2026-06-16 04:00:00+00:00,139.28808771120796,141.2354695284117,139.07943207905402,140.9473419189453,18925400.0,XOM
2026-06-17 04:00:00+00:00,140.31145660572122,141.42424618882197,139.41725285653254,139.8345489501953,16663200.0,XOM
2026-06-18 04:00:00+00:00,137.43012951128387,137.5692282188612,134.97601897282365,136.92340087890625,48063400.0,XOM
2026-06-22 04:00:00+00:00,137.64870437324234,138.10575166092363,136.1384941196488,137.57916259765625,15783300.0,XOM
2026-06-23 04:00:00+00:00,138.56278739587265,139.486796941336,137.60895690836153,138.83103942871094,13699400.0,XOM
2026-06-24 04:00:00+00:00,136.23784244879812,136.75450130722126,134.7176868182312,136.01925659179688,16212900.0,XOM
2026-06-25 04:00:00+00:00,134.76735400327686,137.18172838415734,134.08179072030313,136.66506958007812,13288800.0,XOM
2026-06-26 04:00:00+00:00,136.08880152709986,136.6948776843146,135.04555369443563,135.66156005859375,22684200.0,XOM
2026-06-29 04:00:00+00:00,135.70132071428984,136.5061071911013,134.51897409848138,135.18466186523438,11972700.0,XOM
2026-06-30 04:00:00+00:00,135.6019469157409,136.4166786942443,134.45935154509178,135.8404083251953,28784000.0,XOM
2026-07-01 04:00:00+00:00,135.6516356483452,136.60546617741443,134.75743184534812,135.4032440185547,12433400.0,XOM
2026-07-02 04:00:00+00:00,136.26763463349974,138.24483735700704,135.45291801558523,136.20802307128906,13703300.0,XOM
2026-07-06 04:00:00+00:00,135.67150299991567,136.48621961272076,135.13496862214214,135.5622100830078,13915100.0,XOM
2026-07-07 04:00:00+00:00,137.6685743295943,140.82812374084455,137.24134800388697,140.7784423828125,14667800.0,XOM
2026-07-08 04:00:00+00:00,142.5171821025025,143.0636467131422,138.91053083290223,140.2220458984375,18291400.0,XOM
2026-07-09 04:00:00+00:00,138.7614962690738,139.14898658435814,136.2378289556867,136.57565307617188,14110200.0,XOM
2026-07-10 04:00:00+00:00,137.01282036043938,138.0759438396731,136.25771524478435,137.9865264892578,9753500.0,XOM
2026-07-13 04:00:00+00:00,140.013391594685,144.29566085231056,139.58616526996687,143.58029174804688,18724300.0,XOM
2026-07-14 04:00:00+00:00,144.57385127298625,145.06070430003604,142.9642784465353,144.15655517578125,16096400.0,XOM
2026-07-15 04:00:00+00:00,144.15656214651605,144.15656214651605,141.11625103370636,143.58029174804688,13444500.0,XOM
2026-07-16 04:00:00+00:00,144.3453443482853,145.92511149334146,143.62004502594374,145.0110321044922,13518000.0,XOM
2026-07-17 04:00:00+00:00,148.07121098589766,149.03497168229288,146.2231767306124,146.41195678710938,19031400.0,XOM
2026-07-20 04:00:00+00:00,145.55749846162485,148.13083216789195,145.28923125020256,147.40553283691406,12149200.0,XOM
2026-07-21 04:00:00+00:00,148.0513366306137,150.78364446729043,147.52474760584934,150.73397827148438,13145300.0,XOM
2026-07-22 04:00:00+00:00,152.87014400150304,153.80409894761962,151.96599483786918,153.4563446044922,13788700.0,XOM
2026-07-23 04:00:00+00:00,155.59251814100296,157.54984533591656,155.05598374734197,155.88064575195312,15822800.0,XOM
2026-07-24 04:00:00+00:00,155.98000972608443,157.6889453127249,154.67842488089144,155.93032836914062,12091600.0,XOM
2026-07-27 04:00:00+00:00,152.08523196835614,154.420104155216,151.51889178426083,153.7742919921875,13955800.0,XOM
2026-07-28 04:00:00+00:00,153.17815498792126,155.17521831898253,150.9028942324521,152.055419921875,16299900.0,XOM
2026-07-29 04:00:00+00:00,156.7053073348219,158.04662815474293,154.85727306502608,155.74154663085938,14571300.0,XOM
2026-07-30 04:00:00+00:00,154.09223405988436,156.76493053038882,153.53583921231603,155.96014404296875,12578100.0,XOM
2026-07-31 04:00:00+00:00,152.7509270772818,155.1553563125088,151.16121453071767,154.4399871826172,15714200.0,XOM
2026-08-03 04:00:00+00:00,152.4727263545316,154.90696132074848,151.66792473036153,154.0624237060547,14532800.0,XOM
2026-08-04 04:00:00+00:00,150.6445556868725,153.84384119554895,148.13083352442996,152.96951293945312,14347900.0,XOM
2026-08-05 04:00:00+00:00,154.04254552700252,154.04254552700252,150.17757239730147,150.6544952392578,12227500.0,XOM
2026-08-06 04:00:00+00:00,153.227835140774,153.87364733649875,150.8631418913171,153.84384155273438,11879100.0,XOM
2026-08-07 04:00:00+00:00,151.65799936147022,152.68137170710398,150.55513987163098,152.055419921875,18455200.0,XOM
2026-08-10 04:00:00+00:00,153.50603299447087,159.33826383030498,153.45635163451644,158.76199340820312,19761600.0,XOM
2026-08-11 04:00:00+00:00,158.6328281788065,160.62989135010667,158.2453378571924,158.7719268798828,13744500.0,XOM
2026-08-12 04:00:00+00:00,157.5299675257101,159.19915192536513,156.54633125837117,158.7222442626953,13219500.0,XOM
2026-08-13 04:00:00+00:00,157.0133139569994,158.73217976988673,156.4171679882901,157.58958435058594,10542800.0,XOM
2026-08-14 04:00:00+00:00,158.68251698441384,160.22253297554738,158.22546971049474,159.07000732421875,10231300.0,XOM
2026-08-17 04:00:00+00:00,160.10000610351562,162.50999450683594,159.08999633789062,161.4600067138672,12858100.0,XOM
2026-08-18 04:00:00+00:00,164.35000610351562,165.6699981689453,163.25,165.55999755859375,18952700.0,XOM
2026-08-19 04:00:00+00:00,166.07000732421875,168.2100067138672,164.66000366210938,164.77000427246094,13648900.0,XOM
2026-08-20 04:00:00+00:00,167.02000427246094,168.63999938964844,166.07000732421875,166.14999389648438,13803000.0,XOM
2026-08-21 04:00:00+00:00,166.5399932861328,168.0,164.61000061035156,165.11000061035156,14314300.0,XOM
2026-08-24 04:00:00+00:00,163.8699951171875,165.22000122070312,162.25,164.0500030517578,10842500.0,XOM
2026-08-25 04:00:00+00:00,161.4499969482422,162.80999755859375,160.4600067138672,160.63999938964844,17525300.0,XOM
2026-08-26 04:00:00+00:00,158.0,161.1300048828125,157.75999450683594,158.19000244140625,14838400.0,XOM
2026-08-27 04:00:00+00:00,157.6300048828125,158.19000244140625,156.13999938964844,156.44000244140625,14288500.0,XOM
2026-08-28 04:00:00+00:00,156.60000610351562,157.4199981689453,155.32000732421875,156.7100067138672,11352600.0,XOM
2026-08-31 04:00:00+00:00,159.94000244140625,161.58999633789062,158.74000549316406,160.9499969482422,18363400.0,XOM
2026-09-01 04:00:00+00:00,163.60000610351562,164.6999969482422,162.22000122070312,164.5500030517578,11381800.0,XOM
2026-09-02 04:00:00+00:00,163.92999267578125,165.02000427246094,162.75999450683594,164.14999389648438,11287000.0,XOM
2026-09-03 04:00:00+00:00,164.42999267578125,165.64999389648438,162.08999633789062,162.2100067138672,13755100.0,XOM
2026-09-04 04:00:00+00:00,161.02000427246094,161.47999572753906,159.16000366210938,159.47000122070312,16192900.0,XOM
